asset_key,symbol,chain,date_utc,timestamp_utc,price_usd,source,source_detail,confidence,fetched_at_utc,notes
DEGEN,DEGEN,global,2024-11-24,2024-11-24T23:59:59Z,0.01876711,defillama_coin_prices,coins.llama.fi/chart/coingecko:degen-base,medium,2026-07-07T07:16:07Z,CoinGecko coin id degen-base verified via API on this implementation pass. Mission 2 contract token is WDEGEN; USD price uses DEGEN.
DEGEN,DEGEN,global,2024-11-25,2024-11-25T23:59:59Z,0.0178523,defillama_coin_prices,coins.llama.fi/chart/coingecko:degen-base,medium,2026-07-07T07:16:07Z,CoinGecko coin id degen-base verified via API on this implementation pass. Mission 2 contract token is WDEGEN; USD price uses DEGEN.
DEGEN,DEGEN,global,2024-11-26,2024-11-26T23:59:54Z,0.01750616,defillama_coin_prices,coins.llama.fi/chart/coingecko:degen-base,medium,2026-07-07T07:16:07Z,CoinGecko coin id degen-base verified via API on this implementation pass. Mission 2 contract token is WDEGEN; USD price uses DEGEN.
DEGEN,DEGEN,global,2024-11-27,2024-11-27T23:59:54Z,0.02030684,defillama_coin_prices,coins.llama.fi/chart/coingecko:degen-base,medium,2026-07-07T07:16:07Z,CoinGecko coin id degen-base verified via API on this implementation pass. Mission 2 contract token is WDEGEN; USD price uses DEGEN.
DEGEN,DEGEN,global,2024-11-28,2024-11-28T23:59:59Z,0.01862316,defillama_coin_prices,coins.llama.fi/chart/coingecko:degen-base,medium,2026-07-07T07:16:07Z,CoinGecko coin id degen-base verified via API on this implementation pass. Mission 2 contract token is WDEGEN; USD price uses DEGEN.
DEGEN,DEGEN,global,2024-11-29,2024-11-29T23:59:58Z,0.01890393,defillama_coin_prices,coins.llama.fi/chart/coingecko:degen-base,medium,2026-07-07T07:16:07Z,CoinGecko coin id degen-base verified via API on this implementation pass. Mission 2 contract token is WDEGEN; USD price uses DEGEN.
DEGEN,DEGEN,global,2024-11-30,2024-11-30T23:59:57Z,0.01842338,defillama_coin_prices,coins.llama.fi/chart/coingecko:degen-base,medium,2026-07-07T07:16:07Z,CoinGecko coin id degen-base verified via API on this implementation pass. Mission 2 contract token is WDEGEN; USD price uses DEGEN.
DEGEN,DEGEN,global,2024-12-02,2024-12-02T00:00:04Z,0.01931275,defillama_coin_prices,coins.llama.fi/chart/coingecko:degen-base,medium,2026-07-07T07:16:07Z,CoinGecko coin id degen-base verified via API on this implementation pass. Mission 2 contract token is WDEGEN; USD price uses DEGEN.
DEGEN,DEGEN,global,2024-12-03,2024-12-03T00:00:05Z,0.01745452,defillama_coin_prices,coins.llama.fi/chart/coingecko:degen-base,medium,2026-07-07T07:16:07Z,CoinGecko coin id degen-base verified via API on this implementation pass. Mission 2 contract token is WDEGEN; USD price uses DEGEN.
DEGEN,DEGEN,global,2024-12-04,2024-12-04T23:59:58Z,0.0180868,defillama_coin_prices,coins.llama.fi/chart/coingecko:degen-base,medium,2026-07-07T07:16:07Z,CoinGecko coin id degen-base verified via API on this implementation pass. Mission 2 contract token is WDEGEN; USD price uses DEGEN.
DEGEN,DEGEN,global,2024-12-06,2024-12-06T00:00:02Z,0.0185974,defillama_coin_prices,coins.llama.fi/chart/coingecko:degen-base,medium,2026-07-07T07:16:07Z,CoinGecko coin id degen-base verified via API on this implementation pass. Mission 2 contract token is WDEGEN; USD price uses DEGEN.
DEGEN,DEGEN,global,2024-12-07,2024-12-07T00:00:02Z,0.01913129,defillama_coin_prices,coins.llama.fi/chart/coingecko:degen-base,medium,2026-07-07T07:16:07Z,CoinGecko coin id degen-base verified via API on this implementation pass. Mission 2 contract token is WDEGEN; USD price uses DEGEN.
DEGEN,DEGEN,global,2024-12-09,2024-12-09T00:00:00Z,0.02147679,defillama_coin_prices,coins.llama.fi/chart/coingecko:degen-base,medium,2026-07-07T07:16:07Z,CoinGecko coin id degen-base verified via API on this implementation pass. Mission 2 contract token is WDEGEN; USD price uses DEGEN.
DEGEN,DEGEN,global,2024-12-10,2024-12-10T23:59:59Z,0.01510605,defillama_coin_prices,coins.llama.fi/chart/coingecko:degen-base,medium,2026-07-07T07:16:07Z,CoinGecko coin id degen-base verified via API on this implementation pass. Mission 2 contract token is WDEGEN; USD price uses DEGEN.
DEGEN,DEGEN,global,2024-12-11,2024-12-11T23:59:57Z,0.0161859,defillama_coin_prices,coins.llama.fi/chart/coingecko:degen-base,medium,2026-07-07T07:16:07Z,CoinGecko coin id degen-base verified via API on this implementation pass. Mission 2 contract token is WDEGEN; USD price uses DEGEN.
DEGEN,DEGEN,global,2024-12-13,2024-12-13T00:01:16Z,0.0153947,defillama_coin_prices,coins.llama.fi/chart/coingecko:degen-base,medium,2026-07-07T07:16:07Z,CoinGecko coin id degen-base verified via API on this implementation pass. Mission 2 contract token is WDEGEN; USD price uses DEGEN.
DEGEN,DEGEN,global,2024-12-15,2024-12-15T00:00:01Z,0.01493484,defillama_coin_prices,coins.llama.fi/chart/coingecko:degen-base,medium,2026-07-07T07:16:07Z,CoinGecko coin id degen-base verified via API on this implementation pass. Mission 2 contract token is WDEGEN; USD price uses DEGEN.
DEGEN,DEGEN,global,2024-12-16,2024-12-16T00:00:08Z,0.01559736,defillama_coin_prices,coins.llama.fi/chart/coingecko:degen-base,medium,2026-07-07T07:16:07Z,CoinGecko coin id degen-base verified via API on this implementation pass. Mission 2 contract token is WDEGEN; USD price uses DEGEN.
DEGEN,DEGEN,global,2024-12-17,2024-12-17T23:59:57Z,0.01336568,defillama_coin_prices,coins.llama.fi/chart/coingecko:degen-base,medium,2026-07-07T07:16:07Z,CoinGecko coin id degen-base verified via API on this implementation pass. Mission 2 contract token is WDEGEN; USD price uses DEGEN.
DEGEN,DEGEN,global,2024-12-19,2024-12-19T00:00:00Z,0.01172869,defillama_coin_prices,coins.llama.fi/chart/coingecko:degen-base,medium,2026-07-07T07:16:07Z,CoinGecko coin id degen-base verified via API on this implementation pass. Mission 2 contract token is WDEGEN; USD price uses DEGEN.
DEGEN,DEGEN,global,2024-12-20,2024-12-20T23:59:59Z,0.01128372,defillama_coin_prices,coins.llama.fi/chart/coingecko:degen-base,medium,2026-07-07T07:16:07Z,CoinGecko coin id degen-base verified via API on this implementation pass. Mission 2 contract token is WDEGEN; USD price uses DEGEN.
DEGEN,DEGEN,global,2024-12-21,2024-12-21T23:59:45Z,0.01027771,defillama_coin_prices,coins.llama.fi/chart/coingecko:degen-base,medium,2026-07-07T07:16:07Z,CoinGecko coin id degen-base verified via API on this implementation pass. Mission 2 contract token is WDEGEN; USD price uses DEGEN.
DEGEN,DEGEN,global,2024-12-22,2024-12-22T23:59:59Z,0.01060346,defillama_coin_prices,coins.llama.fi/chart/coingecko:degen-base,medium,2026-07-07T07:16:07Z,CoinGecko coin id degen-base verified via API on this implementation pass. Mission 2 contract token is WDEGEN; USD price uses DEGEN.
DEGEN,DEGEN,global,2024-12-23,2024-12-23T23:59:56Z,0.01124939,defillama_coin_prices,coins.llama.fi/chart/coingecko:degen-base,medium,2026-07-07T07:16:07Z,CoinGecko coin id degen-base verified via API on this implementation pass. Mission 2 contract token is WDEGEN; USD price uses DEGEN.
DEGEN,DEGEN,global,2024-12-24,2024-12-24T23:59:59Z,0.01157874,defillama_coin_prices,coins.llama.fi/chart/coingecko:degen-base,medium,2026-07-07T07:16:07Z,CoinGecko coin id degen-base verified via API on this implementation pass. Mission 2 contract token is WDEGEN; USD price uses DEGEN.
DEGEN,DEGEN,global,2024-12-25,2024-12-25T23:59:59Z,0.01094785,defillama_coin_prices,coins.llama.fi/chart/coingecko:degen-base,medium,2026-07-07T07:16:07Z,CoinGecko coin id degen-base verified via API on this implementation pass. Mission 2 contract token is WDEGEN; USD price uses DEGEN.
DEGEN,DEGEN,global,2024-12-27,2024-12-27T00:00:02Z,0.00980364,defillama_coin_prices,coins.llama.fi/chart/coingecko:degen-base,medium,2026-07-07T07:16:07Z,CoinGecko coin id degen-base verified via API on this implementation pass. Mission 2 contract token is WDEGEN; USD price uses DEGEN.
DEGEN,DEGEN,global,2024-12-28,2024-12-28T00:00:03Z,0.01016362,defillama_coin_prices,coins.llama.fi/chart/coingecko:degen-base,medium,2026-07-07T07:16:07Z,CoinGecko coin id degen-base verified via API on this implementation pass. Mission 2 contract token is WDEGEN; USD price uses DEGEN.
DEGEN,DEGEN,global,2024-12-29,2024-12-29T23:59:58Z,0.00921479,defillama_coin_prices,coins.llama.fi/chart/coingecko:degen-base,medium,2026-07-07T07:16:07Z,CoinGecko coin id degen-base verified via API on this implementation pass. Mission 2 contract token is WDEGEN; USD price uses DEGEN.
DEGEN,DEGEN,global,2024-12-30,2024-12-30T23:59:49Z,0.00955557,defillama_coin_prices,coins.llama.fi/chart/coingecko:degen-base,medium,2026-07-07T07:16:07Z,CoinGecko coin id degen-base verified via API on this implementation pass. Mission 2 contract token is WDEGEN; USD price uses DEGEN.
DEGEN,DEGEN,global,2025-01-01,2025-01-01T00:00:00Z,0.00943857,defillama_coin_prices,coins.llama.fi/chart/coingecko:degen-base,medium,2026-07-07T07:16:07Z,CoinGecko coin id degen-base verified via API on this implementation pass. Mission 2 contract token is WDEGEN; USD price uses DEGEN.
DEGEN,DEGEN,global,2025-01-02,2025-01-02T23:59:56Z,0.00989765,defillama_coin_prices,coins.llama.fi/chart/coingecko:degen-base,medium,2026-07-07T07:16:07Z,CoinGecko coin id degen-base verified via API on this implementation pass. Mission 2 contract token is WDEGEN; USD price uses DEGEN.
DEGEN,DEGEN,global,2025-01-04,2025-01-04T00:00:03Z,0.01210573,defillama_coin_prices,coins.llama.fi/chart/coingecko:degen-base,medium,2026-07-07T07:16:07Z,CoinGecko coin id degen-base verified via API on this implementation pass. Mission 2 contract token is WDEGEN; USD price uses DEGEN.
DEGEN,DEGEN,global,2025-01-05,2025-01-05T00:00:01Z,0.01443991,defillama_coin_prices,coins.llama.fi/chart/coingecko:degen-base,medium,2026-07-07T07:16:07Z,CoinGecko coin id degen-base verified via API on this implementation pass. Mission 2 contract token is WDEGEN; USD price uses DEGEN.
DEGEN,DEGEN,global,2025-01-06,2025-01-06T00:00:00Z,0.01406074,defillama_coin_prices,coins.llama.fi/chart/coingecko:degen-base,medium,2026-07-07T07:16:07Z,CoinGecko coin id degen-base verified via API on this implementation pass. Mission 2 contract token is WDEGEN; USD price uses DEGEN.
DEGEN,DEGEN,global,2025-01-08,2025-01-08T00:00:03Z,0.01146258,defillama_coin_prices,coins.llama.fi/chart/coingecko:degen-base,medium,2026-07-07T07:16:07Z,CoinGecko coin id degen-base verified via API on this implementation pass. Mission 2 contract token is WDEGEN; USD price uses DEGEN.
DEGEN,DEGEN,global,2025-01-09,2025-01-09T00:00:02Z,0.01068718,defillama_coin_prices,coins.llama.fi/chart/coingecko:degen-base,medium,2026-07-07T07:16:07Z,CoinGecko coin id degen-base verified via API on this implementation pass. Mission 2 contract token is WDEGEN; USD price uses DEGEN.
DEGEN,DEGEN,global,2025-01-10,2025-01-10T00:00:02Z,0.00989896,defillama_coin_prices,coins.llama.fi/chart/coingecko:degen-base,medium,2026-07-07T07:16:07Z,CoinGecko coin id degen-base verified via API on this implementation pass. Mission 2 contract token is WDEGEN; USD price uses DEGEN.
DEGEN,DEGEN,global,2025-01-12,2025-01-12T00:00:00Z,0.00952905,defillama_coin_prices,coins.llama.fi/chart/coingecko:degen-base,medium,2026-07-07T07:16:07Z,CoinGecko coin id degen-base verified via API on this implementation pass. Mission 2 contract token is WDEGEN; USD price uses DEGEN.
DEGEN,DEGEN,global,2025-01-13,2025-01-13T00:00:03Z,0.0093608,defillama_coin_prices,coins.llama.fi/chart/coingecko:degen-base,medium,2026-07-07T07:16:07Z,CoinGecko coin id degen-base verified via API on this implementation pass. Mission 2 contract token is WDEGEN; USD price uses DEGEN.
DEGEN,DEGEN,global,2025-01-15,2025-01-15T00:00:00Z,0.00915333,defillama_coin_prices,coins.llama.fi/chart/coingecko:degen-base,medium,2026-07-07T07:16:07Z,CoinGecko coin id degen-base verified via API on this implementation pass. Mission 2 contract token is WDEGEN; USD price uses DEGEN.
DEGEN,DEGEN,global,2025-01-16,2025-01-16T23:59:46Z,0.00956337,defillama_coin_prices,coins.llama.fi/chart/coingecko:degen-base,medium,2026-07-07T07:16:07Z,CoinGecko coin id degen-base verified via API on this implementation pass. Mission 2 contract token is WDEGEN; USD price uses DEGEN.
DEGEN,DEGEN,global,2025-01-17,2025-01-17T23:59:54Z,0.01032649,defillama_coin_prices,coins.llama.fi/chart/coingecko:degen-base,medium,2026-07-07T07:16:07Z,CoinGecko coin id degen-base verified via API on this implementation pass. Mission 2 contract token is WDEGEN; USD price uses DEGEN.
DEGEN,DEGEN,global,2025-01-18,2025-01-18T23:59:56Z,0.00909497,defillama_coin_prices,coins.llama.fi/chart/coingecko:degen-base,medium,2026-07-07T07:16:07Z,CoinGecko coin id degen-base verified via API on this implementation pass. Mission 2 contract token is WDEGEN; USD price uses DEGEN.
DEGEN,DEGEN,global,2025-01-19,2025-01-19T23:59:59Z,0.00811714,defillama_coin_prices,coins.llama.fi/chart/coingecko:degen-base,medium,2026-07-07T07:16:07Z,CoinGecko coin id degen-base verified via API on this implementation pass. Mission 2 contract token is WDEGEN; USD price uses DEGEN.
DEGEN,DEGEN,global,2025-01-20,2025-01-20T23:59:55Z,0.00767325,defillama_coin_prices,coins.llama.fi/chart/coingecko:degen-base,medium,2026-07-07T07:16:07Z,CoinGecko coin id degen-base verified via API on this implementation pass. Mission 2 contract token is WDEGEN; USD price uses DEGEN.
DEGEN,DEGEN,global,2025-01-22,2025-01-22T00:00:02Z,0.00781061,defillama_coin_prices,coins.llama.fi/chart/coingecko:degen-base,medium,2026-07-07T07:16:07Z,CoinGecko coin id degen-base verified via API on this implementation pass. Mission 2 contract token is WDEGEN; USD price uses DEGEN.
DEGEN,DEGEN,global,2025-01-24,2025-01-24T00:00:01Z,0.00743641,defillama_coin_prices,coins.llama.fi/chart/coingecko:degen-base,medium,2026-07-07T07:16:07Z,CoinGecko coin id degen-base verified via API on this implementation pass. Mission 2 contract token is WDEGEN; USD price uses DEGEN.
DEGEN,DEGEN,global,2025-01-25,2025-01-25T00:00:02Z,0.00706077,defillama_coin_prices,coins.llama.fi/chart/coingecko:degen-base,medium,2026-07-07T07:16:07Z,CoinGecko coin id degen-base verified via API on this implementation pass. Mission 2 contract token is WDEGEN; USD price uses DEGEN.
DEGEN,DEGEN,global,2025-01-26,2025-01-26T23:59:59Z,0.00788235,defillama_coin_prices,coins.llama.fi/chart/coingecko:degen-base,medium,2026-07-07T07:16:07Z,CoinGecko coin id degen-base verified via API on this implementation pass. Mission 2 contract token is WDEGEN; USD price uses DEGEN.
DEGEN,DEGEN,global,2025-01-27,2025-01-27T23:59:56Z,0.00674975,defillama_coin_prices,coins.llama.fi/chart/coingecko:degen-base,medium,2026-07-07T07:16:07Z,CoinGecko coin id degen-base verified via API on this implementation pass. Mission 2 contract token is WDEGEN; USD price uses DEGEN.
DEGEN,DEGEN,global,2025-01-29,2025-01-29T00:00:02Z,0.0057302,defillama_coin_prices,coins.llama.fi/chart/coingecko:degen-base,medium,2026-07-07T07:16:07Z,CoinGecko coin id degen-base verified via API on this implementation pass. Mission 2 contract token is WDEGEN; USD price uses DEGEN.
DEGEN,DEGEN,global,2025-01-30,2025-01-30T23:59:58Z,0.00653264,defillama_coin_prices,coins.llama.fi/chart/coingecko:degen-base,medium,2026-07-07T07:16:07Z,CoinGecko coin id degen-base verified via API on this implementation pass. Mission 2 contract token is WDEGEN; USD price uses DEGEN.
DEGEN,DEGEN,global,2025-02-01,2025-02-01T00:00:06Z,0.00681995,defillama_coin_prices,coins.llama.fi/chart/coingecko:degen-base,medium,2026-07-07T07:16:07Z,CoinGecko coin id degen-base verified via API on this implementation pass. Mission 2 contract token is WDEGEN; USD price uses DEGEN.
DEGEN,DEGEN,global,2025-02-02,2025-02-02T00:00:06Z,0.00573332,defillama_coin_prices,coins.llama.fi/chart/coingecko:degen-base,medium,2026-07-07T07:16:07Z,CoinGecko coin id degen-base verified via API on this implementation pass. Mission 2 contract token is WDEGEN; USD price uses DEGEN.
DEGEN,DEGEN,global,2025-02-03,2025-02-03T00:00:05Z,0.0048391,defillama_coin_prices,coins.llama.fi/chart/coingecko:degen-base,medium,2026-07-07T07:16:07Z,CoinGecko coin id degen-base verified via API on this implementation pass. Mission 2 contract token is WDEGEN; USD price uses DEGEN.
DEGEN,DEGEN,global,2025-02-05,2025-02-05T23:59:51Z,0.0041403,defillama_coin_prices,coins.llama.fi/chart/coingecko:degen-base,medium,2026-07-07T07:16:07Z,CoinGecko coin id degen-base verified via API on this implementation pass. Mission 2 contract token is WDEGEN; USD price uses DEGEN.
DEGEN,DEGEN,global,2025-02-07,2025-02-07T00:00:05Z,0.00368057,defillama_coin_prices,coins.llama.fi/chart/coingecko:degen-base,medium,2026-07-07T07:16:07Z,CoinGecko coin id degen-base verified via API on this implementation pass. Mission 2 contract token is WDEGEN; USD price uses DEGEN.
DEGEN,DEGEN,global,2025-02-08,2025-02-08T00:00:00Z,0.00364797,defillama_coin_prices,coins.llama.fi/chart/coingecko:degen-base,medium,2026-07-07T07:16:07Z,CoinGecko coin id degen-base verified via API on this implementation pass. Mission 2 contract token is WDEGEN; USD price uses DEGEN.
DEGEN,DEGEN,global,2025-02-09,2025-02-09T00:00:07Z,0.00410141,defillama_coin_prices,coins.llama.fi/chart/coingecko:degen-base,medium,2026-07-07T07:16:07Z,CoinGecko coin id degen-base verified via API on this implementation pass. Mission 2 contract token is WDEGEN; USD price uses DEGEN.
DEGEN,DEGEN,global,2025-02-10,2025-02-10T00:00:05Z,0.00393097,defillama_coin_prices,coins.llama.fi/chart/coingecko:degen-base,medium,2026-07-07T07:16:07Z,CoinGecko coin id degen-base verified via API on this implementation pass. Mission 2 contract token is WDEGEN; USD price uses DEGEN.
DEGEN,DEGEN,global,2025-02-11,2025-02-11T00:00:04Z,0.00399227,defillama_coin_prices,coins.llama.fi/chart/coingecko:degen-base,medium,2026-07-07T07:16:07Z,CoinGecko coin id degen-base verified via API on this implementation pass. Mission 2 contract token is WDEGEN; USD price uses DEGEN.
DEGEN,DEGEN,global,2025-02-13,2025-02-13T00:00:07Z,0.00421767,defillama_coin_prices,coins.llama.fi/chart/coingecko:degen-base,medium,2026-07-07T07:16:07Z,CoinGecko coin id degen-base verified via API on this implementation pass. Mission 2 contract token is WDEGEN; USD price uses DEGEN.
DEGEN,DEGEN,global,2025-02-14,2025-02-14T23:59:59Z,0.00434045,defillama_coin_prices,coins.llama.fi/chart/coingecko:degen-base,medium,2026-07-07T07:16:07Z,CoinGecko coin id degen-base verified via API on this implementation pass. Mission 2 contract token is WDEGEN; USD price uses DEGEN.
DEGEN,DEGEN,global,2025-02-16,2025-02-16T00:00:01Z,0.00409185,defillama_coin_prices,coins.llama.fi/chart/coingecko:degen-base,medium,2026-07-07T07:16:07Z,CoinGecko coin id degen-base verified via API on this implementation pass. Mission 2 contract token is WDEGEN; USD price uses DEGEN.
DEGEN,DEGEN,global,2025-02-17,2025-02-17T00:00:09Z,0.00418543,defillama_coin_prices,coins.llama.fi/chart/coingecko:degen-base,medium,2026-07-07T07:16:07Z,CoinGecko coin id degen-base verified via API on this implementation pass. Mission 2 contract token is WDEGEN; USD price uses DEGEN.
DEGEN,DEGEN,global,2025-02-18,2025-02-18T00:00:00Z,0.00416143,defillama_coin_prices,coins.llama.fi/chart/coingecko:degen-base,medium,2026-07-07T07:16:07Z,CoinGecko coin id degen-base verified via API on this implementation pass. Mission 2 contract token is WDEGEN; USD price uses DEGEN.
DEGEN,DEGEN,global,2025-02-19,2025-02-19T00:00:00Z,0.00386213,defillama_coin_prices,coins.llama.fi/chart/coingecko:degen-base,medium,2026-07-07T07:16:07Z,CoinGecko coin id degen-base verified via API on this implementation pass. Mission 2 contract token is WDEGEN; USD price uses DEGEN.
DEGEN,DEGEN,global,2025-02-20,2025-02-20T00:00:06Z,0.0038231,defillama_coin_prices,coins.llama.fi/chart/coingecko:degen-base,medium,2026-07-07T07:16:07Z,CoinGecko coin id degen-base verified via API on this implementation pass. Mission 2 contract token is WDEGEN; USD price uses DEGEN.
DEGEN,DEGEN,global,2025-02-21,2025-02-21T00:00:06Z,0.00422739,defillama_coin_prices,coins.llama.fi/chart/coingecko:degen-base,medium,2026-07-07T07:16:07Z,CoinGecko coin id degen-base verified via API on this implementation pass. Mission 2 contract token is WDEGEN; USD price uses DEGEN.
DEGEN,DEGEN,global,2025-02-22,2025-02-22T00:00:00Z,0.00482915,defillama_coin_prices,coins.llama.fi/chart/coingecko:degen-base,medium,2026-07-07T07:16:07Z,CoinGecko coin id degen-base verified via API on this implementation pass. Mission 2 contract token is WDEGEN; USD price uses DEGEN.
DEGEN,DEGEN,global,2025-02-23,2025-02-23T00:00:01Z,0.00511015,defillama_coin_prices,coins.llama.fi/chart/coingecko:degen-base,medium,2026-07-07T07:16:07Z,CoinGecko coin id degen-base verified via API on this implementation pass. Mission 2 contract token is WDEGEN; USD price uses DEGEN.
DEGEN,DEGEN,global,2025-02-25,2025-02-25T00:00:06Z,0.00404761,defillama_coin_prices,coins.llama.fi/chart/coingecko:degen-base,medium,2026-07-07T07:16:07Z,CoinGecko coin id degen-base verified via API on this implementation pass. Mission 2 contract token is WDEGEN; USD price uses DEGEN.
DEGEN,DEGEN,global,2025-02-26,2025-02-26T00:00:05Z,0.00421291,defillama_coin_prices,coins.llama.fi/chart/coingecko:degen-base,medium,2026-07-07T07:16:07Z,CoinGecko coin id degen-base verified via API on this implementation pass. Mission 2 contract token is WDEGEN; USD price uses DEGEN.
DEGEN,DEGEN,global,2025-02-27,2025-02-27T00:00:04Z,0.00408624,defillama_coin_prices,coins.llama.fi/chart/coingecko:degen-base,medium,2026-07-07T07:16:07Z,CoinGecko coin id degen-base verified via API on this implementation pass. Mission 2 contract token is WDEGEN; USD price uses DEGEN.
DEGEN,DEGEN,global,2025-03-01,2025-03-01T00:00:05Z,0.00409302,defillama_coin_prices,coins.llama.fi/chart/coingecko:degen-base,medium,2026-07-07T07:16:07Z,CoinGecko coin id degen-base verified via API on this implementation pass. Mission 2 contract token is WDEGEN; USD price uses DEGEN.
DEGEN,DEGEN,global,2025-03-03,2025-03-03T00:00:02Z,0.00510915,defillama_coin_prices,coins.llama.fi/chart/coingecko:degen-base,medium,2026-07-07T07:16:07Z,CoinGecko coin id degen-base verified via API on this implementation pass. Mission 2 contract token is WDEGEN; USD price uses DEGEN.
DEGEN,DEGEN,global,2025-03-04,2025-03-04T00:00:04Z,0.00457372,defillama_coin_prices,coins.llama.fi/chart/coingecko:degen-base,medium,2026-07-07T07:16:07Z,CoinGecko coin id degen-base verified via API on this implementation pass. Mission 2 contract token is WDEGEN; USD price uses DEGEN.
DEGEN,DEGEN,global,2025-03-05,2025-03-05T00:00:04Z,0.00403595,defillama_coin_prices,coins.llama.fi/chart/coingecko:degen-base,medium,2026-07-07T07:16:07Z,CoinGecko coin id degen-base verified via API on this implementation pass. Mission 2 contract token is WDEGEN; USD price uses DEGEN.
DEGEN,DEGEN,global,2025-03-06,2025-03-06T23:59:59Z,0.00381749,defillama_coin_prices,coins.llama.fi/chart/coingecko:degen-base,medium,2026-07-07T07:16:07Z,CoinGecko coin id degen-base verified via API on this implementation pass. Mission 2 contract token is WDEGEN; USD price uses DEGEN.
DEGEN,DEGEN,global,2025-03-08,2025-03-08T00:00:02Z,0.00370069,defillama_coin_prices,coins.llama.fi/chart/coingecko:degen-base,medium,2026-07-07T07:16:07Z,CoinGecko coin id degen-base verified via API on this implementation pass. Mission 2 contract token is WDEGEN; USD price uses DEGEN.
DEGEN,DEGEN,global,2025-03-09,2025-03-09T23:59:54Z,0.00305005,defillama_coin_prices,coins.llama.fi/chart/coingecko:degen-base,medium,2026-07-07T07:16:07Z,CoinGecko coin id degen-base verified via API on this implementation pass. Mission 2 contract token is WDEGEN; USD price uses DEGEN.
DEGEN,DEGEN,global,2025-03-11,2025-03-11T00:00:00Z,0.00284699,defillama_coin_prices,coins.llama.fi/chart/coingecko:degen-base,medium,2026-07-07T07:16:07Z,CoinGecko coin id degen-base verified via API on this implementation pass. Mission 2 contract token is WDEGEN; USD price uses DEGEN.
DEGEN,DEGEN,global,2025-03-12,2025-03-12T23:59:58Z,0.00321167,defillama_coin_prices,coins.llama.fi/chart/coingecko:degen-base,medium,2026-07-07T07:16:07Z,CoinGecko coin id degen-base verified via API on this implementation pass. Mission 2 contract token is WDEGEN; USD price uses DEGEN.
DEGEN,DEGEN,global,2025-03-13,2025-03-13T23:59:57Z,0.00307567,defillama_coin_prices,coins.llama.fi/chart/coingecko:degen-base,medium,2026-07-07T07:16:07Z,CoinGecko coin id degen-base verified via API on this implementation pass. Mission 2 contract token is WDEGEN; USD price uses DEGEN.
DEGEN,DEGEN,global,2025-03-14,2025-03-14T23:59:57Z,0.00318436,defillama_coin_prices,coins.llama.fi/chart/coingecko:degen-base,medium,2026-07-07T07:16:07Z,CoinGecko coin id degen-base verified via API on this implementation pass. Mission 2 contract token is WDEGEN; USD price uses DEGEN.
DEGEN,DEGEN,global,2025-03-15,2025-03-15T23:59:07Z,0.00330458,defillama_coin_prices,coins.llama.fi/chart/coingecko:degen-base,medium,2026-07-07T07:16:07Z,CoinGecko coin id degen-base verified via API on this implementation pass. Mission 2 contract token is WDEGEN; USD price uses DEGEN.
DEGEN,DEGEN,global,2025-03-17,2025-03-17T00:00:03Z,0.00308955,defillama_coin_prices,coins.llama.fi/chart/coingecko:degen-base,medium,2026-07-07T07:16:07Z,CoinGecko coin id degen-base verified via API on this implementation pass. Mission 2 contract token is WDEGEN; USD price uses DEGEN.
DEGEN,DEGEN,global,2025-03-18,2025-03-18T00:00:03Z,0.0032326,defillama_coin_prices,coins.llama.fi/chart/coingecko:degen-base,medium,2026-07-07T07:16:07Z,CoinGecko coin id degen-base verified via API on this implementation pass. Mission 2 contract token is WDEGEN; USD price uses DEGEN.
DEGEN,DEGEN,global,2025-03-19,2025-03-19T00:00:01Z,0.00315119,defillama_coin_prices,coins.llama.fi/chart/coingecko:degen-base,medium,2026-07-07T07:16:07Z,CoinGecko coin id degen-base verified via API on this implementation pass. Mission 2 contract token is WDEGEN; USD price uses DEGEN.
DEGEN,DEGEN,global,2025-03-20,2025-03-20T23:59:55Z,0.00314017,defillama_coin_prices,coins.llama.fi/chart/coingecko:degen-base,medium,2026-07-07T07:16:07Z,CoinGecko coin id degen-base verified via API on this implementation pass. Mission 2 contract token is WDEGEN; USD price uses DEGEN.
DEGEN,DEGEN,global,2025-03-21,2025-03-21T23:59:59Z,0.00316119,defillama_coin_prices,coins.llama.fi/chart/coingecko:degen-base,medium,2026-07-07T07:16:07Z,CoinGecko coin id degen-base verified via API on this implementation pass. Mission 2 contract token is WDEGEN; USD price uses DEGEN.
DEGEN,DEGEN,global,2025-03-23,2025-03-23T00:00:08Z,0.0032953,defillama_coin_prices,coins.llama.fi/chart/coingecko:degen-base,medium,2026-07-07T07:16:07Z,CoinGecko coin id degen-base verified via API on this implementation pass. Mission 2 contract token is WDEGEN; USD price uses DEGEN.
DEGEN,DEGEN,global,2025-03-24,2025-03-24T00:00:00Z,0.00336561,defillama_coin_prices,coins.llama.fi/chart/coingecko:degen-base,medium,2026-07-07T07:16:07Z,CoinGecko coin id degen-base verified via API on this implementation pass. Mission 2 contract token is WDEGEN; USD price uses DEGEN.
DEGEN,DEGEN,global,2025-03-25,2025-03-25T00:00:01Z,0.00345732,defillama_coin_prices,coins.llama.fi/chart/coingecko:degen-base,medium,2026-07-07T07:16:07Z,CoinGecko coin id degen-base verified via API on this implementation pass. Mission 2 contract token is WDEGEN; USD price uses DEGEN.
DEGEN,DEGEN,global,2025-03-27,2025-03-27T00:00:03Z,0.00342129,defillama_coin_prices,coins.llama.fi/chart/coingecko:degen-base,medium,2026-07-07T07:16:07Z,CoinGecko coin id degen-base verified via API on this implementation pass. Mission 2 contract token is WDEGEN; USD price uses DEGEN.
DEGEN,DEGEN,global,2025-03-28,2025-03-28T00:00:00Z,0.00344,defillama_coin_prices,coins.llama.fi/chart/coingecko:degen-base,medium,2026-07-07T07:16:07Z,CoinGecko coin id degen-base verified via API on this implementation pass. Mission 2 contract token is WDEGEN; USD price uses DEGEN.
DEGEN,DEGEN,global,2025-03-30,2025-03-30T00:00:00Z,0.00291526,defillama_coin_prices,coins.llama.fi/chart/coingecko:degen-base,medium,2026-07-07T07:16:07Z,CoinGecko coin id degen-base verified via API on this implementation pass. Mission 2 contract token is WDEGEN; USD price uses DEGEN.
DEGEN,DEGEN,global,2025-03-31,2025-03-31T23:59:56Z,0.00287066,defillama_coin_prices,coins.llama.fi/chart/coingecko:degen-base,medium,2026-07-07T07:16:07Z,CoinGecko coin id degen-base verified via API on this implementation pass. Mission 2 contract token is WDEGEN; USD price uses DEGEN.
DEGEN,DEGEN,global,2025-04-02,2025-04-02T00:00:04Z,0.00290327,defillama_coin_prices,coins.llama.fi/chart/coingecko:degen-base,medium,2026-07-07T07:16:07Z,CoinGecko coin id degen-base verified via API on this implementation pass. Mission 2 contract token is WDEGEN; USD price uses DEGEN.
DEGEN,DEGEN,global,2025-04-03,2025-04-03T00:00:00Z,0.00266406,defillama_coin_prices,coins.llama.fi/chart/coingecko:degen-base,medium,2026-07-07T07:16:07Z,CoinGecko coin id degen-base verified via API on this implementation pass. Mission 2 contract token is WDEGEN; USD price uses DEGEN.
DEGEN,DEGEN,global,2025-04-04,2025-04-04T23:59:57Z,0.00258924,defillama_coin_prices,coins.llama.fi/chart/coingecko:degen-base,medium,2026-07-07T07:16:07Z,CoinGecko coin id degen-base verified via API on this implementation pass. Mission 2 contract token is WDEGEN; USD price uses DEGEN.
DEGEN,DEGEN,global,2025-04-06,2025-04-06T00:00:00Z,0.00253071,defillama_coin_prices,coins.llama.fi/chart/coingecko:degen-base,medium,2026-07-07T07:16:07Z,CoinGecko coin id degen-base verified via API on this implementation pass. Mission 2 contract token is WDEGEN; USD price uses DEGEN.
DEGEN,DEGEN,global,2025-04-08,2025-04-08T00:00:04Z,0.00209696,defillama_coin_prices,coins.llama.fi/chart/coingecko:degen-base,medium,2026-07-07T07:16:07Z,CoinGecko coin id degen-base verified via API on this implementation pass. Mission 2 contract token is WDEGEN; USD price uses DEGEN.
DEGEN,DEGEN,global,2025-04-09,2025-04-09T23:59:59Z,0.00219329,defillama_coin_prices,coins.llama.fi/chart/coingecko:degen-base,medium,2026-07-07T07:16:07Z,CoinGecko coin id degen-base verified via API on this implementation pass. Mission 2 contract token is WDEGEN; USD price uses DEGEN.
DEGEN,DEGEN,global,2025-04-10,2025-04-10T23:58:56Z,0.00203438,defillama_coin_prices,coins.llama.fi/chart/coingecko:degen-base,medium,2026-07-07T07:16:07Z,CoinGecko coin id degen-base verified via API on this implementation pass. Mission 2 contract token is WDEGEN; USD price uses DEGEN.
DEGEN,DEGEN,global,2025-04-11,2025-04-11T23:59:55Z,0.00219852,defillama_coin_prices,coins.llama.fi/chart/coingecko:degen-base,medium,2026-07-07T07:16:07Z,CoinGecko coin id degen-base verified via API on this implementation pass. Mission 2 contract token is WDEGEN; USD price uses DEGEN.
DEGEN,DEGEN,global,2025-04-13,2025-04-13T00:00:01Z,0.0024851,defillama_coin_prices,coins.llama.fi/chart/coingecko:degen-base,medium,2026-07-07T07:16:07Z,CoinGecko coin id degen-base verified via API on this implementation pass. Mission 2 contract token is WDEGEN; USD price uses DEGEN.
DEGEN,DEGEN,global,2025-04-14,2025-04-14T00:00:03Z,0.00227011,defillama_coin_prices,coins.llama.fi/chart/coingecko:degen-base,medium,2026-07-07T07:16:07Z,CoinGecko coin id degen-base verified via API on this implementation pass. Mission 2 contract token is WDEGEN; USD price uses DEGEN.
DEGEN,DEGEN,global,2025-04-15,2025-04-15T23:59:01Z,0.0021003,defillama_coin_prices,coins.llama.fi/chart/coingecko:degen-base,medium,2026-07-07T07:16:07Z,CoinGecko coin id degen-base verified via API on this implementation pass. Mission 2 contract token is WDEGEN; USD price uses DEGEN.
DEGEN,DEGEN,global,2025-04-16,2025-04-16T23:59:59Z,0.00216595,defillama_coin_prices,coins.llama.fi/chart/coingecko:degen-base,medium,2026-07-07T07:16:07Z,CoinGecko coin id degen-base verified via API on this implementation pass. Mission 2 contract token is WDEGEN; USD price uses DEGEN.
DEGEN,DEGEN,global,2025-04-18,2025-04-18T00:00:06Z,0.00230723,defillama_coin_prices,coins.llama.fi/chart/coingecko:degen-base,medium,2026-07-07T07:16:07Z,CoinGecko coin id degen-base verified via API on this implementation pass. Mission 2 contract token is WDEGEN; USD price uses DEGEN.
DEGEN,DEGEN,global,2025-04-19,2025-04-19T00:00:00Z,0.00227408,defillama_coin_prices,coins.llama.fi/chart/coingecko:degen-base,medium,2026-07-07T07:16:07Z,CoinGecko coin id degen-base verified via API on this implementation pass. Mission 2 contract token is WDEGEN; USD price uses DEGEN.
DEGEN,DEGEN,global,2025-04-20,2025-04-20T23:59:59Z,0.00255386,defillama_coin_prices,coins.llama.fi/chart/coingecko:degen-base,medium,2026-07-07T07:16:07Z,CoinGecko coin id degen-base verified via API on this implementation pass. Mission 2 contract token is WDEGEN; USD price uses DEGEN.
DEGEN,DEGEN,global,2025-04-21,2025-04-21T23:59:58Z,0.00258357,defillama_coin_prices,coins.llama.fi/chart/coingecko:degen-base,medium,2026-07-07T07:16:07Z,CoinGecko coin id degen-base verified via API on this implementation pass. Mission 2 contract token is WDEGEN; USD price uses DEGEN.
DEGEN,DEGEN,global,2025-04-23,2025-04-23T00:00:02Z,0.00307737,defillama_coin_prices,coins.llama.fi/chart/coingecko:degen-base,medium,2026-07-07T07:16:07Z,CoinGecko coin id degen-base verified via API on this implementation pass. Mission 2 contract token is WDEGEN; USD price uses DEGEN.
DEGEN,DEGEN,global,2025-04-24,2025-04-24T23:59:55Z,0.00296814,defillama_coin_prices,coins.llama.fi/chart/coingecko:degen-base,medium,2026-07-07T07:16:07Z,CoinGecko coin id degen-base verified via API on this implementation pass. Mission 2 contract token is WDEGEN; USD price uses DEGEN.
DEGEN,DEGEN,global,2025-04-25,2025-04-25T23:59:57Z,0.00320838,defillama_coin_prices,coins.llama.fi/chart/coingecko:degen-base,medium,2026-07-07T07:16:07Z,CoinGecko coin id degen-base verified via API on this implementation pass. Mission 2 contract token is WDEGEN; USD price uses DEGEN.
DEGEN,DEGEN,global,2025-04-26,2025-04-26T23:59:57Z,0.00328628,defillama_coin_prices,coins.llama.fi/chart/coingecko:degen-base,medium,2026-07-07T07:16:07Z,CoinGecko coin id degen-base verified via API on this implementation pass. Mission 2 contract token is WDEGEN; USD price uses DEGEN.
DEGEN,DEGEN,global,2025-04-27,2025-04-27T23:59:57Z,0.00310562,defillama_coin_prices,coins.llama.fi/chart/coingecko:degen-base,medium,2026-07-07T07:16:07Z,CoinGecko coin id degen-base verified via API on this implementation pass. Mission 2 contract token is WDEGEN; USD price uses DEGEN.
DEGEN,DEGEN,global,2025-04-28,2025-04-28T23:59:57Z,0.00315838,defillama_coin_prices,coins.llama.fi/chart/coingecko:degen-base,medium,2026-07-07T07:16:07Z,CoinGecko coin id degen-base verified via API on this implementation pass. Mission 2 contract token is WDEGEN; USD price uses DEGEN.
DEGEN,DEGEN,global,2025-04-29,2025-04-29T23:59:56Z,0.0029952,defillama_coin_prices,coins.llama.fi/chart/coingecko:degen-base,medium,2026-07-07T07:16:07Z,CoinGecko coin id degen-base verified via API on this implementation pass. Mission 2 contract token is WDEGEN; USD price uses DEGEN.
DEGEN,DEGEN,global,2025-04-30,2025-04-30T23:59:53Z,0.00297602,defillama_coin_prices,coins.llama.fi/chart/coingecko:degen-base,medium,2026-07-07T07:16:07Z,CoinGecko coin id degen-base verified via API on this implementation pass. Mission 2 contract token is WDEGEN; USD price uses DEGEN.
DEGEN,DEGEN,global,2025-05-01,2025-05-01T23:59:57Z,0.00312234,defillama_coin_prices,coins.llama.fi/chart/coingecko:degen-base,medium,2026-07-07T07:16:07Z,CoinGecko coin id degen-base verified via API on this implementation pass. Mission 2 contract token is WDEGEN; USD price uses DEGEN.
DEGEN,DEGEN,global,2025-05-02,2025-05-02T23:59:59Z,0.00312036,defillama_coin_prices,coins.llama.fi/chart/coingecko:degen-base,medium,2026-07-07T07:16:07Z,CoinGecko coin id degen-base verified via API on this implementation pass. Mission 2 contract token is WDEGEN; USD price uses DEGEN.
DEGEN,DEGEN,global,2025-05-03,2025-05-03T23:58:57Z,0.00291304,defillama_coin_prices,coins.llama.fi/chart/coingecko:degen-base,medium,2026-07-07T07:16:07Z,CoinGecko coin id degen-base verified via API on this implementation pass. Mission 2 contract token is WDEGEN; USD price uses DEGEN.
DEGEN,DEGEN,global,2025-05-04,2025-05-04T23:59:05Z,0.0028328,defillama_coin_prices,coins.llama.fi/chart/coingecko:degen-base,medium,2026-07-07T07:16:07Z,CoinGecko coin id degen-base verified via API on this implementation pass. Mission 2 contract token is WDEGEN; USD price uses DEGEN.
DEGEN,DEGEN,global,2025-05-05,2025-05-05T23:59:58Z,0.00278168,defillama_coin_prices,coins.llama.fi/chart/coingecko:degen-base,medium,2026-07-07T07:16:07Z,CoinGecko coin id degen-base verified via API on this implementation pass. Mission 2 contract token is WDEGEN; USD price uses DEGEN.
DEGEN,DEGEN,global,2025-05-06,2025-05-06T23:58:59Z,0.00271528,defillama_coin_prices,coins.llama.fi/chart/coingecko:degen-base,medium,2026-07-07T07:16:07Z,CoinGecko coin id degen-base verified via API on this implementation pass. Mission 2 contract token is WDEGEN; USD price uses DEGEN.
DEGEN,DEGEN,global,2025-05-07,2025-05-07T23:59:05Z,0.00276815,defillama_coin_prices,coins.llama.fi/chart/coingecko:degen-base,medium,2026-07-07T07:16:07Z,CoinGecko coin id degen-base verified via API on this implementation pass. Mission 2 contract token is WDEGEN; USD price uses DEGEN.
DEGEN,DEGEN,global,2025-05-08,2025-05-08T23:59:58Z,0.00344866,defillama_coin_prices,coins.llama.fi/chart/coingecko:degen-base,medium,2026-07-07T07:16:07Z,CoinGecko coin id degen-base verified via API on this implementation pass. Mission 2 contract token is WDEGEN; USD price uses DEGEN.
DEGEN,DEGEN,global,2025-05-10,2025-05-10T00:00:01Z,0.00387869,defillama_coin_prices,coins.llama.fi/chart/coingecko:degen-base,medium,2026-07-07T07:16:07Z,CoinGecko coin id degen-base verified via API on this implementation pass. Mission 2 contract token is WDEGEN; USD price uses DEGEN.
DEGEN,DEGEN,global,2025-05-11,2025-05-11T00:00:00Z,0.00427192,defillama_coin_prices,coins.llama.fi/chart/coingecko:degen-base,medium,2026-07-07T07:16:07Z,CoinGecko coin id degen-base verified via API on this implementation pass. Mission 2 contract token is WDEGEN; USD price uses DEGEN.
DEGEN,DEGEN,global,2025-05-12,2025-05-12T00:00:03Z,0.00394901,defillama_coin_prices,coins.llama.fi/chart/coingecko:degen-base,medium,2026-07-07T07:16:07Z,CoinGecko coin id degen-base verified via API on this implementation pass. Mission 2 contract token is WDEGEN; USD price uses DEGEN.
DEGEN,DEGEN,global,2025-05-13,2025-05-13T23:59:59Z,0.00765604,defillama_coin_prices,coins.llama.fi/chart/coingecko:degen-base,medium,2026-07-07T07:16:07Z,CoinGecko coin id degen-base verified via API on this implementation pass. Mission 2 contract token is WDEGEN; USD price uses DEGEN.
DEGEN,DEGEN,global,2025-05-14,2025-05-14T23:59:58Z,0.0060216,defillama_coin_prices,coins.llama.fi/chart/coingecko:degen-base,medium,2026-07-07T07:16:07Z,CoinGecko coin id degen-base verified via API on this implementation pass. Mission 2 contract token is WDEGEN; USD price uses DEGEN.
DEGEN,DEGEN,global,2025-05-15,2025-05-15T23:59:53Z,0.005279,defillama_coin_prices,coins.llama.fi/chart/coingecko:degen-base,medium,2026-07-07T07:16:07Z,CoinGecko coin id degen-base verified via API on this implementation pass. Mission 2 contract token is WDEGEN; USD price uses DEGEN.
DEGEN,DEGEN,global,2025-05-17,2025-05-17T00:00:02Z,0.00517184,defillama_coin_prices,coins.llama.fi/chart/coingecko:degen-base,medium,2026-07-07T07:16:07Z,CoinGecko coin id degen-base verified via API on this implementation pass. Mission 2 contract token is WDEGEN; USD price uses DEGEN.
DEGEN,DEGEN,global,2025-05-18,2025-05-18T23:59:59Z,0.00579084,defillama_coin_prices,coins.llama.fi/chart/coingecko:degen-base,medium,2026-07-07T07:16:07Z,CoinGecko coin id degen-base verified via API on this implementation pass. Mission 2 contract token is WDEGEN; USD price uses DEGEN.
DEGEN,DEGEN,global,2025-05-19,2025-05-19T23:59:58Z,0.00572147,defillama_coin_prices,coins.llama.fi/chart/coingecko:degen-base,medium,2026-07-07T07:16:07Z,CoinGecko coin id degen-base verified via API on this implementation pass. Mission 2 contract token is WDEGEN; USD price uses DEGEN.
DEGEN,DEGEN,global,2025-05-20,2025-05-20T23:59:58Z,0.00608235,defillama_coin_prices,coins.llama.fi/chart/coingecko:degen-base,medium,2026-07-07T07:16:07Z,CoinGecko coin id degen-base verified via API on this implementation pass. Mission 2 contract token is WDEGEN; USD price uses DEGEN.
DEGEN,DEGEN,global,2025-05-21,2025-05-21T23:59:58Z,0.0061496,defillama_coin_prices,coins.llama.fi/chart/coingecko:degen-base,medium,2026-07-07T07:16:07Z,CoinGecko coin id degen-base verified via API on this implementation pass. Mission 2 contract token is WDEGEN; USD price uses DEGEN.
DEGEN,DEGEN,global,2025-05-22,2025-05-22T23:59:57Z,0.00631592,defillama_coin_prices,coins.llama.fi/chart/coingecko:degen-base,medium,2026-07-07T07:16:07Z,CoinGecko coin id degen-base verified via API on this implementation pass. Mission 2 contract token is WDEGEN; USD price uses DEGEN.
DEGEN,DEGEN,global,2025-05-23,2025-05-23T23:59:56Z,0.00539469,defillama_coin_prices,coins.llama.fi/chart/coingecko:degen-base,medium,2026-07-07T07:16:07Z,CoinGecko coin id degen-base verified via API on this implementation pass. Mission 2 contract token is WDEGEN; USD price uses DEGEN.
DEGEN,DEGEN,global,2025-05-24,2025-05-24T23:59:55Z,0.00544332,defillama_coin_prices,coins.llama.fi/chart/coingecko:degen-base,medium,2026-07-07T07:16:07Z,CoinGecko coin id degen-base verified via API on this implementation pass. Mission 2 contract token is WDEGEN; USD price uses DEGEN.
DEGEN,DEGEN,global,2025-05-25,2025-05-25T23:59:45Z,0.0055125,defillama_coin_prices,coins.llama.fi/chart/coingecko:degen-base,medium,2026-07-07T07:16:07Z,CoinGecko coin id degen-base verified via API on this implementation pass. Mission 2 contract token is WDEGEN; USD price uses DEGEN.
DEGEN,DEGEN,global,2025-05-26,2025-05-26T23:59:58Z,0.00560587,defillama_coin_prices,coins.llama.fi/chart/coingecko:degen-base,medium,2026-07-07T07:16:07Z,CoinGecko coin id degen-base verified via API on this implementation pass. Mission 2 contract token is WDEGEN; USD price uses DEGEN.
DEGEN,DEGEN,global,2025-05-28,2025-05-28T00:00:02Z,0.00557131,defillama_coin_prices,coins.llama.fi/chart/coingecko:degen-base,medium,2026-07-07T07:16:07Z,CoinGecko coin id degen-base verified via API on this implementation pass. Mission 2 contract token is WDEGEN; USD price uses DEGEN.
DEGEN,DEGEN,global,2025-05-30,2025-05-30T00:00:02Z,0.00512704,defillama_coin_prices,coins.llama.fi/chart/coingecko:degen-base,medium,2026-07-07T07:16:07Z,CoinGecko coin id degen-base verified via API on this implementation pass. Mission 2 contract token is WDEGEN; USD price uses DEGEN.
DEGEN,DEGEN,global,2025-05-31,2025-05-31T00:00:04Z,0.00426023,defillama_coin_prices,coins.llama.fi/chart/coingecko:degen-base,medium,2026-07-07T07:16:07Z,CoinGecko coin id degen-base verified via API on this implementation pass. Mission 2 contract token is WDEGEN; USD price uses DEGEN.
DEGEN,DEGEN,global,2025-06-01,2025-06-01T23:59:57Z,0.00470269,defillama_coin_prices,coins.llama.fi/chart/coingecko:degen-base,medium,2026-07-07T07:16:07Z,CoinGecko coin id degen-base verified via API on this implementation pass. Mission 2 contract token is WDEGEN; USD price uses DEGEN.
DEGEN,DEGEN,global,2025-06-02,2025-06-02T23:59:59Z,0.00463554,defillama_coin_prices,coins.llama.fi/chart/coingecko:degen-base,medium,2026-07-07T07:16:07Z,CoinGecko coin id degen-base verified via API on this implementation pass. Mission 2 contract token is WDEGEN; USD price uses DEGEN.
DEGEN,DEGEN,global,2025-06-03,2025-06-03T23:59:59Z,0.00459504,defillama_coin_prices,coins.llama.fi/chart/coingecko:degen-base,medium,2026-07-07T07:16:07Z,CoinGecko coin id degen-base verified via API on this implementation pass. Mission 2 contract token is WDEGEN; USD price uses DEGEN.
DEGEN,DEGEN,global,2025-06-04,2025-06-04T23:59:56Z,0.00454544,defillama_coin_prices,coins.llama.fi/chart/coingecko:degen-base,medium,2026-07-07T07:16:07Z,CoinGecko coin id degen-base verified via API on this implementation pass. Mission 2 contract token is WDEGEN; USD price uses DEGEN.
DEGEN,DEGEN,global,2025-06-05,2025-06-05T23:59:59Z,0.00403038,defillama_coin_prices,coins.llama.fi/chart/coingecko:degen-base,medium,2026-07-07T07:16:07Z,CoinGecko coin id degen-base verified via API on this implementation pass. Mission 2 contract token is WDEGEN; USD price uses DEGEN.
DEGEN,DEGEN,global,2025-06-06,2025-06-06T23:59:57Z,0.00400451,defillama_coin_prices,coins.llama.fi/chart/coingecko:degen-base,medium,2026-07-07T07:16:07Z,CoinGecko coin id degen-base verified via API on this implementation pass. Mission 2 contract token is WDEGEN; USD price uses DEGEN.
DEGEN,DEGEN,global,2025-06-07,2025-06-07T23:59:57Z,0.0043366,defillama_coin_prices,coins.llama.fi/chart/coingecko:degen-base,medium,2026-07-07T07:16:07Z,CoinGecko coin id degen-base verified via API on this implementation pass. Mission 2 contract token is WDEGEN; USD price uses DEGEN.
DEGEN,DEGEN,global,2025-06-09,2025-06-09T00:00:04Z,0.00426803,defillama_coin_prices,coins.llama.fi/chart/coingecko:degen-base,medium,2026-07-07T07:16:07Z,CoinGecko coin id degen-base verified via API on this implementation pass. Mission 2 contract token is WDEGEN; USD price uses DEGEN.
DEGEN,DEGEN,global,2025-06-11,2025-06-11T00:00:04Z,0.00484126,defillama_coin_prices,coins.llama.fi/chart/coingecko:degen-base,medium,2026-07-07T07:16:07Z,CoinGecko coin id degen-base verified via API on this implementation pass. Mission 2 contract token is WDEGEN; USD price uses DEGEN.
DEGEN,DEGEN,global,2025-06-12,2025-06-12T23:59:59Z,0.00403204,defillama_coin_prices,coins.llama.fi/chart/coingecko:degen-base,medium,2026-07-07T07:16:07Z,CoinGecko coin id degen-base verified via API on this implementation pass. Mission 2 contract token is WDEGEN; USD price uses DEGEN.
DEGEN,DEGEN,global,2025-06-14,2025-06-14T00:00:03Z,0.00401394,defillama_coin_prices,coins.llama.fi/chart/coingecko:degen-base,medium,2026-07-07T07:16:07Z,CoinGecko coin id degen-base verified via API on this implementation pass. Mission 2 contract token is WDEGEN; USD price uses DEGEN.
DEGEN,DEGEN,global,2025-06-15,2025-06-15T23:58:56Z,0.00368169,defillama_coin_prices,coins.llama.fi/chart/coingecko:degen-base,medium,2026-07-07T07:16:07Z,CoinGecko coin id degen-base verified via API on this implementation pass. Mission 2 contract token is WDEGEN; USD price uses DEGEN.
DEGEN,DEGEN,global,2025-06-16,2025-06-16T23:59:55Z,0.0038532,defillama_coin_prices,coins.llama.fi/chart/coingecko:degen-base,medium,2026-07-07T07:16:07Z,CoinGecko coin id degen-base verified via API on this implementation pass. Mission 2 contract token is WDEGEN; USD price uses DEGEN.
DEGEN,DEGEN,global,2025-06-17,2025-06-17T23:59:56Z,0.00355798,defillama_coin_prices,coins.llama.fi/chart/coingecko:degen-base,medium,2026-07-07T07:16:07Z,CoinGecko coin id degen-base verified via API on this implementation pass. Mission 2 contract token is WDEGEN; USD price uses DEGEN.
DEGEN,DEGEN,global,2025-06-18,2025-06-18T23:59:57Z,0.00354463,defillama_coin_prices,coins.llama.fi/chart/coingecko:degen-base,medium,2026-07-07T07:16:07Z,CoinGecko coin id degen-base verified via API on this implementation pass. Mission 2 contract token is WDEGEN; USD price uses DEGEN.
DEGEN,DEGEN,global,2025-06-19,2025-06-19T23:59:04Z,0.00343702,defillama_coin_prices,coins.llama.fi/chart/coingecko:degen-base,medium,2026-07-07T07:16:07Z,CoinGecko coin id degen-base verified via API on this implementation pass. Mission 2 contract token is WDEGEN; USD price uses DEGEN.
DEGEN,DEGEN,global,2025-06-20,2025-06-20T23:58:55Z,0.00319339,defillama_coin_prices,coins.llama.fi/chart/coingecko:degen-base,medium,2026-07-07T07:16:07Z,CoinGecko coin id degen-base verified via API on this implementation pass. Mission 2 contract token is WDEGEN; USD price uses DEGEN.
DEGEN,DEGEN,global,2025-06-21,2025-06-21T23:58:57Z,0.00288287,defillama_coin_prices,coins.llama.fi/chart/coingecko:degen-base,medium,2026-07-07T07:16:07Z,CoinGecko coin id degen-base verified via API on this implementation pass. Mission 2 contract token is WDEGEN; USD price uses DEGEN.
DEGEN,DEGEN,global,2025-06-22,2025-06-22T23:59:54Z,0.00280209,defillama_coin_prices,coins.llama.fi/chart/coingecko:degen-base,medium,2026-07-07T07:16:07Z,CoinGecko coin id degen-base verified via API on this implementation pass. Mission 2 contract token is WDEGEN; USD price uses DEGEN.
DEGEN,DEGEN,global,2025-06-23,2025-06-23T23:59:58Z,0.00317696,defillama_coin_prices,coins.llama.fi/chart/coingecko:degen-base,medium,2026-07-07T07:16:07Z,CoinGecko coin id degen-base verified via API on this implementation pass. Mission 2 contract token is WDEGEN; USD price uses DEGEN.
DEGEN,DEGEN,global,2025-06-24,2025-06-24T23:58:55Z,0.0032174,defillama_coin_prices,coins.llama.fi/chart/coingecko:degen-base,medium,2026-07-07T07:16:07Z,CoinGecko coin id degen-base verified via API on this implementation pass. Mission 2 contract token is WDEGEN; USD price uses DEGEN.
DEGEN,DEGEN,global,2025-06-26,2025-06-26T00:59:04Z,0.00302391,defillama_coin_prices,coins.llama.fi/chart/coingecko:degen-base,medium,2026-07-07T07:16:07Z,CoinGecko coin id degen-base verified via API on this implementation pass. Mission 2 contract token is WDEGEN; USD price uses DEGEN.
DEGEN,DEGEN,global,2025-06-27,2025-06-27T23:59:02Z,0.00294445,defillama_coin_prices,coins.llama.fi/chart/coingecko:degen-base,medium,2026-07-07T07:16:07Z,CoinGecko coin id degen-base verified via API on this implementation pass. Mission 2 contract token is WDEGEN; USD price uses DEGEN.
DEGEN,DEGEN,global,2025-06-28,2025-06-28T23:58:56Z,0.00315518,defillama_coin_prices,coins.llama.fi/chart/coingecko:degen-base,medium,2026-07-07T07:16:07Z,CoinGecko coin id degen-base verified via API on this implementation pass. Mission 2 contract token is WDEGEN; USD price uses DEGEN.
DEGEN,DEGEN,global,2025-06-29,2025-06-29T23:58:59Z,0.0033524,defillama_coin_prices,coins.llama.fi/chart/coingecko:degen-base,medium,2026-07-07T07:16:07Z,CoinGecko coin id degen-base verified via API on this implementation pass. Mission 2 contract token is WDEGEN; USD price uses DEGEN.
DEGEN,DEGEN,global,2025-06-30,2025-06-30T23:59:00Z,0.00314702,defillama_coin_prices,coins.llama.fi/chart/coingecko:degen-base,medium,2026-07-07T07:16:07Z,CoinGecko coin id degen-base verified via API on this implementation pass. Mission 2 contract token is WDEGEN; USD price uses DEGEN.
DEGEN,DEGEN,global,2025-07-01,2025-07-01T23:58:57Z,0.00293818,defillama_coin_prices,coins.llama.fi/chart/coingecko:degen-base,medium,2026-07-07T07:16:07Z,CoinGecko coin id degen-base verified via API on this implementation pass. Mission 2 contract token is WDEGEN; USD price uses DEGEN.
DEGEN,DEGEN,global,2025-07-03,2025-07-03T00:06:22Z,0.00336976,defillama_coin_prices,coins.llama.fi/chart/coingecko:degen-base,medium,2026-07-07T07:16:07Z,CoinGecko coin id degen-base verified via API on this implementation pass. Mission 2 contract token is WDEGEN; USD price uses DEGEN.
DEGEN,DEGEN,global,2025-07-04,2025-07-04T23:59:04Z,0.00333553,defillama_coin_prices,coins.llama.fi/chart/coingecko:degen-base,medium,2026-07-07T07:16:07Z,CoinGecko coin id degen-base verified via API on this implementation pass. Mission 2 contract token is WDEGEN; USD price uses DEGEN.
DEGEN,DEGEN,global,2025-07-05,2025-07-05T23:58:59Z,0.00333488,defillama_coin_prices,coins.llama.fi/chart/coingecko:degen-base,medium,2026-07-07T07:16:07Z,CoinGecko coin id degen-base verified via API on this implementation pass. Mission 2 contract token is WDEGEN; USD price uses DEGEN.
DEGEN,DEGEN,global,2025-07-06,2025-07-06T23:59:59Z,0.00359228,defillama_coin_prices,coins.llama.fi/chart/coingecko:degen-base,medium,2026-07-07T07:16:07Z,CoinGecko coin id degen-base verified via API on this implementation pass. Mission 2 contract token is WDEGEN; USD price uses DEGEN.
DEGEN,DEGEN,global,2025-07-07,2025-07-07T23:59:52Z,0.00349845,defillama_coin_prices,coins.llama.fi/chart/coingecko:degen-base,medium,2026-07-07T07:16:07Z,CoinGecko coin id degen-base verified via API on this implementation pass. Mission 2 contract token is WDEGEN; USD price uses DEGEN.
DEGEN,DEGEN,global,2025-07-08,2025-07-08T23:59:58Z,0.00367966,defillama_coin_prices,coins.llama.fi/chart/coingecko:degen-base,medium,2026-07-07T07:16:07Z,CoinGecko coin id degen-base verified via API on this implementation pass. Mission 2 contract token is WDEGEN; USD price uses DEGEN.
DEGEN,DEGEN,global,2025-07-09,2025-07-09T23:59:56Z,0.00408249,defillama_coin_prices,coins.llama.fi/chart/coingecko:degen-base,medium,2026-07-07T07:16:07Z,CoinGecko coin id degen-base verified via API on this implementation pass. Mission 2 contract token is WDEGEN; USD price uses DEGEN.
DEGEN,DEGEN,global,2025-07-10,2025-07-10T23:59:43Z,0.00446111,defillama_coin_prices,coins.llama.fi/chart/coingecko:degen-base,medium,2026-07-07T07:16:07Z,CoinGecko coin id degen-base verified via API on this implementation pass. Mission 2 contract token is WDEGEN; USD price uses DEGEN.
DEGEN,DEGEN,global,2025-07-11,2025-07-11T23:59:53Z,0.00418152,defillama_coin_prices,coins.llama.fi/chart/coingecko:degen-base,medium,2026-07-07T07:16:07Z,CoinGecko coin id degen-base verified via API on this implementation pass. Mission 2 contract token is WDEGEN; USD price uses DEGEN.
DEGEN,DEGEN,global,2025-07-12,2025-07-12T23:59:56Z,0.00398805,defillama_coin_prices,coins.llama.fi/chart/coingecko:degen-base,medium,2026-07-07T07:16:07Z,CoinGecko coin id degen-base verified via API on this implementation pass. Mission 2 contract token is WDEGEN; USD price uses DEGEN.
DEGEN,DEGEN,global,2025-07-13,2025-07-13T23:59:53Z,0.00424971,defillama_coin_prices,coins.llama.fi/chart/coingecko:degen-base,medium,2026-07-07T07:16:07Z,CoinGecko coin id degen-base verified via API on this implementation pass. Mission 2 contract token is WDEGEN; USD price uses DEGEN.
DEGEN,DEGEN,global,2025-07-14,2025-07-14T23:59:53Z,0.00449278,defillama_coin_prices,coins.llama.fi/chart/coingecko:degen-base,medium,2026-07-07T07:16:07Z,CoinGecko coin id degen-base verified via API on this implementation pass. Mission 2 contract token is WDEGEN; USD price uses DEGEN.
DEGEN,DEGEN,global,2025-07-15,2025-07-15T23:59:54Z,0.00458374,defillama_coin_prices,coins.llama.fi/chart/coingecko:degen-base,medium,2026-07-07T07:16:07Z,CoinGecko coin id degen-base verified via API on this implementation pass. Mission 2 contract token is WDEGEN; USD price uses DEGEN.
DEGEN,DEGEN,global,2025-07-16,2025-07-16T23:59:53Z,0.00468404,defillama_coin_prices,coins.llama.fi/chart/coingecko:degen-base,medium,2026-07-07T07:16:07Z,CoinGecko coin id degen-base verified via API on this implementation pass. Mission 2 contract token is WDEGEN; USD price uses DEGEN.
DEGEN,DEGEN,global,2025-07-17,2025-07-17T23:59:56Z,0.00457435,defillama_coin_prices,coins.llama.fi/chart/coingecko:degen-base,medium,2026-07-07T07:16:07Z,CoinGecko coin id degen-base verified via API on this implementation pass. Mission 2 contract token is WDEGEN; USD price uses DEGEN.
DEGEN,DEGEN,global,2025-07-19,2025-07-19T00:00:00Z,0.00431698,defillama_coin_prices,coins.llama.fi/chart/coingecko:degen-base,medium,2026-07-07T07:16:07Z,CoinGecko coin id degen-base verified via API on this implementation pass. Mission 2 contract token is WDEGEN; USD price uses DEGEN.
DEGEN,DEGEN,global,2025-07-20,2025-07-20T23:57:33Z,0.00466173,defillama_coin_prices,coins.llama.fi/chart/coingecko:degen-base,medium,2026-07-07T07:16:07Z,CoinGecko coin id degen-base verified via API on this implementation pass. Mission 2 contract token is WDEGEN; USD price uses DEGEN.
DEGEN,DEGEN,global,2025-07-21,2025-07-21T23:59:54Z,0.00468875,defillama_coin_prices,coins.llama.fi/chart/coingecko:degen-base,medium,2026-07-07T07:16:07Z,CoinGecko coin id degen-base verified via API on this implementation pass. Mission 2 contract token is WDEGEN; USD price uses DEGEN.
DEGEN,DEGEN,global,2025-07-22,2025-07-22T23:59:56Z,0.00460551,defillama_coin_prices,coins.llama.fi/chart/coingecko:degen-base,medium,2026-07-07T07:16:07Z,CoinGecko coin id degen-base verified via API on this implementation pass. Mission 2 contract token is WDEGEN; USD price uses DEGEN.
DEGEN,DEGEN,global,2025-07-23,2025-07-23T23:59:55Z,0.00408151,defillama_coin_prices,coins.llama.fi/chart/coingecko:degen-base,medium,2026-07-07T07:16:07Z,CoinGecko coin id degen-base verified via API on this implementation pass. Mission 2 contract token is WDEGEN; USD price uses DEGEN.
DEGEN,DEGEN,global,2025-07-25,2025-07-25T00:00:04Z,0.00397279,defillama_coin_prices,coins.llama.fi/chart/coingecko:degen-base,medium,2026-07-07T07:16:07Z,CoinGecko coin id degen-base verified via API on this implementation pass. Mission 2 contract token is WDEGEN; USD price uses DEGEN.
DEGEN,DEGEN,global,2025-07-26,2025-07-26T00:00:02Z,0.00385473,defillama_coin_prices,coins.llama.fi/chart/coingecko:degen-base,medium,2026-07-07T07:16:07Z,CoinGecko coin id degen-base verified via API on this implementation pass. Mission 2 contract token is WDEGEN; USD price uses DEGEN.
DEGEN,DEGEN,global,2025-07-27,2025-07-27T23:59:58Z,0.00432607,defillama_coin_prices,coins.llama.fi/chart/coingecko:degen-base,medium,2026-07-07T07:16:07Z,CoinGecko coin id degen-base verified via API on this implementation pass. Mission 2 contract token is WDEGEN; USD price uses DEGEN.
DEGEN,DEGEN,global,2025-07-28,2025-07-28T23:59:58Z,0.00390142,defillama_coin_prices,coins.llama.fi/chart/coingecko:degen-base,medium,2026-07-07T07:16:07Z,CoinGecko coin id degen-base verified via API on this implementation pass. Mission 2 contract token is WDEGEN; USD price uses DEGEN.
DEGEN,DEGEN,global,2025-07-30,2025-07-30T00:00:03Z,0.00391775,defillama_coin_prices,coins.llama.fi/chart/coingecko:degen-base,medium,2026-07-07T07:16:07Z,CoinGecko coin id degen-base verified via API on this implementation pass. Mission 2 contract token is WDEGEN; USD price uses DEGEN.
DEGEN,DEGEN,global,2025-07-31,2025-07-31T00:00:05Z,0.00381274,defillama_coin_prices,coins.llama.fi/chart/coingecko:degen-base,medium,2026-07-07T07:16:07Z,CoinGecko coin id degen-base verified via API on this implementation pass. Mission 2 contract token is WDEGEN; USD price uses DEGEN.
DEGEN,DEGEN,global,2025-08-01,2025-08-01T00:00:03Z,0.00357188,defillama_coin_prices,coins.llama.fi/chart/coingecko:degen-base,medium,2026-07-07T07:16:07Z,CoinGecko coin id degen-base verified via API on this implementation pass. Mission 2 contract token is WDEGEN; USD price uses DEGEN.
DEGEN,DEGEN,global,2025-08-02,2025-08-02T00:00:03Z,0.00351011,defillama_coin_prices,coins.llama.fi/chart/coingecko:degen-base,medium,2026-07-07T07:16:07Z,CoinGecko coin id degen-base verified via API on this implementation pass. Mission 2 contract token is WDEGEN; USD price uses DEGEN.
DEGEN,DEGEN,global,2025-08-03,2025-08-03T23:59:04Z,0.00344778,defillama_coin_prices,coins.llama.fi/chart/coingecko:degen-base,medium,2026-07-07T07:16:07Z,CoinGecko coin id degen-base verified via API on this implementation pass. Mission 2 contract token is WDEGEN; USD price uses DEGEN.
DEGEN,DEGEN,global,2025-08-05,2025-08-05T00:00:04Z,0.00356782,defillama_coin_prices,coins.llama.fi/chart/coingecko:degen-base,medium,2026-07-07T07:16:07Z,CoinGecko coin id degen-base verified via API on this implementation pass. Mission 2 contract token is WDEGEN; USD price uses DEGEN.
DEGEN,DEGEN,global,2025-08-06,2025-08-06T00:00:07Z,0.00342901,defillama_coin_prices,coins.llama.fi/chart/coingecko:degen-base,medium,2026-07-07T07:16:07Z,CoinGecko coin id degen-base verified via API on this implementation pass. Mission 2 contract token is WDEGEN; USD price uses DEGEN.
DEGEN,DEGEN,global,2025-08-07,2025-08-07T00:00:04Z,0.00354763,defillama_coin_prices,coins.llama.fi/chart/coingecko:degen-base,medium,2026-07-07T07:16:07Z,CoinGecko coin id degen-base verified via API on this implementation pass. Mission 2 contract token is WDEGEN; USD price uses DEGEN.
DEGEN,DEGEN,global,2025-08-08,2025-08-08T00:00:04Z,0.00371432,defillama_coin_prices,coins.llama.fi/chart/coingecko:degen-base,medium,2026-07-07T07:16:07Z,CoinGecko coin id degen-base verified via API on this implementation pass. Mission 2 contract token is WDEGEN; USD price uses DEGEN.
DEGEN,DEGEN,global,2025-08-09,2025-08-09T00:00:05Z,0.00377697,defillama_coin_prices,coins.llama.fi/chart/coingecko:degen-base,medium,2026-07-07T07:16:07Z,CoinGecko coin id degen-base verified via API on this implementation pass. Mission 2 contract token is WDEGEN; USD price uses DEGEN.
DEGEN,DEGEN,global,2025-08-10,2025-08-10T00:00:02Z,0.00411419,defillama_coin_prices,coins.llama.fi/chart/coingecko:degen-base,medium,2026-07-07T07:16:07Z,CoinGecko coin id degen-base verified via API on this implementation pass. Mission 2 contract token is WDEGEN; USD price uses DEGEN.
DEGEN,DEGEN,global,2025-08-11,2025-08-11T00:00:04Z,0.00400584,defillama_coin_prices,coins.llama.fi/chart/coingecko:degen-base,medium,2026-07-07T07:16:07Z,CoinGecko coin id degen-base verified via API on this implementation pass. Mission 2 contract token is WDEGEN; USD price uses DEGEN.
DEGEN,DEGEN,global,2025-08-12,2025-08-12T00:00:06Z,0.00375135,defillama_coin_prices,coins.llama.fi/chart/coingecko:degen-base,medium,2026-07-07T07:16:07Z,CoinGecko coin id degen-base verified via API on this implementation pass. Mission 2 contract token is WDEGEN; USD price uses DEGEN.
DEGEN,DEGEN,global,2025-08-13,2025-08-13T00:00:04Z,0.0040841,defillama_coin_prices,coins.llama.fi/chart/coingecko:degen-base,medium,2026-07-07T07:16:07Z,CoinGecko coin id degen-base verified via API on this implementation pass. Mission 2 contract token is WDEGEN; USD price uses DEGEN.
DEGEN,DEGEN,global,2025-08-14,2025-08-14T00:00:01Z,0.00407331,defillama_coin_prices,coins.llama.fi/chart/coingecko:degen-base,medium,2026-07-07T07:16:07Z,CoinGecko coin id degen-base verified via API on this implementation pass. Mission 2 contract token is WDEGEN; USD price uses DEGEN.
DEGEN,DEGEN,global,2025-08-15,2025-08-15T00:00:04Z,0.0036593,defillama_coin_prices,coins.llama.fi/chart/coingecko:degen-base,medium,2026-07-07T07:16:07Z,CoinGecko coin id degen-base verified via API on this implementation pass. Mission 2 contract token is WDEGEN; USD price uses DEGEN.
DEGEN,DEGEN,global,2025-08-16,2025-08-16T23:59:05Z,0.00370421,defillama_coin_prices,coins.llama.fi/chart/coingecko:degen-base,medium,2026-07-07T07:16:07Z,CoinGecko coin id degen-base verified via API on this implementation pass. Mission 2 contract token is WDEGEN; USD price uses DEGEN.
DEGEN,DEGEN,global,2025-08-17,2025-08-17T23:59:03Z,0.0037339,defillama_coin_prices,coins.llama.fi/chart/coingecko:degen-base,medium,2026-07-07T07:16:07Z,CoinGecko coin id degen-base verified via API on this implementation pass. Mission 2 contract token is WDEGEN; USD price uses DEGEN.
DEGEN,DEGEN,global,2025-08-18,2025-08-18T23:59:05Z,0.00359186,defillama_coin_prices,coins.llama.fi/chart/coingecko:degen-base,medium,2026-07-07T07:16:07Z,CoinGecko coin id degen-base verified via API on this implementation pass. Mission 2 contract token is WDEGEN; USD price uses DEGEN.
DEGEN,DEGEN,global,2025-08-19,2025-08-19T23:58:58Z,0.00339824,defillama_coin_prices,coins.llama.fi/chart/coingecko:degen-base,medium,2026-07-07T07:16:07Z,CoinGecko coin id degen-base verified via API on this implementation pass. Mission 2 contract token is WDEGEN; USD price uses DEGEN.
DEGEN,DEGEN,global,2025-08-20,2025-08-20T23:59:02Z,0.00362403,defillama_coin_prices,coins.llama.fi/chart/coingecko:degen-base,medium,2026-07-07T07:16:07Z,CoinGecko coin id degen-base verified via API on this implementation pass. Mission 2 contract token is WDEGEN; USD price uses DEGEN.
DEGEN,DEGEN,global,2025-08-21,2025-08-21T23:58:59Z,0.00344246,defillama_coin_prices,coins.llama.fi/chart/coingecko:degen-base,medium,2026-07-07T07:16:07Z,CoinGecko coin id degen-base verified via API on this implementation pass. Mission 2 contract token is WDEGEN; USD price uses DEGEN.
DEGEN,DEGEN,global,2025-08-22,2025-08-22T23:59:53Z,0.00389571,defillama_coin_prices,coins.llama.fi/chart/coingecko:degen-base,medium,2026-07-07T07:16:07Z,CoinGecko coin id degen-base verified via API on this implementation pass. Mission 2 contract token is WDEGEN; USD price uses DEGEN.
DEGEN,DEGEN,global,2025-08-24,2025-08-24T00:01:32Z,0.003812267144012203,defillama_coin_prices,coins.llama.fi/chart/coingecko:degen-base,medium,2026-07-07T07:16:07Z,CoinGecko coin id degen-base verified via API on this implementation pass. Mission 2 contract token is WDEGEN; USD price uses DEGEN.
DEGEN,DEGEN,global,2025-08-25,2025-08-25T00:00:01Z,0.00369305,defillama_coin_prices,coins.llama.fi/chart/coingecko:degen-base,medium,2026-07-07T07:16:07Z,CoinGecko coin id degen-base verified via API on this implementation pass. Mission 2 contract token is WDEGEN; USD price uses DEGEN.
DEGEN,DEGEN,global,2025-08-26,2025-08-26T00:14:57Z,0.00328674,defillama_coin_prices,coins.llama.fi/chart/coingecko:degen-base,medium,2026-07-07T07:16:07Z,CoinGecko coin id degen-base verified via API on this implementation pass. Mission 2 contract token is WDEGEN; USD price uses DEGEN.
DEGEN,DEGEN,global,2025-08-27,2025-08-27T23:59:03Z,0.0034023,defillama_coin_prices,coins.llama.fi/chart/coingecko:degen-base,medium,2026-07-07T07:16:07Z,CoinGecko coin id degen-base verified via API on this implementation pass. Mission 2 contract token is WDEGEN; USD price uses DEGEN.
DEGEN,DEGEN,global,2025-08-29,2025-08-29T00:00:02Z,0.00347577,defillama_coin_prices,coins.llama.fi/chart/coingecko:degen-base,medium,2026-07-07T07:16:07Z,CoinGecko coin id degen-base verified via API on this implementation pass. Mission 2 contract token is WDEGEN; USD price uses DEGEN.
DEGEN,DEGEN,global,2025-08-30,2025-08-30T00:00:06Z,0.00324157,defillama_coin_prices,coins.llama.fi/chart/coingecko:degen-base,medium,2026-07-07T07:16:07Z,CoinGecko coin id degen-base verified via API on this implementation pass. Mission 2 contract token is WDEGEN; USD price uses DEGEN.
DEGEN,DEGEN,global,2025-08-31,2025-08-31T00:00:04Z,0.0032941,defillama_coin_prices,coins.llama.fi/chart/coingecko:degen-base,medium,2026-07-07T07:16:07Z,CoinGecko coin id degen-base verified via API on this implementation pass. Mission 2 contract token is WDEGEN; USD price uses DEGEN.
DEGEN,DEGEN,global,2025-09-01,2025-09-01T23:59:55Z,0.00305547,defillama_coin_prices,coins.llama.fi/chart/coingecko:degen-base,medium,2026-07-07T07:16:07Z,CoinGecko coin id degen-base verified via API on this implementation pass. Mission 2 contract token is WDEGEN; USD price uses DEGEN.
DEGEN,DEGEN,global,2025-09-03,2025-09-03T00:00:05Z,0.00311828,defillama_coin_prices,coins.llama.fi/chart/coingecko:degen-base,medium,2026-07-07T07:16:07Z,CoinGecko coin id degen-base verified via API on this implementation pass. Mission 2 contract token is WDEGEN; USD price uses DEGEN.
DEGEN,DEGEN,global,2025-09-04,2025-09-04T23:59:55Z,0.0030485,defillama_coin_prices,coins.llama.fi/chart/coingecko:degen-base,medium,2026-07-07T07:16:07Z,CoinGecko coin id degen-base verified via API on this implementation pass. Mission 2 contract token is WDEGEN; USD price uses DEGEN.
DEGEN,DEGEN,global,2025-09-06,2025-09-06T00:00:21Z,0.00311771,defillama_coin_prices,coins.llama.fi/chart/coingecko:degen-base,medium,2026-07-07T07:16:07Z,CoinGecko coin id degen-base verified via API on this implementation pass. Mission 2 contract token is WDEGEN; USD price uses DEGEN.
DEGEN,DEGEN,global,2025-09-07,2025-09-07T23:59:56Z,0.00332869,defillama_coin_prices,coins.llama.fi/chart/coingecko:degen-base,medium,2026-07-07T07:16:07Z,CoinGecko coin id degen-base verified via API on this implementation pass. Mission 2 contract token is WDEGEN; USD price uses DEGEN.
DEGEN,DEGEN,global,2025-09-08,2025-09-08T23:59:54Z,0.00338925,defillama_coin_prices,coins.llama.fi/chart/coingecko:degen-base,medium,2026-07-07T07:16:07Z,CoinGecko coin id degen-base verified via API on this implementation pass. Mission 2 contract token is WDEGEN; USD price uses DEGEN.
DEGEN,DEGEN,global,2025-09-09,2025-09-09T23:59:56Z,0.00326261,defillama_coin_prices,coins.llama.fi/chart/coingecko:degen-base,medium,2026-07-07T07:16:07Z,CoinGecko coin id degen-base verified via API on this implementation pass. Mission 2 contract token is WDEGEN; USD price uses DEGEN.
DEGEN,DEGEN,global,2025-09-10,2025-09-10T23:59:59Z,0.00331776,defillama_coin_prices,coins.llama.fi/chart/coingecko:degen-base,medium,2026-07-07T07:16:07Z,CoinGecko coin id degen-base verified via API on this implementation pass. Mission 2 contract token is WDEGEN; USD price uses DEGEN.
DEGEN,DEGEN,global,2025-09-11,2025-09-11T23:59:54Z,0.00337458,defillama_coin_prices,coins.llama.fi/chart/coingecko:degen-base,medium,2026-07-07T07:16:07Z,CoinGecko coin id degen-base verified via API on this implementation pass. Mission 2 contract token is WDEGEN; USD price uses DEGEN.
DEGEN,DEGEN,global,2025-09-13,2025-09-13T00:00:06Z,0.00363978,defillama_coin_prices,coins.llama.fi/chart/coingecko:degen-base,medium,2026-07-07T07:16:07Z,CoinGecko coin id degen-base verified via API on this implementation pass. Mission 2 contract token is WDEGEN; USD price uses DEGEN.
DEGEN,DEGEN,global,2025-09-15,2025-09-15T00:00:05Z,0.00355252,defillama_coin_prices,coins.llama.fi/chart/coingecko:degen-base,medium,2026-07-07T07:16:07Z,CoinGecko coin id degen-base verified via API on this implementation pass. Mission 2 contract token is WDEGEN; USD price uses DEGEN.
DEGEN,DEGEN,global,2025-09-16,2025-09-16T23:59:52Z,0.00360301,defillama_coin_prices,coins.llama.fi/chart/coingecko:degen-base,medium,2026-07-07T07:16:07Z,CoinGecko coin id degen-base verified via API on this implementation pass. Mission 2 contract token is WDEGEN; USD price uses DEGEN.
DEGEN,DEGEN,global,2025-09-17,2025-09-17T23:59:57Z,0.00364981,defillama_coin_prices,coins.llama.fi/chart/coingecko:degen-base,medium,2026-07-07T07:16:07Z,CoinGecko coin id degen-base verified via API on this implementation pass. Mission 2 contract token is WDEGEN; USD price uses DEGEN.
DEGEN,DEGEN,global,2025-09-18,2025-09-18T23:59:56Z,0.00375302,defillama_coin_prices,coins.llama.fi/chart/coingecko:degen-base,medium,2026-07-07T07:16:07Z,CoinGecko coin id degen-base verified via API on this implementation pass. Mission 2 contract token is WDEGEN; USD price uses DEGEN.
DEGEN,DEGEN,global,2025-09-19,2025-09-19T23:59:58Z,0.00351569,defillama_coin_prices,coins.llama.fi/chart/coingecko:degen-base,medium,2026-07-07T07:16:07Z,CoinGecko coin id degen-base verified via API on this implementation pass. Mission 2 contract token is WDEGEN; USD price uses DEGEN.
DEGEN,DEGEN,global,2025-09-21,2025-09-21T00:00:18Z,0.00352258,defillama_coin_prices,coins.llama.fi/chart/coingecko:degen-base,medium,2026-07-07T07:16:07Z,CoinGecko coin id degen-base verified via API on this implementation pass. Mission 2 contract token is WDEGEN; USD price uses DEGEN.
DEGEN,DEGEN,global,2025-09-23,2025-09-23T00:00:10Z,0.00314317,defillama_coin_prices,coins.llama.fi/chart/coingecko:degen-base,medium,2026-07-07T07:16:07Z,CoinGecko coin id degen-base verified via API on this implementation pass. Mission 2 contract token is WDEGEN; USD price uses DEGEN.
DEGEN,DEGEN,global,2025-09-25,2025-09-25T00:00:06Z,0.00301467,defillama_coin_prices,coins.llama.fi/chart/coingecko:degen-base,medium,2026-07-07T07:16:07Z,CoinGecko coin id degen-base verified via API on this implementation pass. Mission 2 contract token is WDEGEN; USD price uses DEGEN.
DEGEN,DEGEN,global,2025-09-26,2025-09-26T00:00:06Z,0.00276048,defillama_coin_prices,coins.llama.fi/chart/coingecko:degen-base,medium,2026-07-07T07:16:07Z,CoinGecko coin id degen-base verified via API on this implementation pass. Mission 2 contract token is WDEGEN; USD price uses DEGEN.
DEGEN,DEGEN,global,2025-09-27,2025-09-27T23:59:01Z,0.00287083,defillama_coin_prices,coins.llama.fi/chart/coingecko:degen-base,medium,2026-07-07T07:16:07Z,CoinGecko coin id degen-base verified via API on this implementation pass. Mission 2 contract token is WDEGEN; USD price uses DEGEN.
DEGEN,DEGEN,global,2025-09-29,2025-09-29T00:00:05Z,0.00291733,defillama_coin_prices,coins.llama.fi/chart/coingecko:degen-base,medium,2026-07-07T07:16:07Z,CoinGecko coin id degen-base verified via API on this implementation pass. Mission 2 contract token is WDEGEN; USD price uses DEGEN.
DEGEN,DEGEN,global,2025-09-30,2025-09-30T23:59:58Z,0.00281056,defillama_coin_prices,coins.llama.fi/chart/coingecko:degen-base,medium,2026-07-07T07:16:07Z,CoinGecko coin id degen-base verified via API on this implementation pass. Mission 2 contract token is WDEGEN; USD price uses DEGEN.
DEGEN,DEGEN,global,2025-10-01,2025-10-01T23:59:58Z,0.00296891,defillama_coin_prices,coins.llama.fi/chart/coingecko:degen-base,medium,2026-07-07T07:16:07Z,CoinGecko coin id degen-base verified via API on this implementation pass. Mission 2 contract token is WDEGEN; USD price uses DEGEN.
DEGEN,DEGEN,global,2025-10-03,2025-10-03T00:01:11Z,0.0030572132411602103,defillama_coin_prices,coins.llama.fi/chart/coingecko:degen-base,medium,2026-07-07T07:16:07Z,CoinGecko coin id degen-base verified via API on this implementation pass. Mission 2 contract token is WDEGEN; USD price uses DEGEN.
DEGEN,DEGEN,global,2025-10-04,2025-10-04T00:00:02Z,0.003001168340667659,defillama_coin_prices,coins.llama.fi/chart/coingecko:degen-base,medium,2026-07-07T07:16:07Z,CoinGecko coin id degen-base verified via API on this implementation pass. Mission 2 contract token is WDEGEN; USD price uses DEGEN.
DEGEN,DEGEN,global,2025-10-05,2025-10-05T00:00:04Z,0.0029041229929225704,defillama_coin_prices,coins.llama.fi/chart/coingecko:degen-base,medium,2026-07-07T07:16:07Z,CoinGecko coin id degen-base verified via API on this implementation pass. Mission 2 contract token is WDEGEN; USD price uses DEGEN.
DEGEN,DEGEN,global,2025-10-06,2025-10-06T00:00:05Z,0.002876778454102563,defillama_coin_prices,coins.llama.fi/chart/coingecko:degen-base,medium,2026-07-07T07:16:07Z,CoinGecko coin id degen-base verified via API on this implementation pass. Mission 2 contract token is WDEGEN; USD price uses DEGEN.
DEGEN,DEGEN,global,2025-10-07,2025-10-07T23:59:59Z,0.0028359345893607174,defillama_coin_prices,coins.llama.fi/chart/coingecko:degen-base,medium,2026-07-07T07:16:07Z,CoinGecko coin id degen-base verified via API on this implementation pass. Mission 2 contract token is WDEGEN; USD price uses DEGEN.
DEGEN,DEGEN,global,2025-10-08,2025-10-08T23:59:56Z,0.0028923708379516738,defillama_coin_prices,coins.llama.fi/chart/coingecko:degen-base,medium,2026-07-07T07:16:07Z,CoinGecko coin id degen-base verified via API on this implementation pass. Mission 2 contract token is WDEGEN; USD price uses DEGEN.
DEGEN,DEGEN,global,2025-10-10,2025-10-10T00:00:01Z,0.0027278635025254033,defillama_coin_prices,coins.llama.fi/chart/coingecko:degen-base,medium,2026-07-07T07:16:07Z,CoinGecko coin id degen-base verified via API on this implementation pass. Mission 2 contract token is WDEGEN; USD price uses DEGEN.
DEGEN,DEGEN,global,2025-10-12,2025-10-12T00:00:00Z,0.0019413030287107084,defillama_coin_prices,coins.llama.fi/chart/coingecko:degen-base,medium,2026-07-07T07:16:07Z,CoinGecko coin id degen-base verified via API on this implementation pass. Mission 2 contract token is WDEGEN; USD price uses DEGEN.
DEGEN,DEGEN,global,2025-10-13,2025-10-13T23:59:56Z,0.0022789482686762373,defillama_coin_prices,coins.llama.fi/chart/coingecko:degen-base,medium,2026-07-07T07:16:07Z,CoinGecko coin id degen-base verified via API on this implementation pass. Mission 2 contract token is WDEGEN; USD price uses DEGEN.
DEGEN,DEGEN,global,2025-10-14,2025-10-14T23:59:55Z,0.0021863664910668937,defillama_coin_prices,coins.llama.fi/chart/coingecko:degen-base,medium,2026-07-07T07:16:07Z,CoinGecko coin id degen-base verified via API on this implementation pass. Mission 2 contract token is WDEGEN; USD price uses DEGEN.
DEGEN,DEGEN,global,2025-10-15,2025-10-15T23:59:59Z,0.002075734426815985,defillama_coin_prices,coins.llama.fi/chart/coingecko:degen-base,medium,2026-07-07T07:16:07Z,CoinGecko coin id degen-base verified via API on this implementation pass. Mission 2 contract token is WDEGEN; USD price uses DEGEN.
DEGEN,DEGEN,global,2025-10-17,2025-10-17T00:00:02Z,0.0019854310147852084,defillama_coin_prices,coins.llama.fi/chart/coingecko:degen-base,medium,2026-07-07T07:16:07Z,CoinGecko coin id degen-base verified via API on this implementation pass. Mission 2 contract token is WDEGEN; USD price uses DEGEN.
DEGEN,DEGEN,global,2025-10-18,2025-10-18T00:00:04Z,0.0019547797742960372,defillama_coin_prices,coins.llama.fi/chart/coingecko:degen-base,medium,2026-07-07T07:16:07Z,CoinGecko coin id degen-base verified via API on this implementation pass. Mission 2 contract token is WDEGEN; USD price uses DEGEN.
DEGEN,DEGEN,global,2025-10-20,2025-10-20T00:00:06Z,0.0020096284792715134,defillama_coin_prices,coins.llama.fi/chart/coingecko:degen-base,medium,2026-07-07T07:16:07Z,CoinGecko coin id degen-base verified via API on this implementation pass. Mission 2 contract token is WDEGEN; USD price uses DEGEN.
DEGEN,DEGEN,global,2025-10-21,2025-10-21T00:00:00Z,0.0020491487967891045,defillama_coin_prices,coins.llama.fi/chart/coingecko:degen-base,medium,2026-07-07T07:16:07Z,CoinGecko coin id degen-base verified via API on this implementation pass. Mission 2 contract token is WDEGEN; USD price uses DEGEN.
DEGEN,DEGEN,global,2025-10-22,2025-10-22T00:00:04Z,0.001966032650655143,defillama_coin_prices,coins.llama.fi/chart/coingecko:degen-base,medium,2026-07-07T07:16:07Z,CoinGecko coin id degen-base verified via API on this implementation pass. Mission 2 contract token is WDEGEN; USD price uses DEGEN.
DEGEN,DEGEN,global,2025-10-24,2025-10-24T00:00:05Z,0.0019294595875191745,defillama_coin_prices,coins.llama.fi/chart/coingecko:degen-base,medium,2026-07-07T07:16:07Z,CoinGecko coin id degen-base verified via API on this implementation pass. Mission 2 contract token is WDEGEN; USD price uses DEGEN.
DEGEN,DEGEN,global,2025-10-26,2025-10-26T00:00:04Z,0.002156465464791836,defillama_coin_prices,coins.llama.fi/chart/coingecko:degen-base,medium,2026-07-07T07:16:07Z,CoinGecko coin id degen-base verified via API on this implementation pass. Mission 2 contract token is WDEGEN; USD price uses DEGEN.
DEGEN,DEGEN,global,2025-10-28,2025-10-28T00:00:02Z,0.002085799883371791,defillama_coin_prices,coins.llama.fi/chart/coingecko:degen-base,medium,2026-07-07T07:16:07Z,CoinGecko coin id degen-base verified via API on this implementation pass. Mission 2 contract token is WDEGEN; USD price uses DEGEN.
DEGEN,DEGEN,global,2025-10-29,2025-10-29T00:00:02Z,0.0020511876517727407,defillama_coin_prices,coins.llama.fi/chart/coingecko:degen-base,medium,2026-07-07T07:16:07Z,CoinGecko coin id degen-base verified via API on this implementation pass. Mission 2 contract token is WDEGEN; USD price uses DEGEN.
DEGEN,DEGEN,global,2025-10-30,2025-10-30T00:00:07Z,0.002010061177968761,defillama_coin_prices,coins.llama.fi/chart/coingecko:degen-base,medium,2026-07-07T07:16:07Z,CoinGecko coin id degen-base verified via API on this implementation pass. Mission 2 contract token is WDEGEN; USD price uses DEGEN.
DEGEN,DEGEN,global,2025-10-31,2025-10-31T00:00:02Z,0.0018459762220633742,defillama_coin_prices,coins.llama.fi/chart/coingecko:degen-base,medium,2026-07-07T07:16:07Z,CoinGecko coin id degen-base verified via API on this implementation pass. Mission 2 contract token is WDEGEN; USD price uses DEGEN.
DEGEN,DEGEN,global,2025-11-01,2025-11-01T00:00:06Z,0.0018775317294819195,defillama_coin_prices,coins.llama.fi/chart/coingecko:degen-base,medium,2026-07-07T07:16:07Z,CoinGecko coin id degen-base verified via API on this implementation pass. Mission 2 contract token is WDEGEN; USD price uses DEGEN.
DEGEN,DEGEN,global,2025-11-03,2025-11-03T00:00:05Z,0.0019109929601793321,defillama_coin_prices,coins.llama.fi/chart/coingecko:degen-base,medium,2026-07-07T07:16:07Z,CoinGecko coin id degen-base verified via API on this implementation pass. Mission 2 contract token is WDEGEN; USD price uses DEGEN.
DEGEN,DEGEN,global,2025-11-05,2025-11-05T00:00:05Z,0.0015593724786005145,defillama_coin_prices,coins.llama.fi/chart/coingecko:degen-base,medium,2026-07-07T07:16:07Z,CoinGecko coin id degen-base verified via API on this implementation pass. Mission 2 contract token is WDEGEN; USD price uses DEGEN.
DEGEN,DEGEN,global,2025-11-06,2025-11-06T23:59:55Z,0.0015723836392456548,defillama_coin_prices,coins.llama.fi/chart/coingecko:degen-base,medium,2026-07-07T07:16:07Z,CoinGecko coin id degen-base verified via API on this implementation pass. Mission 2 contract token is WDEGEN; USD price uses DEGEN.
DEGEN,DEGEN,global,2025-11-07,2025-11-07T23:59:58Z,0.0017162971227883594,defillama_coin_prices,coins.llama.fi/chart/coingecko:degen-base,medium,2026-07-07T07:16:07Z,CoinGecko coin id degen-base verified via API on this implementation pass. Mission 2 contract token is WDEGEN; USD price uses DEGEN.
DEGEN,DEGEN,global,2025-11-09,2025-11-09T00:00:03Z,0.0016716695434900518,defillama_coin_prices,coins.llama.fi/chart/coingecko:degen-base,medium,2026-07-07T07:16:07Z,CoinGecko coin id degen-base verified via API on this implementation pass. Mission 2 contract token is WDEGEN; USD price uses DEGEN.
DEGEN,DEGEN,global,2025-11-10,2025-11-10T00:00:02Z,0.0017410712747179553,defillama_coin_prices,coins.llama.fi/chart/coingecko:degen-base,medium,2026-07-07T07:16:07Z,CoinGecko coin id degen-base verified via API on this implementation pass. Mission 2 contract token is WDEGEN; USD price uses DEGEN.
DEGEN,DEGEN,global,2025-11-12,2025-11-12T00:00:00Z,0.001618501400958014,defillama_coin_prices,coins.llama.fi/chart/coingecko:degen-base,medium,2026-07-07T07:16:07Z,CoinGecko coin id degen-base verified via API on this implementation pass. Mission 2 contract token is WDEGEN; USD price uses DEGEN.
DEGEN,DEGEN,global,2025-11-13,2025-11-13T00:00:01Z,0.001615787566640019,defillama_coin_prices,coins.llama.fi/chart/coingecko:degen-base,medium,2026-07-07T07:16:07Z,CoinGecko coin id degen-base verified via API on this implementation pass. Mission 2 contract token is WDEGEN; USD price uses DEGEN.
DEGEN,DEGEN,global,2025-11-14,2025-11-14T23:59:58Z,0.0014019751332539788,defillama_coin_prices,coins.llama.fi/chart/coingecko:degen-base,medium,2026-07-07T07:16:07Z,CoinGecko coin id degen-base verified via API on this implementation pass. Mission 2 contract token is WDEGEN; USD price uses DEGEN.
DEGEN,DEGEN,global,2025-11-15,2025-11-15T23:59:03Z,0.0014217126149143472,defillama_coin_prices,coins.llama.fi/chart/coingecko:degen-base,medium,2026-07-07T07:16:07Z,CoinGecko coin id degen-base verified via API on this implementation pass. Mission 2 contract token is WDEGEN; USD price uses DEGEN.
DEGEN,DEGEN,global,2025-11-16,2025-11-16T23:59:00Z,0.0013656472074491503,defillama_coin_prices,coins.llama.fi/chart/coingecko:degen-base,medium,2026-07-07T07:16:07Z,CoinGecko coin id degen-base verified via API on this implementation pass. Mission 2 contract token is WDEGEN; USD price uses DEGEN.
DEGEN,DEGEN,global,2025-11-17,2025-11-17T23:59:02Z,0.001301496220967813,defillama_coin_prices,coins.llama.fi/chart/coingecko:degen-base,medium,2026-07-07T07:16:07Z,CoinGecko coin id degen-base verified via API on this implementation pass. Mission 2 contract token is WDEGEN; USD price uses DEGEN.
DEGEN,DEGEN,global,2025-11-18,2025-11-18T23:59:01Z,0.0013209425281840792,defillama_coin_prices,coins.llama.fi/chart/coingecko:degen-base,medium,2026-07-07T07:16:07Z,CoinGecko coin id degen-base verified via API on this implementation pass. Mission 2 contract token is WDEGEN; USD price uses DEGEN.
DEGEN,DEGEN,global,2025-11-19,2025-11-19T23:59:58Z,0.001314490269304165,defillama_coin_prices,coins.llama.fi/chart/coingecko:degen-base,medium,2026-07-07T07:16:07Z,CoinGecko coin id degen-base verified via API on this implementation pass. Mission 2 contract token is WDEGEN; USD price uses DEGEN.
DEGEN,DEGEN,global,2025-11-20,2025-11-20T23:59:58Z,0.0012769781296893404,defillama_coin_prices,coins.llama.fi/chart/coingecko:degen-base,medium,2026-07-07T07:16:07Z,CoinGecko coin id degen-base verified via API on this implementation pass. Mission 2 contract token is WDEGEN; USD price uses DEGEN.
DEGEN,DEGEN,global,2025-11-21,2025-11-21T23:59:55Z,0.0011901544814677562,defillama_coin_prices,coins.llama.fi/chart/coingecko:degen-base,medium,2026-07-07T07:16:07Z,CoinGecko coin id degen-base verified via API on this implementation pass. Mission 2 contract token is WDEGEN; USD price uses DEGEN.
DEGEN,DEGEN,global,2025-11-22,2025-11-22T23:58:58Z,0.0011584658970624087,defillama_coin_prices,coins.llama.fi/chart/coingecko:degen-base,medium,2026-07-07T07:16:07Z,CoinGecko coin id degen-base verified via API on this implementation pass. Mission 2 contract token is WDEGEN; USD price uses DEGEN.
DEGEN,DEGEN,global,2025-11-23,2025-11-23T23:59:57Z,0.0012088266242446786,defillama_coin_prices,coins.llama.fi/chart/coingecko:degen-base,medium,2026-07-07T07:16:07Z,CoinGecko coin id degen-base verified via API on this implementation pass. Mission 2 contract token is WDEGEN; USD price uses DEGEN.
DEGEN,DEGEN,global,2025-11-24,2025-11-24T23:59:55Z,0.0012544818490843165,defillama_coin_prices,coins.llama.fi/chart/coingecko:degen-base,medium,2026-07-07T07:16:07Z,CoinGecko coin id degen-base verified via API on this implementation pass. Mission 2 contract token is WDEGEN; USD price uses DEGEN.
DEGEN,DEGEN,global,2025-11-25,2025-11-25T23:59:51Z,0.0012684552324033495,defillama_coin_prices,coins.llama.fi/chart/coingecko:degen-base,medium,2026-07-07T07:16:07Z,CoinGecko coin id degen-base verified via API on this implementation pass. Mission 2 contract token is WDEGEN; USD price uses DEGEN.
DEGEN,DEGEN,global,2025-11-26,2025-11-26T23:59:54Z,0.0013102190151609825,defillama_coin_prices,coins.llama.fi/chart/coingecko:degen-base,medium,2026-07-07T07:16:07Z,CoinGecko coin id degen-base verified via API on this implementation pass. Mission 2 contract token is WDEGEN; USD price uses DEGEN.
DEGEN,DEGEN,global,2025-11-27,2025-11-27T23:59:56Z,0.0013338164716051762,defillama_coin_prices,coins.llama.fi/chart/coingecko:degen-base,medium,2026-07-07T07:16:07Z,CoinGecko coin id degen-base verified via API on this implementation pass. Mission 2 contract token is WDEGEN; USD price uses DEGEN.
DEGEN,DEGEN,global,2025-11-28,2025-11-28T23:58:57Z,0.001328104623180547,defillama_coin_prices,coins.llama.fi/chart/coingecko:degen-base,medium,2026-07-07T07:16:07Z,CoinGecko coin id degen-base verified via API on this implementation pass. Mission 2 contract token is WDEGEN; USD price uses DEGEN.
DEGEN,DEGEN,global,2025-11-29,2025-11-29T23:59:00Z,0.0013058137309876936,defillama_coin_prices,coins.llama.fi/chart/coingecko:degen-base,medium,2026-07-07T07:16:07Z,CoinGecko coin id degen-base verified via API on this implementation pass. Mission 2 contract token is WDEGEN; USD price uses DEGEN.
DEGEN,DEGEN,global,2025-11-30,2025-11-30T23:59:56Z,0.0013231643684163093,defillama_coin_prices,coins.llama.fi/chart/coingecko:degen-base,medium,2026-07-07T07:16:07Z,CoinGecko coin id degen-base verified via API on this implementation pass. Mission 2 contract token is WDEGEN; USD price uses DEGEN.
DEGEN,DEGEN,global,2025-12-02,2025-12-02T00:00:03Z,0.0011786279870389757,defillama_coin_prices,coins.llama.fi/chart/coingecko:degen-base,medium,2026-07-07T07:16:07Z,CoinGecko coin id degen-base verified via API on this implementation pass. Mission 2 contract token is WDEGEN; USD price uses DEGEN.
DEGEN,DEGEN,global,2025-12-03,2025-12-03T23:59:59Z,0.0014252202861257854,defillama_coin_prices,coins.llama.fi/chart/coingecko:degen-base,medium,2026-07-07T07:16:07Z,CoinGecko coin id degen-base verified via API on this implementation pass. Mission 2 contract token is WDEGEN; USD price uses DEGEN.
DEGEN,DEGEN,global,2025-12-04,2025-12-04T23:59:59Z,0.0013803881327745903,defillama_coin_prices,coins.llama.fi/chart/coingecko:degen-base,medium,2026-07-07T07:16:07Z,CoinGecko coin id degen-base verified via API on this implementation pass. Mission 2 contract token is WDEGEN; USD price uses DEGEN.
DEGEN,DEGEN,global,2025-12-06,2025-12-06T00:00:03Z,0.0013545723505708207,defillama_coin_prices,coins.llama.fi/chart/coingecko:degen-base,medium,2026-07-07T07:16:07Z,CoinGecko coin id degen-base verified via API on this implementation pass. Mission 2 contract token is WDEGEN; USD price uses DEGEN.
DEGEN,DEGEN,global,2025-12-08,2025-12-08T00:00:02Z,0.0015363166494859976,defillama_coin_prices,coins.llama.fi/chart/coingecko:degen-base,medium,2026-07-07T07:16:07Z,CoinGecko coin id degen-base verified via API on this implementation pass. Mission 2 contract token is WDEGEN; USD price uses DEGEN.
DEGEN,DEGEN,global,2025-12-09,2025-12-09T23:59:54Z,0.0016469199672080113,defillama_coin_prices,coins.llama.fi/chart/coingecko:degen-base,medium,2026-07-07T07:16:07Z,CoinGecko coin id degen-base verified via API on this implementation pass. Mission 2 contract token is WDEGEN; USD price uses DEGEN.
DEGEN,DEGEN,global,2025-12-10,2025-12-10T23:59:58Z,0.0015917289677242373,defillama_coin_prices,coins.llama.fi/chart/coingecko:degen-base,medium,2026-07-07T07:16:07Z,CoinGecko coin id degen-base verified via API on this implementation pass. Mission 2 contract token is WDEGEN; USD price uses DEGEN.
DEGEN,DEGEN,global,2025-12-12,2025-12-12T00:00:02Z,0.0015901252447449658,defillama_coin_prices,coins.llama.fi/chart/coingecko:degen-base,medium,2026-07-07T07:16:07Z,CoinGecko coin id degen-base verified via API on this implementation pass. Mission 2 contract token is WDEGEN; USD price uses DEGEN.
DEGEN,DEGEN,global,2025-12-13,2025-12-13T23:58:59Z,0.0014924056563890733,defillama_coin_prices,coins.llama.fi/chart/coingecko:degen-base,medium,2026-07-07T07:16:07Z,CoinGecko coin id degen-base verified via API on this implementation pass. Mission 2 contract token is WDEGEN; USD price uses DEGEN.
DEGEN,DEGEN,global,2025-12-14,2025-12-14T23:59:03Z,0.0013989783367002423,defillama_coin_prices,coins.llama.fi/chart/coingecko:degen-base,medium,2026-07-07T07:16:07Z,CoinGecko coin id degen-base verified via API on this implementation pass. Mission 2 contract token is WDEGEN; USD price uses DEGEN.
DEGEN,DEGEN,global,2025-12-15,2025-12-15T23:59:55Z,0.0013670764136790462,defillama_coin_prices,coins.llama.fi/chart/coingecko:degen-base,medium,2026-07-07T07:16:07Z,CoinGecko coin id degen-base verified via API on this implementation pass. Mission 2 contract token is WDEGEN; USD price uses DEGEN.
DEGEN,DEGEN,global,2025-12-16,2025-12-16T23:59:04Z,0.0013684944762100539,defillama_coin_prices,coins.llama.fi/chart/coingecko:degen-base,medium,2026-07-07T07:16:07Z,CoinGecko coin id degen-base verified via API on this implementation pass. Mission 2 contract token is WDEGEN; USD price uses DEGEN.
DEGEN,DEGEN,global,2025-12-17,2025-12-17T23:59:01Z,0.0012607394756201258,defillama_coin_prices,coins.llama.fi/chart/coingecko:degen-base,medium,2026-07-07T07:16:07Z,CoinGecko coin id degen-base verified via API on this implementation pass. Mission 2 contract token is WDEGEN; USD price uses DEGEN.
DEGEN,DEGEN,global,2025-12-18,2025-12-18T23:59:55Z,0.0011814596911455056,defillama_coin_prices,coins.llama.fi/chart/coingecko:degen-base,medium,2026-07-07T07:16:07Z,CoinGecko coin id degen-base verified via API on this implementation pass. Mission 2 contract token is WDEGEN; USD price uses DEGEN.
DEGEN,DEGEN,global,2025-12-19,2025-12-19T23:59:52Z,0.0012702467960115599,defillama_coin_prices,coins.llama.fi/chart/coingecko:degen-base,medium,2026-07-07T07:16:07Z,CoinGecko coin id degen-base verified via API on this implementation pass. Mission 2 contract token is WDEGEN; USD price uses DEGEN.
DEGEN,DEGEN,global,2025-12-20,2025-12-20T23:58:58Z,0.0012493209630046076,defillama_coin_prices,coins.llama.fi/chart/coingecko:degen-base,medium,2026-07-07T07:16:07Z,CoinGecko coin id degen-base verified via API on this implementation pass. Mission 2 contract token is WDEGEN; USD price uses DEGEN.
DEGEN,DEGEN,global,2025-12-21,2025-12-21T23:59:04Z,0.0012184090864948587,defillama_coin_prices,coins.llama.fi/chart/coingecko:degen-base,medium,2026-07-07T07:16:07Z,CoinGecko coin id degen-base verified via API on this implementation pass. Mission 2 contract token is WDEGEN; USD price uses DEGEN.
DEGEN,DEGEN,global,2025-12-22,2025-12-22T23:59:03Z,0.0012095553653879041,defillama_coin_prices,coins.llama.fi/chart/coingecko:degen-base,medium,2026-07-07T07:16:07Z,CoinGecko coin id degen-base verified via API on this implementation pass. Mission 2 contract token is WDEGEN; USD price uses DEGEN.
DEGEN,DEGEN,global,2025-12-23,2025-12-23T23:59:00Z,0.0011955572814550616,defillama_coin_prices,coins.llama.fi/chart/coingecko:degen-base,medium,2026-07-07T07:16:07Z,CoinGecko coin id degen-base verified via API on this implementation pass. Mission 2 contract token is WDEGEN; USD price uses DEGEN.
DEGEN,DEGEN,global,2025-12-24,2025-12-24T23:59:08Z,0.0012016888124703397,defillama_coin_prices,coins.llama.fi/chart/coingecko:degen-base,medium,2026-07-07T07:16:07Z,CoinGecko coin id degen-base verified via API on this implementation pass. Mission 2 contract token is WDEGEN; USD price uses DEGEN.
DEGEN,DEGEN,global,2025-12-25,2025-12-25T23:59:05Z,0.0011593356536776522,defillama_coin_prices,coins.llama.fi/chart/coingecko:degen-base,medium,2026-07-07T07:16:07Z,CoinGecko coin id degen-base verified via API on this implementation pass. Mission 2 contract token is WDEGEN; USD price uses DEGEN.
DEGEN,DEGEN,global,2025-12-26,2025-12-26T23:59:03Z,0.0011754432662391748,defillama_coin_prices,coins.llama.fi/chart/coingecko:degen-base,medium,2026-07-07T07:16:07Z,CoinGecko coin id degen-base verified via API on this implementation pass. Mission 2 contract token is WDEGEN; USD price uses DEGEN.
DEGEN,DEGEN,global,2025-12-27,2025-12-27T23:59:01Z,0.0011891747014663812,defillama_coin_prices,coins.llama.fi/chart/coingecko:degen-base,medium,2026-07-07T07:16:07Z,CoinGecko coin id degen-base verified via API on this implementation pass. Mission 2 contract token is WDEGEN; USD price uses DEGEN.
DEGEN,DEGEN,global,2025-12-28,2025-12-28T23:59:07Z,0.0011633690261655507,defillama_coin_prices,coins.llama.fi/chart/coingecko:degen-base,medium,2026-07-07T07:16:07Z,CoinGecko coin id degen-base verified via API on this implementation pass. Mission 2 contract token is WDEGEN; USD price uses DEGEN.
DEGEN,DEGEN,global,2025-12-29,2025-12-29T23:58:59Z,0.0011283550237736098,defillama_coin_prices,coins.llama.fi/chart/coingecko:degen-base,medium,2026-07-07T07:16:07Z,CoinGecko coin id degen-base verified via API on this implementation pass. Mission 2 contract token is WDEGEN; USD price uses DEGEN.
DEGEN,DEGEN,global,2025-12-30,2025-12-30T23:58:54Z,0.0011567269202577928,defillama_coin_prices,coins.llama.fi/chart/coingecko:degen-base,medium,2026-07-07T07:16:07Z,CoinGecko coin id degen-base verified via API on this implementation pass. Mission 2 contract token is WDEGEN; USD price uses DEGEN.
DEGEN,DEGEN,global,2025-12-31,2025-12-31T23:59:06Z,0.001041134147336211,defillama_coin_prices,coins.llama.fi/chart/coingecko:degen-base,medium,2026-07-07T07:16:07Z,CoinGecko coin id degen-base verified via API on this implementation pass. Mission 2 contract token is WDEGEN; USD price uses DEGEN.
DEGEN,DEGEN,global,2026-01-01,2026-01-01T23:58:55Z,0.001106347289134875,defillama_coin_prices,coins.llama.fi/chart/coingecko:degen-base,medium,2026-07-07T07:16:07Z,CoinGecko coin id degen-base verified via API on this implementation pass. Mission 2 contract token is WDEGEN; USD price uses DEGEN.
DEGEN,DEGEN,global,2026-01-02,2026-01-02T23:58:58Z,0.001210452849515161,defillama_coin_prices,coins.llama.fi/chart/coingecko:degen-base,medium,2026-07-07T07:16:07Z,CoinGecko coin id degen-base verified via API on this implementation pass. Mission 2 contract token is WDEGEN; USD price uses DEGEN.
DEGEN,DEGEN,global,2026-01-03,2026-01-03T23:59:01Z,0.0012342112507491274,defillama_coin_prices,coins.llama.fi/chart/coingecko:degen-base,medium,2026-07-07T07:16:07Z,CoinGecko coin id degen-base verified via API on this implementation pass. Mission 2 contract token is WDEGEN; USD price uses DEGEN.
DEGEN,DEGEN,global,2026-01-04,2026-01-04T23:59:03Z,0.0014652528274557708,defillama_coin_prices,coins.llama.fi/chart/coingecko:degen-base,medium,2026-07-07T07:16:07Z,CoinGecko coin id degen-base verified via API on this implementation pass. Mission 2 contract token is WDEGEN; USD price uses DEGEN.
DEGEN,DEGEN,global,2026-01-05,2026-01-05T23:59:00Z,0.0015037435621384659,defillama_coin_prices,coins.llama.fi/chart/coingecko:degen-base,medium,2026-07-07T07:16:07Z,CoinGecko coin id degen-base verified via API on this implementation pass. Mission 2 contract token is WDEGEN; USD price uses DEGEN.
DEGEN,DEGEN,global,2026-01-06,2026-01-06T23:59:00Z,0.0014781545302992632,defillama_coin_prices,coins.llama.fi/chart/coingecko:degen-base,medium,2026-07-07T07:16:07Z,CoinGecko coin id degen-base verified via API on this implementation pass. Mission 2 contract token is WDEGEN; USD price uses DEGEN.
DEGEN,DEGEN,global,2026-01-07,2026-01-07T23:59:04Z,0.001419549945796821,defillama_coin_prices,coins.llama.fi/chart/coingecko:degen-base,medium,2026-07-07T07:16:07Z,CoinGecko coin id degen-base verified via API on this implementation pass. Mission 2 contract token is WDEGEN; USD price uses DEGEN.
