chain_id,contract_address,block_number,block_hash,tx_hash,tx_index,log_index,block_time_utc,dog_id,bidder,value_raw,value_display_native,display_decimals_confidence,extended,source_confidence,run_id
666666666,0x3620ca030a023bce87ec59a8b0e979bd7607fdbd,26621591,0x02f3c32e2cc467a1180f244c32236743c8d55fe3332fdee6a53d9818834b7f94,0x0aed03293e45e6b96c503e9008364962df14dfe8a74714f1940139b870cd5775,1,0,2026-01-05T23:26:20Z,589,0x8e5caf3f39b83dbc7663f7fc2b929e21d55482af,111111000000000000000000,111111,verified_wdegen_18_decimals,0,verified_onchain,mission2_24692180_26823905_20260529T001926Z
666666666,0x3620ca030a023bce87ec59a8b0e979bd7607fdbd,26621581,0x9a4581f10432b113fbb3c4395393335e9a4c730f7c455896e1e9b994c0c7931d,0x83fb2b326f011cac1e66d4e6e91d85a8bb36543c398b5a7d9673098ebdd2a6cb,1,0,2026-01-05T23:16:47Z,589,0x76d0e7a13248945ee9f808b4a472262b28778942,100000000000000000000000,100000,verified_wdegen_18_decimals,0,verified_onchain,mission2_24692180_26823905_20260529T001926Z
666666666,0x3620ca030a023bce87ec59a8b0e979bd7607fdbd,26621572,0x4b0ea2ae4a93932f5e72a50e4fd718439a61ec1194b29c96495fd2b708ada143,0xdbe435bacf238eac7e9fd49db2b495447b7f554e57cedc1d9267ff70ab73e071,1,0,2026-01-05T23:10:38Z,589,0x8e5caf3f39b83dbc7663f7fc2b929e21d55482af,66666000000000000000000,66666,verified_wdegen_18_decimals,0,verified_onchain,mission2_24692180_26823905_20260529T001926Z
666666666,0x3620ca030a023bce87ec59a8b0e979bd7607fdbd,26621186,0xf80f6649cd29b6fae2d8f49704d770aa9f42cdda7f7e0b5d201911a2a8f5ee85,0x4974a93ebeadf7933e2bec011eda9fa4b6b5383134c138ada23fd6a348439dd1,1,0,2026-01-05T16:39:46Z,589,0x76d0e7a13248945ee9f808b4a472262b28778942,50000000000000000000000,50000,verified_wdegen_18_decimals,0,verified_onchain,mission2_24692180_26823905_20260529T001926Z
666666666,0x3620ca030a023bce87ec59a8b0e979bd7607fdbd,26620725,0x5e48a1dd41d0ae551bfa3cfe5c6c1d4385f235da7e21d3715ac235b83f6047c2,0x5b300a8a0bf1b8347c3740b3b8b2c1938e5c87362feb1f37a31cf3536d49e907,1,0,2026-01-05T09:02:24Z,589,0x8e5caf3f39b83dbc7663f7fc2b929e21d55482af,22222000000000000000000,22222,verified_wdegen_18_decimals,0,verified_onchain,mission2_24692180_26823905_20260529T001926Z
666666666,0x3620ca030a023bce87ec59a8b0e979bd7607fdbd,26619097,0xaf61d762407ec8218983ce84a41bee84d9690f26c94148c3269531795015bfd3,0x72bde0602d1681b3277cecdc67b5b239e30fd9b7cc0eaf34e7625a35cc0d2db6,1,0,2026-01-04T08:56:12Z,588,0xc7aab24ede583b0dc9041343ae51466bb86a1ab7,14000000000000000000000,14000,verified_wdegen_18_decimals,0,verified_onchain,mission2_24692180_26823905_20260529T001926Z
666666666,0x3620ca030a023bce87ec59a8b0e979bd7607fdbd,26617596,0xcd44c606b36c834b21f9843a846026d09db5d2186c774293ab9ec15a68b66c30,0x14cc8012a3c8b5852778de785fc5980a3ed98ce6c572a49a53af8d465d3a2a5a,1,0,2026-01-03T08:40:26Z,587,0xc7aab24ede583b0dc9041343ae51466bb86a1ab7,14000000000000000000000,14000,verified_wdegen_18_decimals,0,verified_onchain,mission2_24692180_26823905_20260529T001926Z
666666666,0x3620ca030a023bce87ec59a8b0e979bd7607fdbd,26617551,0x577f6f810b39f3d2c96ffd4c3e4332de592c5fe884fb7e06fe97da11d8b6cdc8,0x19bf77e186f4269152922fc0c00fc51406376cc75debcb7d9a9de8289eaaced0,1,0,2026-01-03T07:56:50Z,586,0x409538216575caefe49af5af9b12ef4b4496041b,15401000000000000000000,15401,verified_wdegen_18_decimals,1,verified_onchain,mission2_24692180_26823905_20260529T001926Z
666666666,0x3620ca030a023bce87ec59a8b0e979bd7607fdbd,26617352,0x9c6001b5d61d2cf21322cee6b9e9181a45b45ace02769a026fb828f8f596d1b1,0x9bc1a937d3bc8c550b58467abd2b4f488234667838929d2ad1335da6412db00a,1,0,2026-01-03T04:24:26Z,586,0xc7aab24ede583b0dc9041343ae51466bb86a1ab7,14000000000000000000000,14000,verified_wdegen_18_decimals,0,verified_onchain,mission2_24692180_26823905_20260529T001926Z
666666666,0x3620ca030a023bce87ec59a8b0e979bd7607fdbd,26617177,0x0232497e405e84692ec3d6e0846a1386bd34b9aedfc2be4ad9c8998e00e50f0b,0x1bc46e3974047e6f7350175478575fbe7f42f140a4fbbde83c7f9c74c1c01a22,1,0,2026-01-03T01:25:52Z,586,0xbb672bbe37c259e7d22b250d6f1310161eefaece,1100000000000000000000,1100,verified_wdegen_18_decimals,0,verified_onchain,mission2_24692180_26823905_20260529T001926Z
666666666,0x3620ca030a023bce87ec59a8b0e979bd7607fdbd,26616148,0xc4bc94637acbe334326147db1e98b713fd135884523f756ede3f19b044526d21,0x146ea8160f2a83f2f24ca854f68aa357c85f09feb1acabd182e92d7c7b5ca1be,1,0,2026-01-02T08:10:58Z,586,0xa62449301059cf00edb96f4c03acc6aa3b326c30,1000000000000000000000,1000,verified_wdegen_18_decimals,0,verified_onchain,mission2_24692180_26823905_20260529T001926Z
666666666,0x3620ca030a023bce87ec59a8b0e979bd7607fdbd,26615673,0x50218566fc28cd942f105ee5a20d49c8d522707486c5172af979a9473bde41e9,0xddb9effe472f73c32019a3419248528ead92bbd785090c9cb54abcdcf2524d37,1,0,2026-01-01T22:50:28Z,585,0x8e5caf3f39b83dbc7663f7fc2b929e21d55482af,16666000000000000000000,16666,verified_wdegen_18_decimals,0,verified_onchain,mission2_24692180_26823905_20260529T001926Z
666666666,0x3620ca030a023bce87ec59a8b0e979bd7607fdbd,26615567,0x26b9a17f662544297432163063a82a36fc950f947f900cfb8e10120582803c0b,0x04669f94b99beeb24f029f4584b53d92e98a4c6b1d6d11dc3edeb02750994798,1,0,2026-01-01T20:06:36Z,585,0xcfc162ca64a2b993dcc7001dca3f23f718e6dcc2,1346000000000000000000,1346,verified_wdegen_18_decimals,0,verified_onchain,mission2_24692180_26823905_20260529T001926Z
666666666,0x3620ca030a023bce87ec59a8b0e979bd7607fdbd,26615457,0x611994a7cc192e620758938905800d3136fb798c2d2c0703e24d4b20505b5eee,0xb8dcd59c706563dcfa709c04d61238c4a282521e50a66501670d27abddf423b2,1,0,2026-01-01T17:36:40Z,585,0xa62449301059cf00edb96f4c03acc6aa3b326c30,1223000000000000000000,1223,verified_wdegen_18_decimals,0,verified_onchain,mission2_24692180_26823905_20260529T001926Z
666666666,0x3620ca030a023bce87ec59a8b0e979bd7607fdbd,26615299,0x9c88a0d511df77b7db6a6720442061d8806df4bbb40f3480eac6ab1270080b19,0x9777ee4be568fb9e74f81b6b0414d64534b75d3b616beba93876f6830a9447ce,1,0,2026-01-01T13:56:08Z,585,0xbb672bbe37c259e7d22b250d6f1310161eefaece,1111000000000000000000,1111,verified_wdegen_18_decimals,0,verified_onchain,mission2_24692180_26823905_20260529T001926Z
666666666,0x3620ca030a023bce87ec59a8b0e979bd7607fdbd,26614941,0xbc4dd17544a0a21e79b6cb6b18dcde1f591d855e0ebdd3b6f7afe8071a3d3e47,0xa4dd527836b4b733890c19e4604be48b0726eb0308ef161d0ff99a1dfc8745ff,1,0,2026-01-01T03:53:24Z,584,0x8e5caf3f39b83dbc7663f7fc2b929e21d55482af,16666000000000000000000,16666,verified_wdegen_18_decimals,0,verified_onchain,mission2_24692180_26823905_20260529T001926Z
666666666,0x3620ca030a023bce87ec59a8b0e979bd7607fdbd,26613778,0x07be252a56bd197f0749ecadb3f50d6504ebb20d2bc02bf3eebd61378c46e5eb,0x11b288dba0a7fa49ee9cc0565bfc6d41ff1851e100f94a58940ee72acf15626b,1,0,2025-12-31T07:46:20Z,583,0x409538216575caefe49af5af9b12ef4b4496041b,22184000000000000000000,22184,verified_wdegen_18_decimals,1,verified_onchain,mission2_24692180_26823905_20260529T001926Z
666666666,0x3620ca030a023bce87ec59a8b0e979bd7607fdbd,26613773,0x50baaa410de16d1e0e04707765dacc49fd26ce3e35ad66245fc0b992180b1a58,0x7a5934ceb95a277d245687582547b5a6f7d6308bfc7b38532f6129cf622fb203,1,0,2025-12-31T07:43:56Z,583,0x8e5caf3f39b83dbc7663f7fc2b929e21d55482af,20167000000000000000000,20167,verified_wdegen_18_decimals,1,verified_onchain,mission2_24692180_26823905_20260529T001926Z
666666666,0x3620ca030a023bce87ec59a8b0e979bd7607fdbd,26613760,0x58d7b14eb1711b663052827affdc88465152461ba7ea286aff52e3805a5024e9,0xd0bcb2728cc30e99d321281f7887312aa1c2c4b967e40bc2131350023efa99d4,1,0,2025-12-31T07:25:50Z,583,0x409538216575caefe49af5af9b12ef4b4496041b,18333000000000000000000,18333,verified_wdegen_18_decimals,0,verified_onchain,mission2_24692180_26823905_20260529T001926Z
666666666,0x3620ca030a023bce87ec59a8b0e979bd7607fdbd,26613436,0x58fa8e5eba25bafd1d2b6c37c87ee37b74f506546d8f3b7f4612f7d11e5fd4d4,0xd80a36f3a14a5cf65bef1e5a4e07213500e75cb236fb0699751b92425a80ca68,1,0,2025-12-31T00:43:09Z,583,0x8e5caf3f39b83dbc7663f7fc2b929e21d55482af,16666000000000000000000,16666,verified_wdegen_18_decimals,0,verified_onchain,mission2_24692180_26823905_20260529T001926Z
666666666,0x3620ca030a023bce87ec59a8b0e979bd7607fdbd,26612550,0xe9ec692b63636f01bb481171e6be38e04c4d496fd0489f79932775ec1dd7b669,0x0a042e51a4844b37d4c238ad3f943eb2d93111a9e9ca725c956ce4bc462f04e3,1,0,2025-12-30T07:26:08Z,582,0x409538216575caefe49af5af9b12ef4b4496041b,26622000000000000000000,26622,verified_wdegen_18_decimals,0,verified_onchain,mission2_24692180_26823905_20260529T001926Z
666666666,0x3620ca030a023bce87ec59a8b0e979bd7607fdbd,26612546,0x2a64f91a132a53f85fffa73a7f76adb11b891101f3b3888cae1f0c6737446865,0x8122d4ed1587f813c9a41958db689c8a17d7ac2f6ac07d4dfbd546ac7efe4fb0,1,0,2025-12-30T07:20:28Z,582,0x8e5caf3f39b83dbc7663f7fc2b929e21d55482af,24201000000000000000000,24201,verified_wdegen_18_decimals,0,verified_onchain,mission2_24692180_26823905_20260529T001926Z
666666666,0x3620ca030a023bce87ec59a8b0e979bd7607fdbd,26612438,0x73ce2048f90bf1935f06436314262be6ff87e91ff03d5d3c9a9389d992779553,0x51dbda9818652e1daf3eefb0dc636f2243e9e122350b85d3330e06b17cefdd2b,1,0,2025-12-30T05:11:29Z,582,0x409538216575caefe49af5af9b12ef4b4496041b,22000000000000000000000,22000,verified_wdegen_18_decimals,0,verified_onchain,mission2_24692180_26823905_20260529T001926Z
666666666,0x3620ca030a023bce87ec59a8b0e979bd7607fdbd,26612435,0x7f155faf0b58d18e1080c75b19b67d37bbd43bc88eea0046903b5b3f58ee0439,0x189e0db1c3582389f361cd317b186d16c969f295656364f3e55a914e2bcda409,1,0,2025-12-30T05:07:04Z,582,0xc7aab24ede583b0dc9041343ae51466bb86a1ab7,20000000000000000000000,20000,verified_wdegen_18_decimals,0,verified_onchain,mission2_24692180_26823905_20260529T001926Z
666666666,0x3620ca030a023bce87ec59a8b0e979bd7607fdbd,26611714,0x7c1ccb5230771613503d2429e480b210127c617d8c48232159799dc441fff555,0x083684c926d9e9b0502e93bf77c37d4f2907a3316138f0ab0432882e99f2fe67,1,0,2025-12-29T16:06:06Z,582,0x76d0e7a13248945ee9f808b4a472262b28778942,11582000000000000000000,11582,verified_wdegen_18_decimals,0,verified_onchain,mission2_24692180_26823905_20260529T001926Z
666666666,0x3620ca030a023bce87ec59a8b0e979bd7607fdbd,26611192,0x4bf0ad785c32444739b4fa63ac004cb4edc05edaca706074bd6805f89fb6951b,0xa8c063b381d72b93942b6a0c4cc313fa94151e0489afdd81846ba03a5127b436,1,0,2025-12-29T07:25:39Z,581,0x8e5caf3f39b83dbc7663f7fc2b929e21d55482af,15595000000000000000000,15595,verified_wdegen_18_decimals,0,verified_onchain,mission2_24692180_26823905_20260529T001926Z
666666666,0x3620ca030a023bce87ec59a8b0e979bd7607fdbd,26611064,0x77456463b8d41cfa22e7528a5bc0ec76ee767e4eaddef6c80f495b047d917d3f,0x9d5038772a47ade3c6a3312ebd3eb3c2b0f19b37f9cc9d69b422da31ef5bd41d,1,0,2025-12-29T05:04:17Z,581,0x409538216575caefe49af5af9b12ef4b4496041b,14177000000000000000000,14177,verified_wdegen_18_decimals,0,verified_onchain,mission2_24692180_26823905_20260529T001926Z
666666666,0x3620ca030a023bce87ec59a8b0e979bd7607fdbd,26610813,0xc890d7a3b455375340029e108607b35f5b7f03696e8d8d06e3a9233d2adad3c2,0xf1992504cd5307c146e52ccc0a1e40c46f847b8b9ef6a063b4609d140ced7206,1,0,2025-12-29T01:04:17Z,581,0x8e5caf3f39b83dbc7663f7fc2b929e21d55482af,12888000000000000000000,12888,verified_wdegen_18_decimals,0,verified_onchain,mission2_24692180_26823905_20260529T001926Z
666666666,0x3620ca030a023bce87ec59a8b0e979bd7607fdbd,26610221,0xf7901112fe51e7e02faf1b89183687dc1e89e359adc9c646361ac2bfa3639292,0x863abeddcdbb78faf812948503d4fc5241d4163b5f416addfe5575316cf6c8f6,1,0,2025-12-28T10:56:07Z,581,0x76d0e7a13248945ee9f808b4a472262b28778942,11581000000000000000000,11581,verified_wdegen_18_decimals,0,verified_onchain,mission2_24692180_26823905_20260529T001926Z
666666666,0x3620ca030a023bce87ec59a8b0e979bd7607fdbd,26610091,0x38a1ff5bb114ade325a78d26b12260db8eb2e68bcfdae8c0a1b056242f27fa84,0xc9fd9680268c122f9a56ced09d8fbc283a5b344fd96ab91dd0cd0500e3d55bd3,1,0,2025-12-28T07:32:37Z,580,0xc421401af43d217d8bf16f18ffd076f3c84219d9,33611000000000000000000,33611,verified_wdegen_18_decimals,1,verified_onchain,mission2_24692180_26823905_20260529T001926Z
666666666,0x3620ca030a023bce87ec59a8b0e979bd7607fdbd,26610085,0x972c6491620c5714d0bdfda198d6ddc808afffecdf91e6b8f5d6544569e77ac5,0xb76cea90e4011ea913f46a58c40c8b222884b51bdc4a216d2e5bd72698c2aae8,1,0,2025-12-28T07:27:52Z,580,0x409538216575caefe49af5af9b12ef4b4496041b,30555000000000000000000,30555,verified_wdegen_18_decimals,1,verified_onchain,mission2_24692180_26823905_20260529T001926Z
666666666,0x3620ca030a023bce87ec59a8b0e979bd7607fdbd,26610082,0x907a632d85b62bc44f04ed79006eae6ddf96768b087e1bf589b0c77e1d7d0766,0x0888c500d505db162df6f6375d079300ed4e31004f91763b16b652ff0e0349f3,1,0,2025-12-28T07:23:02Z,580,0xc421401af43d217d8bf16f18ffd076f3c84219d9,27777000000000000000000,27777,verified_wdegen_18_decimals,0,verified_onchain,mission2_24692180_26823905_20260529T001926Z
666666666,0x3620ca030a023bce87ec59a8b0e979bd7607fdbd,26610068,0x0c46c10bcd9128c949b344f67e6914de12445fc311329d178cec4bd73c666c0a,0x0a58e042644b6a94fc71295e28d161895c89a2ab003313e23833062bfeb1345f,1,0,2025-12-28T06:57:08Z,580,0x409538216575caefe49af5af9b12ef4b4496041b,24445000000000000000000,24445,verified_wdegen_18_decimals,0,verified_onchain,mission2_24692180_26823905_20260529T001926Z
666666666,0x3620ca030a023bce87ec59a8b0e979bd7607fdbd,26609431,0x5d8878c70564480a956a6d73b33edc0c230c2bb5afeeb5d3e02980c8435f2e85,0x25ba7e779c4c4341387df3580430b946137ad4bfb1fd04a93b3a0e7c946cb06a,1,0,2025-12-27T14:54:01Z,580,0xc421401af43d217d8bf16f18ffd076f3c84219d9,22222000000000000000000,22222,verified_wdegen_18_decimals,0,verified_onchain,mission2_24692180_26823905_20260529T001926Z
666666666,0x3620ca030a023bce87ec59a8b0e979bd7607fdbd,26609325,0xb21d55f7fa13501166671df87721dfa3fd8d2684507d9d065a7735e677c3dcc0,0x424597dddb2ab4e4c9ea1ad74fdf7148da1d8abbc350a80d8059dcff0fdb6a6c,1,0,2025-12-27T12:24:24Z,580,0x76d0e7a13248945ee9f808b4a472262b28778942,11580000000000000000000,11580,verified_wdegen_18_decimals,0,verified_onchain,mission2_24692180_26823905_20260529T001926Z
666666666,0x3620ca030a023bce87ec59a8b0e979bd7607fdbd,26609134,0x4205733f31fd15a1f426e4199baead5f9e04c9f25cb1c22a9ae63d940fdfed28,0x2f6313644104e51e73bc7ec999d7f201987c19efccc91e756a54d5f7eb593a4f,1,0,2025-12-27T07:22:55Z,579,0xc421401af43d217d8bf16f18ffd076f3c84219d9,17777000000000000000000,17777,verified_wdegen_18_decimals,1,verified_onchain,mission2_24692180_26823905_20260529T001926Z
666666666,0x3620ca030a023bce87ec59a8b0e979bd7607fdbd,26609131,0x6bdf5271b7d760d012a154dd6e76a9658ebd33bbdf45289b74fa4f26eb8f8897,0xcd8098afb0f70455c8995dc0a0a2a8b10fc38a2151022caa26bd2bb9bc9b3e51,1,0,2025-12-27T07:18:21Z,579,0x412b7153504217b405af821bdcdc5f21c71e3cbc,16134000000000000000000,16134,verified_wdegen_18_decimals,1,verified_onchain,mission2_24692180_26823905_20260529T001926Z
666666666,0x3620ca030a023bce87ec59a8b0e979bd7607fdbd,26609048,0xc93c604090ab90c5b91028f9f540e131aa3aa99b9d620ac77b017f9a5d97f881,0x5dc27d3f63ff98b5344336fd631306631abb7ecf264536b7639b2829131ff4a9,1,0,2025-12-27T05:10:37Z,579,0x409538216575caefe49af5af9b12ef4b4496041b,14667000000000000000000,14667,verified_wdegen_18_decimals,0,verified_onchain,mission2_24692180_26823905_20260529T001926Z
666666666,0x3620ca030a023bce87ec59a8b0e979bd7607fdbd,26608873,0x32e76fb2891aa44afcfa54fc66e0d701cbd18c41e1808683b2e549b7af2a2e23,0xe13234ea64a756219758b9ba8ce53d042c7b5fd93c250ad85a7860137b878e0f,1,0,2025-12-27T00:59:17Z,579,0xc421401af43d217d8bf16f18ffd076f3c84219d9,13333000000000000000000,13333,verified_wdegen_18_decimals,0,verified_onchain,mission2_24692180_26823905_20260529T001926Z
666666666,0x3620ca030a023bce87ec59a8b0e979bd7607fdbd,26608019,0x5694c0c2c584e92ea2ff14c1a7b5e855ae4e97cf0aa13d513300eb447109fa4c,0x01e242e657aa541f76c57a5449b389cb50dbdca78ad7a2e6df3c7403472a0e80,1,0,2025-12-26T07:10:34Z,578,0xc7aab24ede583b0dc9041343ae51466bb86a1ab7,17220000000000000000000,17220,verified_wdegen_18_decimals,1,verified_onchain,mission2_24692180_26823905_20260529T001926Z
666666666,0x3620ca030a023bce87ec59a8b0e979bd7607fdbd,26608013,0x2a5885ea6abcf3ece608c6890517228c5771b67db79d6f64799c8d48494fcb49,0x3252fb236371245edd0e2ab5a575ffa53fbdb664677c9b899e894e3d20bf7f79,1,0,2025-12-26T07:08:09Z,578,0x412b7153504217b405af821bdcdc5f21c71e3cbc,15654000000000000000000,15654,verified_wdegen_18_decimals,1,verified_onchain,mission2_24692180_26823905_20260529T001926Z
666666666,0x3620ca030a023bce87ec59a8b0e979bd7607fdbd,26607982,0x16928ecb95962531789a80687423a002f5bfe3273e34c2230b99546928db544e,0x8fdb32f42659167faaf7d608c52eb4c70f18a71c9cbd14dd3b4d57f463177ab1,1,0,2025-12-26T06:29:40Z,578,0xc7aab24ede583b0dc9041343ae51466bb86a1ab7,14010000000000000000000,14010,verified_wdegen_18_decimals,0,verified_onchain,mission2_24692180_26823905_20260529T001926Z
666666666,0x3620ca030a023bce87ec59a8b0e979bd7607fdbd,26607889,0xc92cf4dca9ad39d52c21b78eb7af2c21216c2e2606bf95a8712a0e6f1a6132d9,0x8265c1b7c9143f170c6248d4394076ca58ec9689a58320a7282a182445372b7c,1,0,2025-12-26T04:24:30Z,578,0x409538216575caefe49af5af9b12ef4b4496041b,12736000000000000000000,12736,verified_wdegen_18_decimals,0,verified_onchain,mission2_24692180_26823905_20260529T001926Z
666666666,0x3620ca030a023bce87ec59a8b0e979bd7607fdbd,26606554,0x3bbb0d1093336d5d38560d8408634ceba4d018e796f5d978f4f0c92c256681b7,0xdba2cd21b66f4876bde2be4b7bc04525a45a5ebe4a087a472bcf17a0cd4d6f45,1,0,2025-12-25T08:03:10Z,578,0x76d0e7a13248945ee9f808b4a472262b28778942,11578000000000000000000,11578,verified_wdegen_18_decimals,0,verified_onchain,mission2_24692180_26823905_20260529T001926Z
666666666,0x3620ca030a023bce87ec59a8b0e979bd7607fdbd,26606420,0xbda918ebe2f3071597e595a8e0d15e91a74fb6eb80a2b0fcd7f55a4a36c4c310,0x3caee5d05f9be3e1d853a6786f57d2ff9e5a38e73828800c28b2d80d6f753694,1,0,2025-12-25T05:13:12Z,577,0x409538216575caefe49af5af9b12ef4b4496041b,14009000000000000000000,14009,verified_wdegen_18_decimals,0,verified_onchain,mission2_24692180_26823905_20260529T001926Z
666666666,0x3620ca030a023bce87ec59a8b0e979bd7607fdbd,26606081,0xca351db079f23c3acec29cb5102c361f154ef103289a4b49acbbf183e82df587,0x9bd55c5ba8d2297b92401e285d03a5af11f7c2477211c59d58616b937bcf93a0,1,0,2025-12-24T22:25:51Z,577,0x8e5caf3f39b83dbc7663f7fc2b929e21d55482af,12735000000000000000000,12735,verified_wdegen_18_decimals,0,verified_onchain,mission2_24692180_26823905_20260529T001926Z
666666666,0x3620ca030a023bce87ec59a8b0e979bd7607fdbd,26605375,0x289aef9a44bdec40903b7f2f5abf95b8fe6948daadb11a27615114b6d08ea452,0xd5f3acaed9aae101f606087dae7f06dc30acb9e89c5396ffc7263d3c0d3efd0c,1,0,2025-12-24T09:29:10Z,577,0x76d0e7a13248945ee9f808b4a472262b28778942,11577000000000000000000,11577,verified_wdegen_18_decimals,0,verified_onchain,mission2_24692180_26823905_20260529T001926Z
666666666,0x3620ca030a023bce87ec59a8b0e979bd7607fdbd,26605255,0x23cacd1db9d0a6608cc20496ad6f0fa1a55939c853966810c968faad3d03a049,0x4488b346e879ceaf9978c3e3069ec341e8e9699994c91fd9aaa0cfbef9dd2fb4,1,0,2025-12-24T06:58:37Z,576,0x43f8c3e0c0ab23f0a8660f3ea3ce1a7016f96a33,15410000000000000000000,15410,verified_wdegen_18_decimals,0,verified_onchain,mission2_24692180_26823905_20260529T001926Z
666666666,0x3620ca030a023bce87ec59a8b0e979bd7607fdbd,26605218,0x92cd1111055f519158c7a902e0856f51f36c9fa4171c241e35d9fdbb27c0a39c,0xb3b4a3dfb4e54f497212d6f2ffd9c0b4eec5115942f49f37459713f65abcaa01,1,0,2025-12-24T06:10:18Z,576,0x412b7153504217b405af821bdcdc5f21c71e3cbc,14009000000000000000000,14009,verified_wdegen_18_decimals,0,verified_onchain,mission2_24692180_26823905_20260529T001926Z
666666666,0x3620ca030a023bce87ec59a8b0e979bd7607fdbd,26605166,0x2ff582d51d5b31616d12860f6cd33be038766a63702779840861e64fe820501c,0x0b7f843335ec6d77e780b386cb4e8f2c90b9008e2078a2e453a8064bcdfa2ca2,1,0,2025-12-24T05:01:42Z,576,0x409538216575caefe49af5af9b12ef4b4496041b,12734000000000000000000,12734,verified_wdegen_18_decimals,0,verified_onchain,mission2_24692180_26823905_20260529T001926Z
666666666,0x3620ca030a023bce87ec59a8b0e979bd7607fdbd,26604018,0xb05eaa84f546acb4d51089a0344446d935d7e480a4fbe01f21e9d1cd164e03ef,0xfc5c13ff07515318581b53b3456dbebb99b94a3207d2220c1963930dc323fd81,1,0,2025-12-23T08:53:17Z,576,0x76d0e7a13248945ee9f808b4a472262b28778942,11576000000000000000000,11576,verified_wdegen_18_decimals,0,verified_onchain,mission2_24692180_26823905_20260529T001926Z
666666666,0x3620ca030a023bce87ec59a8b0e979bd7607fdbd,26603927,0x262f88d6bebb9178d546e034bbe63dfc26679218da2bbc18e739687db6f52f03,0x82877f62de5d50c9d9e089bf016846b3e9513aaae742dca969e75ad5c4e33ed8,1,0,2025-12-23T06:55:34Z,575,0xc7aab24ede583b0dc9041343ae51466bb86a1ab7,15461000000000000000000,15461,verified_wdegen_18_decimals,1,verified_onchain,mission2_24692180_26823905_20260529T001926Z
666666666,0x3620ca030a023bce87ec59a8b0e979bd7607fdbd,26603897,0xe729e75235f6e9ce62adb8fd404ef5a2429e1c6076464d6f99841205e4fbb9f1,0x505e1115380146e9502734e2d4d4eab9f9fcda76a317a3a2b5ef2b4b93cc1ce7,1,0,2025-12-23T06:21:57Z,575,0x409538216575caefe49af5af9b12ef4b4496041b,14055000000000000000000,14055,verified_wdegen_18_decimals,0,verified_onchain,mission2_24692180_26823905_20260529T001926Z
666666666,0x3620ca030a023bce87ec59a8b0e979bd7607fdbd,26603701,0xaaae82dd57dd1c9aab754801474075e78d2cbf9e7dd4ca7e70a214da4bff7d8a,0x01b0fc2f701d9f035dc3203131f57583fe59bd23158a787407a25561c0ddcee1,1,0,2025-12-23T02:38:13Z,575,0xc7aab24ede583b0dc9041343ae51466bb86a1ab7,12777000000000000000000,12777,verified_wdegen_18_decimals,0,verified_onchain,mission2_24692180_26823905_20260529T001926Z
666666666,0x3620ca030a023bce87ec59a8b0e979bd7607fdbd,26603569,0x85beb56836cb7da17d9d8cc94a16c1b128f78b9239ccca0203b77a69b578703a,0x6750e3e2b4e35ddb3e4548489512de98336cf7397949b1a7ab73df92bc9133c7,1,0,2025-12-22T23:48:27Z,575,0x76d0e7a13248945ee9f808b4a472262b28778942,11575000000000000000000,11575,verified_wdegen_18_decimals,0,verified_onchain,mission2_24692180_26823905_20260529T001926Z
666666666,0x3620ca030a023bce87ec59a8b0e979bd7607fdbd,26602665,0x1603079427e5b36d938eb2ab730ac087e6d4b4e3dee24bc7b6325c96db952ba8,0xa646a45ec5ff8f9362165d721ddbcdc3c6419da4f262c040cea2427602ec3028,1,0,2025-12-22T06:50:57Z,574,0x409538216575caefe49af5af9b12ef4b4496041b,25055000000000000000000,25055,verified_wdegen_18_decimals,1,verified_onchain,mission2_24692180_26823905_20260529T001926Z
666666666,0x3620ca030a023bce87ec59a8b0e979bd7607fdbd,26602664,0xbd0a68f5b5eaf07f75edbc8359d728707b28a0ff5ab502802f66453f901cf52b,0x4af1fc28b18992cb94b67f706ccdc0884936783413f27dc2ea1d97411b516f4a,1,0,2025-12-22T06:50:30Z,574,0xc7aab24ede583b0dc9041343ae51466bb86a1ab7,22777000000000000000000,22777,verified_wdegen_18_decimals,1,verified_onchain,mission2_24692180_26823905_20260529T001926Z
666666666,0x3620ca030a023bce87ec59a8b0e979bd7607fdbd,26602661,0xe978c0a450870a28921d231f65883f9c47f4906bebb3257ec9a7788aab1ce558,0xbf39d56a706b3d504642d7876453d9717f8c7038d4e75548f2e9b3f9223ddafa,1,0,2025-12-22T06:49:30Z,574,0x409538216575caefe49af5af9b12ef4b4496041b,20642000000000000000000,20642,verified_wdegen_18_decimals,1,verified_onchain,mission2_24692180_26823905_20260529T001926Z
666666666,0x3620ca030a023bce87ec59a8b0e979bd7607fdbd,26602660,0x79cd58fddfd859c0ccbfbb56cff625a276a2bcb187b6ef02e537dcaf1e5916fe,0x5e0bf26ee2811ea97650d795cc2d920b0c0c4446c8eb9e38734bef515db1d763,1,0,2025-12-22T06:49:06Z,574,0xc7aab24ede583b0dc9041343ae51466bb86a1ab7,18765000000000000000000,18765,verified_wdegen_18_decimals,1,verified_onchain,mission2_24692180_26823905_20260529T001926Z
666666666,0x3620ca030a023bce87ec59a8b0e979bd7607fdbd,26602659,0x82421d80187e5b53b4aa64161cb1366cbdddd064c66272470f76b2366243bd13,0x6e41baa9077e24794d5585a0aec51efa05562d71791974a81c0a88c535259fba,1,0,2025-12-22T06:45:28Z,574,0x409538216575caefe49af5af9b12ef4b4496041b,16948000000000000000000,16948,verified_wdegen_18_decimals,1,verified_onchain,mission2_24692180_26823905_20260529T001926Z
666666666,0x3620ca030a023bce87ec59a8b0e979bd7607fdbd,26602654,0xde983e3ec794b0230a11a57da6c535cba3ecd31e8e53033b5c84f3a18b28ccc1,0x16d715ecc9646109a57e3d49c165144f830d9ae7cabe0ee1b3ffaff1bdb4e9aa,1,0,2025-12-22T06:44:49Z,574,0xc7aab24ede583b0dc9041343ae51466bb86a1ab7,15407000000000000000000,15407,verified_wdegen_18_decimals,1,verified_onchain,mission2_24692180_26823905_20260529T001926Z
666666666,0x3620ca030a023bce87ec59a8b0e979bd7607fdbd,26602652,0x9119c012abdeefaeb79d1a1a5e251310fe94bb152f81fa6db13e5ca8803dbe83,0x2f60da63e15c4fa4b06c6e53e1db73f6cfe7d81cd0222be7de12cb9f0e066223,1,0,2025-12-22T06:42:01Z,574,0x409538216575caefe49af5af9b12ef4b4496041b,14006000000000000000000,14006,verified_wdegen_18_decimals,0,verified_onchain,mission2_24692180_26823905_20260529T001926Z
666666666,0x3620ca030a023bce87ec59a8b0e979bd7607fdbd,26602578,0xa168dcad40d1d61d82af283fd10a577eb1e75f6dec50ab238552ddc4d196f83e,0xc77b4f34c93a4a0822ab3a660199df48a3dfa89b5f5d6f2ce85b397345c1b914,1,0,2025-12-22T04:51:06Z,574,0xc7aab24ede583b0dc9041343ae51466bb86a1ab7,12732000000000000000000,12732,verified_wdegen_18_decimals,0,verified_onchain,mission2_24692180_26823905_20260529T001926Z
666666666,0x3620ca030a023bce87ec59a8b0e979bd7607fdbd,26602185,0x4823fc7ef014acf7e6ffdb1aae6d4e652cf1ced2da79ad0bc5751032b1182ba7,0x488d7a9e42f85e7a33752bdec948e8ae609752f98a18a833c2af9d192600176e,1,0,2025-12-21T21:59:46Z,574,0x76d0e7a13248945ee9f808b4a472262b28778942,11574000000000000000000,11574,verified_wdegen_18_decimals,0,verified_onchain,mission2_24692180_26823905_20260529T001926Z
666666666,0x3620ca030a023bce87ec59a8b0e979bd7607fdbd,26601468,0xba25d23fe58f4a4773c212c96a611a7fdc89207bd0a155dcd9ead259965cb4f5,0xac3d68954e0dc7d9426dcc995111ef5665c76a28ca43d0031a42d04ed9c7bb12,1,0,2025-12-21T06:36:37Z,573,0xeeb813d8c68cdc2dfcecc3c7eca71f17c830902d,23435000000000000000000,23435,verified_wdegen_18_decimals,1,verified_onchain,mission2_24692180_26823905_20260529T001926Z
666666666,0x3620ca030a023bce87ec59a8b0e979bd7607fdbd,26601463,0x58bb52c86e5e01e199fcb6bcbddbc5c29dc3d5626a1fd4237bde3015ddb05474,0x18ef837db1472509abd516404c34a463f338c54f5b9034d8f3f61a1873638d56,1,0,2025-12-21T06:31:56Z,573,0x43f8c3e0c0ab23f0a8660f3ea3ce1a7016f96a33,21304000000000000000000,21304,verified_wdegen_18_decimals,1,verified_onchain,mission2_24692180_26823905_20260529T001926Z
666666666,0x3620ca030a023bce87ec59a8b0e979bd7607fdbd,26601459,0x2c2c03c7cc31db42d43235294f7dafe93791202713d1ef938d6b5425d64ba576,0x019752a975ad66104d5312bad3606f5014679466784c9acd7186edbbc20ab1f5,1,0,2025-12-21T06:28:52Z,573,0xeeb813d8c68cdc2dfcecc3c7eca71f17c830902d,19367000000000000000000,19367,verified_wdegen_18_decimals,1,verified_onchain,mission2_24692180_26823905_20260529T001926Z
666666666,0x3620ca030a023bce87ec59a8b0e979bd7607fdbd,26601444,0x778450bd5782e8918c3aafc8054bbd304a0ea4177fd77a9d1feb23b55b261553,0x584d4e88b9e26489c03d6659668d81965d3ebc02220550caf03d9af6aadf4cef,1,0,2025-12-21T06:18:01Z,573,0xc7aab24ede583b0dc9041343ae51466bb86a1ab7,17606000000000000000000,17606,verified_wdegen_18_decimals,0,verified_onchain,mission2_24692180_26823905_20260529T001926Z
666666666,0x3620ca030a023bce87ec59a8b0e979bd7607fdbd,26601191,0x43d2ab435ef6adae6fea569dc104c001e4b4b6136dd1165c348ca81f0570048c,0x8dba349eab260558bdbcb022da9b2c743fb516651b2f1d9bc8d2094eb466fe4b,1,0,2025-12-21T00:49:53Z,573,0xeeb813d8c68cdc2dfcecc3c7eca71f17c830902d,16005000000000000000000,16005,verified_wdegen_18_decimals,0,verified_onchain,mission2_24692180_26823905_20260529T001926Z
666666666,0x3620ca030a023bce87ec59a8b0e979bd7607fdbd,26600661,0x945ae9c3d261eb28882929b83dd006971c1557ec0c6fe13da289c93acb012d50,0x41a4a150b7830c9f92997b33f5454cebe16d77055320cb68ec9a8655dfab0eb9,1,0,2025-12-20T10:26:33Z,573,0xcfc162ca64a2b993dcc7001dca3f23f718e6dcc2,12731000000000000000000,12731,verified_wdegen_18_decimals,0,verified_onchain,mission2_24692180_26823905_20260529T001926Z
666666666,0x3620ca030a023bce87ec59a8b0e979bd7607fdbd,26600607,0xf0f3714929dbe435de21dee5b78413c3f400983f0bb1cc1c23cb10b607a86f73,0x3a99faf1cc6b2a79a014a110996c13cfcfdf1a0740a15eb60b456d6386d6fa6d,1,0,2025-12-20T09:21:52Z,573,0x76d0e7a13248945ee9f808b4a472262b28778942,11573000000000000000000,11573,verified_wdegen_18_decimals,0,verified_onchain,mission2_24692180_26823905_20260529T001926Z
666666666,0x3620ca030a023bce87ec59a8b0e979bd7607fdbd,26600475,0x6a09bff155989d107d866ef6429197c4cb65d286314a54a4a0bdca99435b5a36,0xb43f9d7950444d479dc39e09167d4ea245a10e573dadf61e9c8a3acd5d7deb78,1,0,2025-12-20T06:24:52Z,572,0xcfc162ca64a2b993dcc7001dca3f23f718e6dcc2,18157000000000000000000,18157,verified_wdegen_18_decimals,1,verified_onchain,mission2_24692180_26823905_20260529T001926Z
666666666,0x3620ca030a023bce87ec59a8b0e979bd7607fdbd,26600457,0x2b08d4800f4c105e2ce0b77310e4f6d911e693ac01b06207c57d3183ab8bed1d,0x6612b90ba005032cd5003ad1ea6cc412e84c8faffb280ee7b22c2b77595ddaf8,1,0,2025-12-20T06:08:35Z,572,0xc7aab24ede583b0dc9041343ae51466bb86a1ab7,16506000000000000000000,16506,verified_wdegen_18_decimals,0,verified_onchain,mission2_24692180_26823905_20260529T001926Z
666666666,0x3620ca030a023bce87ec59a8b0e979bd7607fdbd,26600153,0xdaecacf342cc8cc8a46dc537f0275dc824dc316da4cab8764bf6ce84f6099a9c,0x6abe39281839fd9b637e424b927a1862fdf9ad8367a18e21bafec7f6ced58d99,1,0,2025-12-20T01:29:55Z,572,0xeeb813d8c68cdc2dfcecc3c7eca71f17c830902d,15005000000000000000000,15005,verified_wdegen_18_decimals,0,verified_onchain,mission2_24692180_26823905_20260529T001926Z
666666666,0x3620ca030a023bce87ec59a8b0e979bd7607fdbd,26598907,0x738c371afedde48887ed682598b015c47f3a1fdadacf445ca0dbc58eb9cd834d,0x1ab5b51d4dee1620a78ff6e2b12b41bdb3a4b8f66a098d087fae51aa003bc1fc,1,0,2025-12-19T08:27:00Z,572,0xcfc162ca64a2b993dcc7001dca3f23f718e6dcc2,12730000000000000000000,12730,verified_wdegen_18_decimals,0,verified_onchain,mission2_24692180_26823905_20260529T001926Z
666666666,0x3620ca030a023bce87ec59a8b0e979bd7607fdbd,26598876,0xd25d580b5b5377c0fbdf97afd921641b7c2f334487fed96b0059b974c9487731,0x0ef26f16569aa2ef5439f9d2d055196b4add66d10f515a3ac4053082facd5930,1,0,2025-12-19T07:57:37Z,572,0x76d0e7a13248945ee9f808b4a472262b28778942,11572000000000000000000,11572,verified_wdegen_18_decimals,0,verified_onchain,mission2_24692180_26823905_20260529T001926Z
666666666,0x3620ca030a023bce87ec59a8b0e979bd7607fdbd,26598848,0xe0b00c9cf304ade39a2bbf67e95cffc76c786a3f6deb9ec9058744f0dcf4867e,0x0aaaf3dae72e9718dd6319e038e00b032b48798ed3ffb6daa93ecbac8c09b318,1,0,2025-12-19T07:30:19Z,572,0x409538216575caefe49af5af9b12ef4b4496041b,6969000000000000000000,6969,verified_wdegen_18_decimals,0,verified_onchain,mission2_24692180_26823905_20260529T001926Z
666666666,0x3620ca030a023bce87ec59a8b0e979bd7607fdbd,26598682,0x304f7e7b75aabf5ca1f83a261564792eb4fefc06190b3e1f545a5ce4e84580c8,0x037896c8fe4678687bba745011e6357c554c2170bb6a062fe116874b291754e7,1,0,2025-12-19T05:01:06Z,571,0x8e5caf3f39b83dbc7663f7fc2b929e21d55482af,15403000000000000000000,15403,verified_wdegen_18_decimals,0,verified_onchain,mission2_24692180_26823905_20260529T001926Z
666666666,0x3620ca030a023bce87ec59a8b0e979bd7607fdbd,26598652,0x03fff6b59ae6915cac28eb5a073f44069e2bc0aadf1ee32dd94af0a8ce1675eb,0x0b822a6221fd2348a12e5273f46ca53a166043f1e9560959aefe008472f918d2,1,0,2025-12-19T04:32:19Z,571,0x409538216575caefe49af5af9b12ef4b4496041b,14002000000000000000000,14002,verified_wdegen_18_decimals,0,verified_onchain,mission2_24692180_26823905_20260529T001926Z
666666666,0x3620ca030a023bce87ec59a8b0e979bd7607fdbd,26597997,0x2800d200d0d37fb1533f4442ed0e2c3248be409eae95889fe27b4d9454d2a803,0x89610c547ff179be315b094fa57edce01108fe325662fe20b8b161c1bad38bd5,1,0,2025-12-18T19:05:15Z,571,0xcfc162ca64a2b993dcc7001dca3f23f718e6dcc2,12729000000000000000000,12729,verified_wdegen_18_decimals,0,verified_onchain,mission2_24692180_26823905_20260529T001926Z
666666666,0x3620ca030a023bce87ec59a8b0e979bd7607fdbd,26596821,0x399e1a5d3e4add5c796650d5b61631104c901ffbad95614161a168ea1a69f9bf,0xab8a0f19e99c2927aacd563b7764f153c1bb9bcabb3c7cf33719eb313c709a32,1,0,2025-12-18T11:09:40Z,571,0x76d0e7a13248945ee9f808b4a472262b28778942,11571000000000000000000,11571,verified_wdegen_18_decimals,0,verified_onchain,mission2_24692180_26823905_20260529T001926Z
666666666,0x3620ca030a023bce87ec59a8b0e979bd7607fdbd,26596814,0x21920b0aa38382d9e2804aebb7c6a91d3e7f7d594415d01f5c2190f37284a98c,0xbd8fd0381b7f29cf74e54ea6925483cbee88a2c76f4d4c2452d0d28deafdcd37,1,0,2025-12-18T10:57:11Z,571,0xbb672bbe37c259e7d22b250d6f1310161eefaece,1254000000000000000000,1254,verified_wdegen_18_decimals,0,verified_onchain,mission2_24692180_26823905_20260529T001926Z
666666666,0x3620ca030a023bce87ec59a8b0e979bd7607fdbd,26596317,0xa4a2a8629ca0b46dc79720771eb26cb7c337a12c2aa543c1647821b833fb67d2,0xdb02a2388a3688e5be62ddec6501ec33f7344c9bae270369f1bff22f7a71ca57,1,0,2025-12-18T06:19:32Z,570,0xcfc162ca64a2b993dcc7001dca3f23f718e6dcc2,25667000000000000000000,25667,verified_wdegen_18_decimals,1,verified_onchain,mission2_24692180_26823905_20260529T001926Z
666666666,0x3620ca030a023bce87ec59a8b0e979bd7607fdbd,26596316,0xacdbe0fbe52928fd734ea83d70b8aca342e2633338bf3bda032393005b85b1c3,0x97958c6bfbc08fbe104f7083b27eacb202ef589f3762a1ce0483f1a18365aa0f,1,0,2025-12-18T06:18:03Z,570,0xc421401af43d217d8bf16f18ffd076f3c84219d9,23333000000000000000000,23333,verified_wdegen_18_decimals,1,verified_onchain,mission2_24692180_26823905_20260529T001926Z
666666666,0x3620ca030a023bce87ec59a8b0e979bd7607fdbd,26596304,0x41faa2d1feef52b8ea43f23f7e8e9fad567eb5eae29c6077b4a3cf8d8678adb4,0x0ee6547fee3f539187646d00e767e211e9d9a70b71d105819877e5d1e062fc44,1,0,2025-12-18T06:14:16Z,570,0x409538216575caefe49af5af9b12ef4b4496041b,20777000000000000000000,20777,verified_wdegen_18_decimals,1,verified_onchain,mission2_24692180_26823905_20260529T001926Z
666666666,0x3620ca030a023bce87ec59a8b0e979bd7607fdbd,26596303,0xe1b87b2aa939fe80cfc08439d7d3d059791d0cac4cef5f4b8943231412ec163c,0xbf4090e356c12961240e2b0e6e21565c5a8c2d4c807b35d8b41b108f0aae833e,1,0,2025-12-18T06:14:01Z,570,0xc421401af43d217d8bf16f18ffd076f3c84219d9,18888000000000000000000,18888,verified_wdegen_18_decimals,1,verified_onchain,mission2_24692180_26823905_20260529T001926Z
666666666,0x3620ca030a023bce87ec59a8b0e979bd7607fdbd,26596302,0x9a748f5ad7ff888b13a6a34dd2fe569f763b33f418d99a21481f207c576e15ba,0xbb1d9eeb7a508bbe5d203eeaa5c25a28bdb61edc9e9759994a6fa3e146417fcf,1,0,2025-12-18T06:10:46Z,570,0x409538216575caefe49af5af9b12ef4b4496041b,17111000000000000000000,17111,verified_wdegen_18_decimals,1,verified_onchain,mission2_24692180_26823905_20260529T001926Z
666666666,0x3620ca030a023bce87ec59a8b0e979bd7607fdbd,26596299,0xa8c79ba8204fefb80596a46f81633a6cffef587cbe9b5e1d722992e4609c4571,0x9cf6edaeb7cb87c400cc75a984af295fee7ad761f30f429736437255fafc53a9,1,0,2025-12-18T06:08:14Z,570,0xc421401af43d217d8bf16f18ffd076f3c84219d9,15555000000000000000000,15555,verified_wdegen_18_decimals,0,verified_onchain,mission2_24692180_26823905_20260529T001926Z
666666666,0x3620ca030a023bce87ec59a8b0e979bd7607fdbd,26596210,0xaab57ae870058f773628d774b7161236eb1b7d6ecdb8e313970f3f192a97c00a,0xe6ed7baddcc9113d3bae3789f0414f01f48986a4f1a4a6d1cea8e61676d1db52,1,0,2025-12-18T04:26:26Z,570,0x409538216575caefe49af5af9b12ef4b4496041b,14068000000000000000000,14068,verified_wdegen_18_decimals,0,verified_onchain,mission2_24692180_26823905_20260529T001926Z
666666666,0x3620ca030a023bce87ec59a8b0e979bd7607fdbd,26596091,0x9306426a62f33cc063aa110401419107ef5d01ab51ca80ad439d103c95518ada,0x87ca8735ccc5e6ac59641759bee1415e38f438cff3e85db2a0fba99221c0497d,1,0,2025-12-18T02:25:31Z,570,0xc421401af43d217d8bf16f18ffd076f3c84219d9,12789000000000000000000,12789,verified_wdegen_18_decimals,0,verified_onchain,mission2_24692180_26823905_20260529T001926Z
666666666,0x3620ca030a023bce87ec59a8b0e979bd7607fdbd,26595064,0x4f8344cbc59c59e098470e5164ac7606957e5f63f2f30e1d3eaad9f686fd6193,0xeafeb4acfe0c20c2fe984eca70f75d45e8e64650ebee8eb6bfda1707809d8126,1,0,2025-12-17T08:38:08Z,570,0x76d0e7a13248945ee9f808b4a472262b28778942,11570000000000000000000,11570,verified_wdegen_18_decimals,0,verified_onchain,mission2_24692180_26823905_20260529T001926Z
666666666,0x3620ca030a023bce87ec59a8b0e979bd7607fdbd,26594828,0xa2e334beb3f440c78702ae15766a6c527b6872b614ecb36c515dbfa5af0fe46b,0x5ca3ba4f90e18f3a2a71a921854a5c344f9f1ae8d049c01a53d8f733365f4f2a,1,0,2025-12-17T03:22:38Z,569,0x8e5caf3f39b83dbc7663f7fc2b929e21d55482af,12726000000000000000000,12726,verified_wdegen_18_decimals,0,verified_onchain,mission2_24692180_26823905_20260529T001926Z
666666666,0x3620ca030a023bce87ec59a8b0e979bd7607fdbd,26591673,0x4fdac2c1516ba013c414a917b868a9860333c3bb31f6126a02af50f3754712a8,0x77dff1523d11cceccc8dd6ba2dbf896606b50389c5b733a39ba399fcac34e39b,1,0,2025-12-16T07:54:46Z,569,0x76d0e7a13248945ee9f808b4a472262b28778942,11569000000000000000000,11569,verified_wdegen_18_decimals,0,verified_onchain,mission2_24692180_26823905_20260529T001926Z
666666666,0x3620ca030a023bce87ec59a8b0e979bd7607fdbd,26591440,0x107ce78bffa19ac4a40c8c02d321207ab1bb400934da19bc7d602432c6217c81,0x6c270535475488b433e2f1bb09d275b51f11f246fa3825d3b0676dd4e289c3e1,1,0,2025-12-16T06:15:38Z,569,0xc7aab24ede583b0dc9041343ae51466bb86a1ab7,1234000000000000000000,1234,verified_wdegen_18_decimals,0,verified_onchain,mission2_24692180_26823905_20260529T001926Z
666666666,0x3620ca030a023bce87ec59a8b0e979bd7607fdbd,26591118,0xcb5d64cbf155b06f2389ab0b1dc59e8b560a436079c8ec5a536c049b42a46a16,0x83c601dd0fe39a40a776650c5217b0f7d5e82cb5ca73d1e04d2bfbc1e82c5e6b,1,0,2025-12-16T03:15:33Z,568,0xc7aab24ede583b0dc9041343ae51466bb86a1ab7,12725000000000000000000,12725,verified_wdegen_18_decimals,0,verified_onchain,mission2_24692180_26823905_20260529T001926Z
666666666,0x3620ca030a023bce87ec59a8b0e979bd7607fdbd,26590436,0x4ec0371e8bb01f966d21a84651ecf028459e22535f4ff6ff234207801f1cbefd,0x3ac6fe663f2458a43cd0368f3b7a981ce162535d43c929edd2412ac2144f3d15,1,0,2025-12-15T22:44:48Z,568,0x76d0e7a13248945ee9f808b4a472262b28778942,11568000000000000000000,11568,verified_wdegen_18_decimals,0,verified_onchain,mission2_24692180_26823905_20260529T001926Z
666666666,0x3620ca030a023bce87ec59a8b0e979bd7607fdbd,26583793,0x80d7c36cc40adf76e32282a2431eef71b28770c0d8852d4bcd70f92c5419a857,0x1b4b888a3d92be2a1f1656b7163b4d2b807a619e62f1cd012b2c6909afc250eb,1,0,2025-12-14T06:07:21Z,567,0xbb672bbe37c259e7d22b250d6f1310161eefaece,15000000000000000000000,15000,verified_wdegen_18_decimals,0,verified_onchain,mission2_24692180_26823905_20260529T001926Z
666666666,0x3620ca030a023bce87ec59a8b0e979bd7607fdbd,26583783,0xa54a589f771f40df14c4690c1a34a9de1ee178a6045e103b57d38fd81744f53f,0x2d2614cddbdb9a8a65978bca3be02d05cabb7b8f0589c6b10fe7da9f1d9b48ee,1,0,2025-12-14T05:51:45Z,566,0x409538216575caefe49af5af9b12ef4b4496041b,24891000000000000000000,24891,verified_wdegen_18_decimals,1,verified_onchain,mission2_24692180_26823905_20260529T001926Z
666666666,0x3620ca030a023bce87ec59a8b0e979bd7607fdbd,26583782,0x59a6daabd7cf86d4ef9e95d5d3797cb855edb822a14896a75b46578f14399702,0xe47cad0242ef6b4cc988b5661b7e78210da9adf303515cb99031a9958449047c,1,0,2025-12-14T05:51:34Z,566,0xbb672bbe37c259e7d22b250d6f1310161eefaece,22628000000000000000000,22628,verified_wdegen_18_decimals,1,verified_onchain,mission2_24692180_26823905_20260529T001926Z
666666666,0x3620ca030a023bce87ec59a8b0e979bd7607fdbd,26583778,0xd014ec60d247a5425750a581c44fc83b1792f98b99b8d5fecedbd04eb2b5e79e,0x8ae6d98bbd8b8b69213c10686df3d91937f0e35f29b999ee140873e6f7c5194f,1,0,2025-12-14T05:46:40Z,566,0x409538216575caefe49af5af9b12ef4b4496041b,20570000000000000000000,20570,verified_wdegen_18_decimals,0,verified_onchain,mission2_24692180_26823905_20260529T001926Z
666666666,0x3620ca030a023bce87ec59a8b0e979bd7607fdbd,26583777,0x14cf334337d05fe857d4f651ea5fe34335bb6c939cf0908aba0a864d9a91f153,0x311a18a6505cc217a3e5d095cd7ba3c095f6a221bf7c7e82c0e37424cb46ea26,1,0,2025-12-14T05:45:32Z,566,0xbb672bbe37c259e7d22b250d6f1310161eefaece,18700000000000000000000,18700,verified_wdegen_18_decimals,0,verified_onchain,mission2_24692180_26823905_20260529T001926Z
666666666,0x3620ca030a023bce87ec59a8b0e979bd7607fdbd,26583772,0x30ac7345f642f11283957aa1419efc0453a16db0c6ff764f6ad32d97ebb7f32e,0xbcec642e5b3f40d784dc94f40b528789cf20c4aa4871279c1b03c17fa8cca1e5,1,0,2025-12-14T05:40:36Z,566,0x8e5caf3f39b83dbc7663f7fc2b929e21d55482af,17000000000000000000000,17000,verified_wdegen_18_decimals,0,verified_onchain,mission2_24692180_26823905_20260529T001926Z
666666666,0x3620ca030a023bce87ec59a8b0e979bd7607fdbd,26583765,0xb4ee41c5e8bbd6283d9179f410477344c5ed317507170e580455004cd82e379d,0x1de824a8b34dbea1b3abb97c93b06633a5fa73cc70e69712b2202a67f6c5e793,1,0,2025-12-14T05:33:33Z,566,0x409538216575caefe49af5af9b12ef4b4496041b,15401000000000000000000,15401,verified_wdegen_18_decimals,0,verified_onchain,mission2_24692180_26823905_20260529T001926Z
666666666,0x3620ca030a023bce87ec59a8b0e979bd7607fdbd,26583758,0x42209d8ec66ad5168d9806af4bcf53441ebecd8d2d27c344d1ad9f5c59e777ba,0x3393bfd9d0877de1ab3dd80b3cfb6a48a36bf13c3298509cbe2b459e1a06dc25,1,0,2025-12-14T05:30:35Z,566,0x8e5caf3f39b83dbc7663f7fc2b929e21d55482af,14000000000000000000000,14000,verified_wdegen_18_decimals,0,verified_onchain,mission2_24692180_26823905_20260529T001926Z
666666666,0x3620ca030a023bce87ec59a8b0e979bd7607fdbd,26582868,0x678f64b575d5b09c4f5822ef2005c8a49396ebe06bba769708b614ae24102b48,0x3ed20e44691bf5cfffbdff0dd93edbc60d171e00e0dba722c795d325d5a1f187,1,0,2025-12-13T23:54:40Z,566,0xbb672bbe37c259e7d22b250d6f1310161eefaece,12723000000000000000000,12723,verified_wdegen_18_decimals,0,verified_onchain,mission2_24692180_26823905_20260529T001926Z
666666666,0x3620ca030a023bce87ec59a8b0e979bd7607fdbd,26579856,0x1bf032f7dde5574407ddd34133e3a0d774179af5eb04ec61d869bbe9c69925e5,0x654e4bb6fbd665abfe8f1aff77dc1248b08ce06fbb1941ee69393b9d3abd34fa,1,0,2025-12-13T06:01:30Z,566,0x76d0e7a13248945ee9f808b4a472262b28778942,11566000000000000000000,11566,verified_wdegen_18_decimals,0,verified_onchain,mission2_24692180_26823905_20260529T001926Z
666666666,0x3620ca030a023bce87ec59a8b0e979bd7607fdbd,26579789,0x09470fcfced99eb62be01b4baad433b762f6de60be3381277bbd5bc1f1d01421,0xa8469a0711775acdca0e3aa9890c57ddac2dc00574e8ed338b2925a2e67fe414,1,0,2025-12-13T05:41:57Z,565,0xc421401af43d217d8bf16f18ffd076f3c84219d9,14141000000000000000000,14141,verified_wdegen_18_decimals,0,verified_onchain,mission2_24692180_26823905_20260529T001926Z
666666666,0x3620ca030a023bce87ec59a8b0e979bd7607fdbd,26579469,0x35b797780a3389983b719b5df06cd00ccce84e565e21be1779ba9615b1e9a3d0,0xeb1d9bc9a91d9d8506bc5e00be98f715a0385b8cb3d104b53fcb1b1dfd8f7e1a,1,0,2025-12-13T03:28:04Z,565,0xbb672bbe37c259e7d22b250d6f1310161eefaece,12722000000000000000000,12722,verified_wdegen_18_decimals,0,verified_onchain,mission2_24692180_26823905_20260529T001926Z
666666666,0x3620ca030a023bce87ec59a8b0e979bd7607fdbd,26576362,0x7a5cf79c26019e28c2eaa95c84c5c68fb1b935a3ef3be62642492869d364a37e,0x5f1a8d8fb4e8160166e9b8faeb8b926b52e0d323be39c7edd68ad900426b8d0c,1,0,2025-12-12T07:19:38Z,565,0x76d0e7a13248945ee9f808b4a472262b28778942,11565000000000000000000,11565,verified_wdegen_18_decimals,0,verified_onchain,mission2_24692180_26823905_20260529T001926Z
666666666,0x3620ca030a023bce87ec59a8b0e979bd7607fdbd,26576081,0xcb333cdabe29844fa9666f418670cabe27ddd3b954b7160191cac02ddb4f8cfd,0x8e1936e5ceb44ed4398023ffdbe46debf6db1b78526c50f9f3ca027e24f061d4,1,0,2025-12-12T05:53:18Z,565,0xc7aab24ede583b0dc9041343ae51466bb86a1ab7,1000000000000000000000,1000,verified_wdegen_18_decimals,0,verified_onchain,mission2_24692180_26823905_20260529T001926Z
666666666,0x3620ca030a023bce87ec59a8b0e979bd7607fdbd,26576058,0xd246aa32b7077da9b38bcf2bf645e86916ae98c0938218a3fc21f0a653970d15,0x5bdcc6e4c8c66fef6d0bacd055cd4be5a616b4190fc250a2e207c93cb19bed29,1,0,2025-12-12T05:46:13Z,564,0xc7aab24ede583b0dc9041343ae51466bb86a1ab7,20501000000000000000000,20501,verified_wdegen_18_decimals,1,verified_onchain,mission2_24692180_26823905_20260529T001926Z
666666666,0x3620ca030a023bce87ec59a8b0e979bd7607fdbd,26576048,0xa3c9ce5ba407d0d9799277aa603e7156929c6091f9e4fcbc5391eae8b41fb6fa,0xd8568dbf76a3809e29236e5f9032bbd75af960a552711c717591dfbfddc95a31,1,0,2025-12-12T05:44:54Z,564,0x409538216575caefe49af5af9b12ef4b4496041b,18637000000000000000000,18637,verified_wdegen_18_decimals,1,verified_onchain,mission2_24692180_26823905_20260529T001926Z
666666666,0x3620ca030a023bce87ec59a8b0e979bd7607fdbd,26576041,0xa57dcbf18dcccb2f795f5662b956aec7e42ddb4a3b51868696c7344aec43741d,0x3f82f439a388c9b2a1f3b2db4e8b7fcb2403e76da521683975a6ee65a6740433,1,0,2025-12-12T05:44:18Z,564,0xc7aab24ede583b0dc9041343ae51466bb86a1ab7,16942000000000000000000,16942,verified_wdegen_18_decimals,1,verified_onchain,mission2_24692180_26823905_20260529T001926Z
666666666,0x3620ca030a023bce87ec59a8b0e979bd7607fdbd,26576035,0x41f00bece3819bb5a4cf2b7398dd8229eac3a9e523759a9ff9cf98f0ee0d61c8,0xc93b3b4763e948acb668d0a60cde7e62cd09b9203b0c761fcf82768ff2fdcd69,1,0,2025-12-12T05:41:03Z,564,0x409538216575caefe49af5af9b12ef4b4496041b,15401000000000000000000,15401,verified_wdegen_18_decimals,1,verified_onchain,mission2_24692180_26823905_20260529T001926Z
666666666,0x3620ca030a023bce87ec59a8b0e979bd7607fdbd,26576014,0xbda5835ab2633c83683c5e52a96e6978e52bfc43239b4a017843a2961c367d85,0x12dca98fbe4b9a54e6422157364b6e92129829e8c3be3d15524f4666c6250bda,1,0,2025-12-12T05:37:01Z,564,0xc7aab24ede583b0dc9041343ae51466bb86a1ab7,14000000000000000000000,14000,verified_wdegen_18_decimals,0,verified_onchain,mission2_24692180_26823905_20260529T001926Z
666666666,0x3620ca030a023bce87ec59a8b0e979bd7607fdbd,26575762,0x49a4544953994870e9e21cf6d4651b0e775b92bc780ff019d9a5f8186d0ee71c,0xabaf72fc0710136ec1c7fe6492fc526f93f5aa52c86d531da0681240caa3e492,1,0,2025-12-12T04:22:47Z,564,0x409538216575caefe49af5af9b12ef4b4496041b,12721000000000000000000,12721,verified_wdegen_18_decimals,0,verified_onchain,mission2_24692180_26823905_20260529T001926Z
666666666,0x3620ca030a023bce87ec59a8b0e979bd7607fdbd,26572787,0x8cca79328c9bd1fb40535ca7991732f288498decd9054c012d911632c88d705f,0x44379b8d60ad7d1e461f37d8fe25c46897c59794b4d70d46c1f12010d5a9d71e,1,0,2025-12-11T06:32:02Z,564,0x76d0e7a13248945ee9f808b4a472262b28778942,11564000000000000000000,11564,verified_wdegen_18_decimals,0,verified_onchain,mission2_24692180_26823905_20260529T001926Z
666666666,0x3620ca030a023bce87ec59a8b0e979bd7607fdbd,26572552,0x805da392555df98d7317a6f48203e4245689900bd23f166d30be42d3cad29d66,0x9cdf28db98b0eb9207e7ddf99b43cde7de29a780258a74d906313e38d63a1b9b,1,0,2025-12-11T05:14:53Z,563,0x409538216575caefe49af5af9b12ef4b4496041b,12720000000000000000000,12720,verified_wdegen_18_decimals,0,verified_onchain,mission2_24692180_26823905_20260529T001926Z
666666666,0x3620ca030a023bce87ec59a8b0e979bd7607fdbd,26568272,0xe269d569db3f5283d803c55447772815dd51a3ed19d38a29bfe132840b70e09c,0x7b7e74fd240ee01faf5b4254b036ee8c33a57cda6e8ca89aca8a7b5d1369cdb6,1,0,2025-12-10T05:53:06Z,563,0x76d0e7a13248945ee9f808b4a472262b28778942,11563000000000000000000,11563,verified_wdegen_18_decimals,0,verified_onchain,mission2_24692180_26823905_20260529T001926Z
666666666,0x3620ca030a023bce87ec59a8b0e979bd7607fdbd,26568236,0x62f72f8e581ef8b47bce56929f1f0c48657bdc3a4008333a6a082070392be77d,0x44043dd7e8383c5391fcf8b0d9a1aee3c614d33a5f8c1d44716b6515f34fcc4c,1,0,2025-12-10T05:43:32Z,563,0x409538216575caefe49af5af9b12ef4b4496041b,6969000000000000000000,6969,verified_wdegen_18_decimals,0,verified_onchain,mission2_24692180_26823905_20260529T001926Z
666666666,0x3620ca030a023bce87ec59a8b0e979bd7607fdbd,26568213,0x8d2bffd25b6eac169fae37ef93f809b143eb63e53c11de4d22eb804c8b69560d,0xd016bdb218962737c7c71793370f2b56e9121bcf0db05caee0981bc06f443404,1,0,2025-12-10T05:37:27Z,562,0x409538216575caefe49af5af9b12ef4b4496041b,13991000000000000000000,13991,verified_wdegen_18_decimals,1,verified_onchain,mission2_24692180_26823905_20260529T001926Z
666666666,0x3620ca030a023bce87ec59a8b0e979bd7607fdbd,26566988,0x77cc088ba35a96f9742bcef98e23bffcb098458cd889c38abb72d2ec5413b4c1,0x419b368f91619a02e1dd989ab9cec8363ef7da50c9f49706fdcb8f0db3e32692,1,0,2025-12-09T21:33:45Z,562,0xcfc162ca64a2b993dcc7001dca3f23f718e6dcc2,12719000000000000000000,12719,verified_wdegen_18_decimals,0,verified_onchain,mission2_24692180_26823905_20260529T001926Z
666666666,0x3620ca030a023bce87ec59a8b0e979bd7607fdbd,26563976,0xd8bfebc64de2e9067565d2c01584a6a7fcdd7ab48a2975a29c044d27cabac50b,0x08b823ea153ea050c537335b04a2f72e73f5e01b9844169328c8e0fa7c27edd2,1,0,2025-12-09T05:52:12Z,562,0x76d0e7a13248945ee9f808b4a472262b28778942,11562000000000000000000,11562,verified_wdegen_18_decimals,0,verified_onchain,mission2_24692180_26823905_20260529T001926Z
666666666,0x3620ca030a023bce87ec59a8b0e979bd7607fdbd,26563920,0x651a211932e65242f202e3941883f66f15804284865c01784242ef212f566347,0x54ef8383cd8641a138800df58eabbd7b982d48175377bddb595e26f38a89a0cb,1,0,2025-12-09T05:42:12Z,562,0xc7aab24ede583b0dc9041343ae51466bb86a1ab7,3210000000000000000000,3210,verified_wdegen_18_decimals,0,verified_onchain,mission2_24692180_26823905_20260529T001926Z
666666666,0x3620ca030a023bce87ec59a8b0e979bd7607fdbd,26562947,0xf26ce78e5f761fd7816371681905029b7be8eda74865e7eaca08a2b269dc46d5,0x962da6420d28515eda75f3c4e0cc22b625c978b025ce96f7df066f7ae5e5085a,1,0,2025-12-08T22:19:34Z,561,0xc7aab24ede583b0dc9041343ae51466bb86a1ab7,23232000000000000000000,23232,verified_wdegen_18_decimals,0,verified_onchain,mission2_24692180_26823905_20260529T001926Z
666666666,0x3620ca030a023bce87ec59a8b0e979bd7607fdbd,26562397,0xcfeea09d4bf1bf1bdc63e30d59c34ae7713cf86f7bd64e129a624ee062ca0a90,0x62a8daa514103b8a25a9aedd42e74b85fea8fadca6b7d930b107e2d4dc326930,1,0,2025-12-08T19:29:32Z,561,0xcfc162ca64a2b993dcc7001dca3f23f718e6dcc2,20000000000000000000000,20000,verified_wdegen_18_decimals,0,verified_onchain,mission2_24692180_26823905_20260529T001926Z
666666666,0x3620ca030a023bce87ec59a8b0e979bd7607fdbd,26560127,0xfa385eaf0b4b71dc6b52959f21ecc308c417eb298ae596d0e17bfb947de246ba,0xf0b76078e1a6c165f4266f57882c383ce13828a0aaba88958985b50d7ea38426,1,0,2025-12-08T06:06:43Z,561,0x76d0e7a13248945ee9f808b4a472262b28778942,17111000000000000000000,17111,verified_wdegen_18_decimals,0,verified_onchain,mission2_24692180_26823905_20260529T001926Z
666666666,0x3620ca030a023bce87ec59a8b0e979bd7607fdbd,26560035,0x1a5236a5668fdf4200ac2011ee478b12d366b09c6633e3bc47ebc81baa5a72de,0xfcc4a960c1bb29d6b9571c42068f5e12bc72c1a33ea4f64e55c258b875538db7,1,0,2025-12-08T05:43:20Z,561,0xc421401af43d217d8bf16f18ffd076f3c84219d9,15555000000000000000000,15555,verified_wdegen_18_decimals,0,verified_onchain,mission2_24692180_26823905_20260529T001926Z
666666666,0x3620ca030a023bce87ec59a8b0e979bd7607fdbd,26560034,0xae444e7fa8ad85c65abb093441cfd69783b3aaf8017a1fd0b68396deb76e6c38,0x68795e46960574ce56672c619f8f75a16dc238103530e06525d2f9123263ccea,1,0,2025-12-08T05:43:04Z,561,0x409538216575caefe49af5af9b12ef4b4496041b,6969000000000000000000,6969,verified_wdegen_18_decimals,0,verified_onchain,mission2_24692180_26823905_20260529T001926Z
666666666,0x3620ca030a023bce87ec59a8b0e979bd7607fdbd,26559999,0xb2c90dbc3b976473c4267fa822a33283ae85de61690f9aacc3b9f6ec2aca4601,0xdcea7de8a761b339ea590cd1afd4fc96635961023289c566b58d21bfdf3448ce,1,0,2025-12-08T05:34:32Z,560,0x409538216575caefe49af5af9b12ef4b4496041b,33176000000000000000000,33176,verified_wdegen_18_decimals,1,verified_onchain,mission2_24692180_26823905_20260529T001926Z
666666666,0x3620ca030a023bce87ec59a8b0e979bd7607fdbd,26559993,0xa58de7796d75a13b22d9a07555dcf43c4412fdf3ccb48e922eb962e1c8d62b7c,0xe282a56ce609f62289959ab1bc9a2d911addbc8da9812a32217f54cf8681f326,1,0,2025-12-08T05:33:46Z,560,0xbb672bbe37c259e7d22b250d6f1310161eefaece,30160000000000000000000,30160,verified_wdegen_18_decimals,1,verified_onchain,mission2_24692180_26823905_20260529T001926Z
666666666,0x3620ca030a023bce87ec59a8b0e979bd7607fdbd,26559977,0xd41effebe497fec449a36f2972c4ff392b4235444b62a43a6d8577fcebf53eed,0x096cb5efdcc3f6290548b267fc3fd284f7f103cbbaa3fd4e3d01003efb9f201c,1,0,2025-12-08T05:29:33Z,560,0x409538216575caefe49af5af9b12ef4b4496041b,27418000000000000000000,27418,verified_wdegen_18_decimals,1,verified_onchain,mission2_24692180_26823905_20260529T001926Z
666666666,0x3620ca030a023bce87ec59a8b0e979bd7607fdbd,26559971,0x44e28a5a6a8aac67cc5189d386dee89bfe3c5cc8b02400d5f9c5a2323ad63d2f,0xf3dbe8a4abf206f8d91825c35c652df10cc788f340caf17d2ddd284313d087a2,1,0,2025-12-08T05:27:54Z,560,0xbb672bbe37c259e7d22b250d6f1310161eefaece,24925000000000000000000,24925,verified_wdegen_18_decimals,1,verified_onchain,mission2_24692180_26823905_20260529T001926Z
666666666,0x3620ca030a023bce87ec59a8b0e979bd7607fdbd,26559957,0x56f67dbd8bc26123eb99738ed508d6160e7acd65727f92e2b016e9093f443c9d,0xde9b4cf29f515943a29f42d3160cc8877a7b2463c1296e3409c0c79f6c7e468c,1,0,2025-12-08T05:24:03Z,560,0x409538216575caefe49af5af9b12ef4b4496041b,22659000000000000000000,22659,verified_wdegen_18_decimals,1,verified_onchain,mission2_24692180_26823905_20260529T001926Z
666666666,0x3620ca030a023bce87ec59a8b0e979bd7607fdbd,26559951,0x4352c3e94a317c28cbcc51f890bd0b11ad3b57fe2c316fa7ff4dedfaa4c6cff2,0xeb4d4bfa7f3f6a5cbe8260c4e56cea6dc0d4b0ca84291bc0bf22b5535e892428,1,0,2025-12-08T05:22:28Z,560,0xbb672bbe37c259e7d22b250d6f1310161eefaece,20599000000000000000000,20599,verified_wdegen_18_decimals,1,verified_onchain,mission2_24692180_26823905_20260529T001926Z
666666666,0x3620ca030a023bce87ec59a8b0e979bd7607fdbd,26559925,0xe43c0bc9fca40664a827955b15a9c9ba424ebf96fe115b3d061d54eff25b6ca7,0x3a9f3261565e00d63772b4461b4f768b3c5fe69704345d2e306f9b2c835c53a4,1,0,2025-12-08T05:18:55Z,560,0x409538216575caefe49af5af9b12ef4b4496041b,18726000000000000000000,18726,verified_wdegen_18_decimals,1,verified_onchain,mission2_24692180_26823905_20260529T001926Z
666666666,0x3620ca030a023bce87ec59a8b0e979bd7607fdbd,26559909,0xcacf87e0f8bc65a43ac7b74858aaf550df41219b3ef610db2a9d2da2fa5a0d92,0x1b52ba8d62e01ee69b85b0772f8a3a52eef65adac34f78c639716136dc947211,1,0,2025-12-08T05:14:42Z,560,0xbb672bbe37c259e7d22b250d6f1310161eefaece,17023000000000000000000,17023,verified_wdegen_18_decimals,1,verified_onchain,mission2_24692180_26823905_20260529T001926Z
666666666,0x3620ca030a023bce87ec59a8b0e979bd7607fdbd,26559898,0x80ef0e94c9cb054a0782abb916d7b735544fa94f72c303c94290af8f225bc364,0x1f4ff7e9c20d2093860b3c3ffc2dde0ea61c3c18e6faeb68ae0e6807901b5a6d,1,0,2025-12-08T05:11:53Z,560,0x409538216575caefe49af5af9b12ef4b4496041b,15475000000000000000000,15475,verified_wdegen_18_decimals,1,verified_onchain,mission2_24692180_26823905_20260529T001926Z
666666666,0x3620ca030a023bce87ec59a8b0e979bd7607fdbd,26559887,0x18ad38005aeac8c98453de515c8991da11d7a3fcb5329d90825131ae405cf499,0x4d71b5431dc957995443b6647b98e0d07fdd694a1966b4ba4a7487b74785423a,1,0,2025-12-08T05:09:01Z,560,0xbb672bbe37c259e7d22b250d6f1310161eefaece,14068000000000000000000,14068,verified_wdegen_18_decimals,1,verified_onchain,mission2_24692180_26823905_20260529T001926Z
666666666,0x3620ca030a023bce87ec59a8b0e979bd7607fdbd,26559690,0x2c1521a715af828cc5adabc65bb9b4ad6565b5a3af4280ced935aaa27ff91b7e,0xa51bb8e415d5448091300d8d4ff97e372e280c1072a485a4cc5a49879c7e9857,1,0,2025-12-08T04:17:41Z,560,0xc421401af43d217d8bf16f18ffd076f3c84219d9,12789000000000000000000,12789,verified_wdegen_18_decimals,0,verified_onchain,mission2_24692180_26823905_20260529T001926Z
666666666,0x3620ca030a023bce87ec59a8b0e979bd7607fdbd,26556394,0x25a66e596302f161831d78f7993d2038db1a8de320bbb47d69472a2a2f6c94b7,0xf9575a889aa855475215643ad7c067a069bee537e4e4ebe84bcc8fc0735b3c19,1,0,2025-12-07T05:23:29Z,560,0x76d0e7a13248945ee9f808b4a472262b28778942,11560000000000000000000,11560,verified_wdegen_18_decimals,0,verified_onchain,mission2_24692180_26823905_20260529T001926Z
666666666,0x3620ca030a023bce87ec59a8b0e979bd7607fdbd,26556386,0x36e6e64568fa100e40912591f61c5e047fbf0cdb07f7fed63f6f6daa5a193346,0x170ea9869ff73b4c2ca5ca4a7710817c4e9e7a80632130db867daf33b1e78ba5,1,0,2025-12-07T05:12:53Z,560,0xc7aab24ede583b0dc9041343ae51466bb86a1ab7,3333000000000000000000,3333,verified_wdegen_18_decimals,0,verified_onchain,mission2_24692180_26823905_20260529T001926Z
666666666,0x3620ca030a023bce87ec59a8b0e979bd7607fdbd,26556112,0xa07133c5f8ede065c9717be7c6054fac4c0256211bae4989c3e9f47a9a4c7f54,0xe3515346613ad4788bff27746a32d7e2997dc2ffaa3190679a9b129958e99ef5,1,0,2025-12-07T00:53:06Z,559,0xc7aab24ede583b0dc9041343ae51466bb86a1ab7,12888000000000000000000,12888,verified_wdegen_18_decimals,0,verified_onchain,mission2_24692180_26823905_20260529T001926Z
666666666,0x3620ca030a023bce87ec59a8b0e979bd7607fdbd,26555281,0x40baf096bb637fb0419e99b47797a4dd25c30d2e3a356b763162e2bc83ed8f29,0x18126e002334a318bd5b352e4e3de9b3367cfd8d9f1f213bbed715a235401502,1,0,2025-12-06T05:06:09Z,559,0x76d0e7a13248945ee9f808b4a472262b28778942,11559000000000000000000,11559,verified_wdegen_18_decimals,0,verified_onchain,mission2_24692180_26823905_20260529T001926Z
666666666,0x3620ca030a023bce87ec59a8b0e979bd7607fdbd,26555243,0xf3407d47ba4e186d75deeadbcfffff64c03eb209f7f946ac1aac3767e94c8d78,0xb3339043140b51d8b5aa04baf4659f9a328a63be91484f9f45c8a85d92c4467c,1,0,2025-12-06T04:05:34Z,558,0xbb672bbe37c259e7d22b250d6f1310161eefaece,15196000000000000000000,15196,verified_wdegen_18_decimals,0,verified_onchain,mission2_24692180_26823905_20260529T001926Z
666666666,0x3620ca030a023bce87ec59a8b0e979bd7607fdbd,26555091,0x568a04334afb23739728b7108aa429a14760a16de721ce6b5d315abf2c75d2bd,0xfd818b5feb65f9ea0ee0bf383b4facb55da26fe95d1eca4c23afeb21ed4cc0a3,1,0,2025-12-06T01:27:24Z,558,0xc7aab24ede583b0dc9041343ae51466bb86a1ab7,13814000000000000000000,13814,verified_wdegen_18_decimals,0,verified_onchain,mission2_24692180_26823905_20260529T001926Z
666666666,0x3620ca030a023bce87ec59a8b0e979bd7607fdbd,26553152,0xae7a262d6797b86de8f61626ce5c590d1dacffb0bc8463bfa79d4c0741694c69,0x60cad62b05c723d196671c0b9b90b782100cc5ac0238f22133b5bc25b920a8e6,1,0,2025-12-05T06:02:35Z,558,0x76d0e7a13248945ee9f808b4a472262b28778942,12558000000000000000000,12558,verified_wdegen_18_decimals,0,verified_onchain,mission2_24692180_26823905_20260529T001926Z
666666666,0x3620ca030a023bce87ec59a8b0e979bd7607fdbd,26552976,0x1364a2a83db7eeece465864bbd50fc64433a3134b978ef68518b7bf0d93ff261,0x3672c9df0a3d6bff4879cbe888959d5a1cf5e1e01a616c2922c708ecb9b51f5c,1,0,2025-12-05T05:02:05Z,558,0x8e5caf3f39b83dbc7663f7fc2b929e21d55482af,11111000000000000000000,11111,verified_wdegen_18_decimals,0,verified_onchain,mission2_24692180_26823905_20260529T001926Z
666666666,0x3620ca030a023bce87ec59a8b0e979bd7607fdbd,26552658,0xdd5bd5fd3ab6a0c014170ff41c0b6aa60989c9dc7b2cefaf17562d8a81d0bb59,0x4035b3f22d2e3f3c304bfe93b27115b2c14baa114e3b0df48e77efc049d2c9a3,1,0,2025-12-05T03:16:18Z,557,0x8e5caf3f39b83dbc7663f7fc2b929e21d55482af,15555000000000000000000,15555,verified_wdegen_18_decimals,0,verified_onchain,mission2_24692180_26823905_20260529T001926Z
666666666,0x3620ca030a023bce87ec59a8b0e979bd7607fdbd,26551733,0xb32e63e61cc00813a441c393629128f4bc79414ae030e1ee19d6fa48b7ec2394,0xc0ecf5db5ab2719a8f533c392978cb1bd738bb2797ca5ffc5815b61d60fd9f5f,1,0,2025-12-04T22:11:11Z,557,0xbb672bbe37c259e7d22b250d6f1310161eefaece,13985000000000000000000,13985,verified_wdegen_18_decimals,0,verified_onchain,mission2_24692180_26823905_20260529T001926Z
666666666,0x3620ca030a023bce87ec59a8b0e979bd7607fdbd,26548671,0x07c5660b68b458e75154380cf37cce9c168847414831e7978973bd2cdee499b8,0x551dfdb829e0ef8bfedaca02c8a1a268c79265998ece4bef935f0f41c2008097,1,0,2025-12-04T06:16:39Z,557,0x903dd30042ae53844ae83bdf2bcf839c4e80eef8,12713000000000000000000,12713,verified_wdegen_18_decimals,0,verified_onchain,mission2_24692180_26823905_20260529T001926Z
666666666,0x3620ca030a023bce87ec59a8b0e979bd7607fdbd,26548428,0xdd03465979499e026563077f48288fc82688be040a24bf18c8dc0cb5ab3a3563,0x53252734b1ecb9bbc31197dca578ef7a7acc8a77d4d54db2ac066205d591ae03,1,0,2025-12-04T05:00:56Z,557,0x76d0e7a13248945ee9f808b4a472262b28778942,11557000000000000000000,11557,verified_wdegen_18_decimals,0,verified_onchain,mission2_24692180_26823905_20260529T001926Z
666666666,0x3620ca030a023bce87ec59a8b0e979bd7607fdbd,26547901,0x19b52eb70d4eb647f3e9a2d2d8b9453d5d8765ef403035d3acba9ca37f9b485b,0x16f4e6c67af6681b36bf8526e36230c7ff212bf3096a3b11bc6d3b20a7681f23,1,0,2025-12-04T00:52:08Z,556,0xc7aab24ede583b0dc9041343ae51466bb86a1ab7,15383000000000000000000,15383,verified_wdegen_18_decimals,0,verified_onchain,mission2_24692180_26823905_20260529T001926Z
666666666,0x3620ca030a023bce87ec59a8b0e979bd7607fdbd,26547878,0xee37aebbfe64cc25415c6ade436a3d1552c8de7a713a1bbf5209ac054f40df96,0x12b3f3c5ece7765caae6e63d44d5d2e9f55ac432f79ea9f830efb5208c3a9f44,1,0,2025-12-04T00:35:52Z,556,0xbb672bbe37c259e7d22b250d6f1310161eefaece,13984000000000000000000,13984,verified_wdegen_18_decimals,0,verified_onchain,mission2_24692180_26823905_20260529T001926Z
666666666,0x3620ca030a023bce87ec59a8b0e979bd7607fdbd,26544916,0xfd06f4cfd5e6c884b39f435f007e894da05aedb603af850c86ea1b804fff90b0,0x507873a5f6f32e8eebb38680a9ca2ea83c068c62f234acffd5aade46234a3421,1,0,2025-12-03T05:12:05Z,556,0x903dd30042ae53844ae83bdf2bcf839c4e80eef8,12712000000000000000000,12712,verified_wdegen_18_decimals,0,verified_onchain,mission2_24692180_26823905_20260529T001926Z
666666666,0x3620ca030a023bce87ec59a8b0e979bd7607fdbd,26544887,0xe0756a03e1976d5e402dc287514fd8721aaad8f890447006169b37e9d642eb99,0xe3f054c36beab50b36b4b668fc717f9b96c15833ea26025d3edc86357d452915,1,0,2025-12-03T05:02:38Z,556,0x76d0e7a13248945ee9f808b4a472262b28778942,11556000000000000000000,11556,verified_wdegen_18_decimals,0,verified_onchain,mission2_24692180_26823905_20260529T001926Z
666666666,0x3620ca030a023bce87ec59a8b0e979bd7607fdbd,26544831,0xa69dace910898be5fd2c20f335757eec54cc60cfd1420068b6a5aa9165d58bda,0xa6926abba879681a749ff93a49684168b5f0f502ed462da5de4133b7a39c8387,1,0,2025-12-03T04:42:29Z,556,0x903dd30042ae53844ae83bdf2bcf839c4e80eef8,10000000000000000000000,10000,verified_wdegen_18_decimals,0,verified_onchain,mission2_24692180_26823905_20260529T001926Z
666666666,0x3620ca030a023bce87ec59a8b0e979bd7607fdbd,26544805,0x3951c91d12e5260341ab608d95984addfa8050159d956b0b2e1fdfe551347d59,0xa8ea8494215b1d459b05ace18f81d15b3a6a446f5e0e2257e9a3b0133624e201,1,0,2025-12-03T04:33:26Z,555,0x8e5caf3f39b83dbc7663f7fc2b929e21d55482af,18888000000000000000000,18888,verified_wdegen_18_decimals,1,verified_onchain,mission2_24692180_26823905_20260529T001926Z
666666666,0x3620ca030a023bce87ec59a8b0e979bd7607fdbd,26544795,0x3d981f3ed530927362215ae64e82fc8b9bb340b9e55ea9f5138c1b1b4f4d8a24,0x830b4a00eb513438b52ddc12f3f3937aa89d7c2d66a57a169f4942d83da2a522,1,0,2025-12-03T04:30:39Z,555,0x19c64affde518de2884c1944700e12d2bb7016a4,17111000000000000000000,17111,verified_wdegen_18_decimals,1,verified_onchain,mission2_24692180_26823905_20260529T001926Z
666666666,0x3620ca030a023bce87ec59a8b0e979bd7607fdbd,26544770,0x35609cda2ca320f0141eaec4bf6bbf4b579f3f19a35bb6907a0d58490703297d,0x470d2d084e0e2894b62d3bbe46a122103ccb06956f1cdbedfc24e96e825c8dd3,1,0,2025-12-03T04:23:59Z,555,0x8e5caf3f39b83dbc7663f7fc2b929e21d55482af,15555000000000000000000,15555,verified_wdegen_18_decimals,0,verified_onchain,mission2_24692180_26823905_20260529T001926Z
666666666,0x3620ca030a023bce87ec59a8b0e979bd7607fdbd,26544599,0xb7cf72bebd6da3ee230a275e498c123102f2eb8d4b28e4dc488086b8d28907f4,0x5be966d7c0cf85f3f595fcf6558b1593b9bf0ac32755975a172394dd1a876b3e,1,0,2025-12-03T03:18:27Z,555,0xbb672bbe37c259e7d22b250d6f1310161eefaece,13983000000000000000000,13983,verified_wdegen_18_decimals,0,verified_onchain,mission2_24692180_26823905_20260529T001926Z
666666666,0x3620ca030a023bce87ec59a8b0e979bd7607fdbd,26541270,0x356f6d3c5d0bf1691d5ae8c97ef410ff044f0675cad82dd839b5503144251c08,0xf04bd5131a4765cdc3f56d61778521148d6bbb20a6e2a89a56556c2d84045bdb,2,6,2025-12-02T07:24:30Z,555,0x903dd30042ae53844ae83bdf2bcf839c4e80eef8,12711000000000000000000,12711,verified_wdegen_18_decimals,0,verified_onchain,mission2_24692180_26823905_20260529T001926Z
666666666,0x3620ca030a023bce87ec59a8b0e979bd7607fdbd,26540815,0x04f4fea563c3eabc1b5366c6e50b952a20548bb56e4d3197f28302df6849582d,0x4036b754a4cdd3f41cdf399d03879311ae672569d6b85ea271d82c5ec7cb0757,1,0,2025-12-02T04:33:24Z,555,0x76d0e7a13248945ee9f808b4a472262b28778942,11555000000000000000000,11555,verified_wdegen_18_decimals,0,verified_onchain,mission2_24692180_26823905_20260529T001926Z
666666666,0x3620ca030a023bce87ec59a8b0e979bd7607fdbd,26540801,0xf5af50ca59828dadff6283b5dd0809c71aacdcb7ca33efcb03d42d4951001f45,0x6ee692ebad79e4a79422aac37d3b6deb4f54b95a7cc2f42d85865249bc9e9fa9,1,0,2025-12-02T04:13:10Z,554,0x8e5caf3f39b83dbc7663f7fc2b929e21d55482af,13456000000000000000000,13456,verified_wdegen_18_decimals,0,verified_onchain,mission2_24692180_26823905_20260529T001926Z
666666666,0x3620ca030a023bce87ec59a8b0e979bd7607fdbd,26538664,0x69ba1236e93fa6853f97e29ad3b80e92de541685faf9ee4da25a0b6ae5c510d7,0x3ba705d746f068aae07a338c8842d2228c08bf9b78012989a6991a7d7ad2d28a,1,0,2025-12-01T11:39:52Z,554,0x903dd30042ae53844ae83bdf2bcf839c4e80eef8,12223000000000000000000,12223,verified_wdegen_18_decimals,0,verified_onchain,mission2_24692180_26823905_20260529T001926Z
666666666,0x3620ca030a023bce87ec59a8b0e979bd7607fdbd,26538093,0xccf9215658b24af2e5ee25c6a85a914364d30cb880e5e6699505ad148903a936,0x85a44e81fdabe38b64256d8aa66c6b6a45419985d458467668cbeab388a8df75,1,0,2025-12-01T04:33:53Z,554,0x76d0e7a13248945ee9f808b4a472262b28778942,11111000000000000000000,11111,verified_wdegen_18_decimals,0,verified_onchain,mission2_24692180_26823905_20260529T001926Z
666666666,0x3620ca030a023bce87ec59a8b0e979bd7607fdbd,26538092,0x428d991eba12851e295441cd7eb0433cb4852a23dbb62a3d1a5b398109638cab,0x4c75d3ce11803dd2bf265e61810a001f36c137da7697c7399fd41d4f82a4708d,1,0,2025-12-01T04:31:06Z,554,0xc7aab24ede583b0dc9041343ae51466bb86a1ab7,2222000000000000000000,2222,verified_wdegen_18_decimals,0,verified_onchain,mission2_24692180_26823905_20260529T001926Z
666666666,0x3620ca030a023bce87ec59a8b0e979bd7607fdbd,26538065,0xcb4b0e35528629f4265b9b09dadb0eb99ac12d797a004866b7b65a8de919572d,0xe63918cb3671e795cb18abc109cf9a1eb27558d047b8af09a5a338551e36251d,1,0,2025-12-01T04:16:41Z,553,0xc7aab24ede583b0dc9041343ae51466bb86a1ab7,13663000000000000000000,13663,verified_wdegen_18_decimals,0,verified_onchain,mission2_24692180_26823905_20260529T001926Z
666666666,0x3620ca030a023bce87ec59a8b0e979bd7607fdbd,26537339,0xbd653efec819ba5fb1711dd271edcf9f9d15ddf5d76e02d8d65284b5150d2781,0x02283b4f9dce3bf7bc5e4495a33788537e5564b0000a76a671a508887e08fed3,1,0,2025-11-30T22:50:18Z,553,0x76d0e7a13248945ee9f808b4a472262b28778942,12420000000000000000000,12420,verified_wdegen_18_decimals,0,verified_onchain,mission2_24692180_26823905_20260529T001926Z
666666666,0x3620ca030a023bce87ec59a8b0e979bd7607fdbd,26535111,0xc6e07696b5e1d11eb7ccce68a0c13b5ac5f295f2695b9fc552da4c0a3eb129e8,0xc91999f1bdb4d3ee463dec55d9b40a014fb1f01131fcf906d09bff2897605505,1,0,2025-11-30T09:38:13Z,553,0x903dd30042ae53844ae83bdf2bcf839c4e80eef8,10999000000000000000000,10999,verified_wdegen_18_decimals,0,verified_onchain,mission2_24692180_26823905_20260529T001926Z
666666666,0x3620ca030a023bce87ec59a8b0e979bd7607fdbd,26534423,0xe7efff9b10a8fdc16f31a8123cadf9e8374502b849169923207edcd7b6166e8f,0x5744f1893972132a95ec165b11a8e1d158743c295536dcf9d5f85d094bbecea9,1,0,2025-11-30T04:29:10Z,553,0x76d0e7a13248945ee9f808b4a472262b28778942,9999000000000000000000,9999,verified_wdegen_18_decimals,0,verified_onchain,mission2_24692180_26823905_20260529T001926Z
666666666,0x3620ca030a023bce87ec59a8b0e979bd7607fdbd,26534393,0xbed4eaea49340a4e4c0f32de476f3408510e2231483245b59f612f95e41a92bc,0xeaec203ba01e6975591a9bde4ef0645c6586ffd2957193ac9f302b4ed2a77003,1,0,2025-11-30T04:19:10Z,552,0xe84dea841a7559afd5366859916ad852fbcf9f82,12099000000000000000000,12099,verified_wdegen_18_decimals,1,verified_onchain,mission2_24692180_26823905_20260529T001926Z
666666666,0x3620ca030a023bce87ec59a8b0e979bd7607fdbd,26534339,0xdfae06487a964cab63c034b9759e741f665a388dbe23d152c509f7dfa2e4e1f3,0xc87c7038d21b7193d35956803e8c4d7d72ad30b970ba076b12f8a283b3260b1c,1,0,2025-11-30T04:00:24Z,552,0xbb672bbe37c259e7d22b250d6f1310161eefaece,10999000000000000000000,10999,verified_wdegen_18_decimals,0,verified_onchain,mission2_24692180_26823905_20260529T001926Z
666666666,0x3620ca030a023bce87ec59a8b0e979bd7607fdbd,26530589,0x4772cabc348d54d66293db4cf5ac98287c4aba08004586842182ee8248718a21,0x94b716ba2fa81ca7d86b2445125aa53c9ca2461b44f267d683f1601ed22ee167,1,0,2025-11-29T04:21:06Z,552,0x76d0e7a13248945ee9f808b4a472262b28778942,9999000000000000000000,9999,verified_wdegen_18_decimals,0,verified_onchain,mission2_24692180_26823905_20260529T001926Z
666666666,0x3620ca030a023bce87ec59a8b0e979bd7607fdbd,26527741,0x63ae1925602f3009fb180355e2451e4acf8dd1a633e7e63e0f3f34354151c9de,0xfefe44f5bbda17e3f5bc759aa69b9d297fd1c8b8194ff88b2aeda37c71560cbe,1,0,2025-11-28T04:21:24Z,551,0x76d0e7a13248945ee9f808b4a472262b28778942,11111000000000000000000,11111,verified_wdegen_18_decimals,0,verified_onchain,mission2_24692180_26823905_20260529T001926Z
666666666,0x3620ca030a023bce87ec59a8b0e979bd7607fdbd,26527740,0xf6dcaede92b5faf9c5613ffc44e087fedc0ff882f6335c4ce3724075811b7531,0xb528351315bf9b2fa72afd573a32a15d10c337b34d71e94688b35f643e6db7c9,1,0,2025-11-28T04:21:08Z,551,0x903dd30042ae53844ae83bdf2bcf839c4e80eef8,5000000000000000000000,5000,verified_wdegen_18_decimals,0,verified_onchain,mission2_24692180_26823905_20260529T001926Z
666666666,0x3620ca030a023bce87ec59a8b0e979bd7607fdbd,26527697,0x016587d373b06c16433b839f71964dd63dfdd043d980ff433bd76392ba3bdf1c,0xd060fba4344422ea9158c1b5f1bfbda115539365e36ab5ead2f15503e6bd5806,1,0,2025-11-28T04:07:20Z,550,0x903dd30042ae53844ae83bdf2bcf839c4e80eef8,13446000000000000000000,13446,verified_wdegen_18_decimals,0,verified_onchain,mission2_24692180_26823905_20260529T001926Z
666666666,0x3620ca030a023bce87ec59a8b0e979bd7607fdbd,26527685,0x0a44a521cc283ea25d7601c6671ea6f60169e632bc760a3b40bcc9e0d96f33fe,0x979559a07ae3f0d975ed437601076967c49a8a176702114dc3194925228e5159,1,0,2025-11-28T04:03:20Z,550,0xc7aab24ede583b0dc9041343ae51466bb86a1ab7,12223000000000000000000,12223,verified_wdegen_18_decimals,0,verified_onchain,mission2_24692180_26823905_20260529T001926Z
666666666,0x3620ca030a023bce87ec59a8b0e979bd7607fdbd,26524228,0x8715d280ef55cddfca53582e9423d93ccf47c7b832d9d7fb47572daec11dce56,0x2030defee978300539c18088d6349e6f22daa4cade156117dba7f4a22b66530f,1,0,2025-11-27T04:32:55Z,550,0x76d0e7a13248945ee9f808b4a472262b28778942,11111000000000000000000,11111,verified_wdegen_18_decimals,0,verified_onchain,mission2_24692180_26823905_20260529T001926Z
666666666,0x3620ca030a023bce87ec59a8b0e979bd7607fdbd,26524211,0xb37cb3d47118782a1d6140f1daa0a521ab43c5d1df56e53fac89fe2f8d042890,0x5e12c81df2b20fc7e446642b4228c478c929a87851f6fcf4f3e75882c9f8e80e,1,0,2025-11-27T04:26:25Z,550,0x629d1cfeaaadfcd8c67e40602508968f9c3e2a39,1100000000000000000000,1100,verified_wdegen_18_decimals,0,verified_onchain,mission2_24692180_26823905_20260529T001926Z
666666666,0x3620ca030a023bce87ec59a8b0e979bd7607fdbd,26524195,0xe1f0aa4cccaec07e08cf1a4e1de67fecb93002de71d598dd127452b571b407cd,0xb4c869c2a101567fe9f01f3efc06c01f334413b6959e9a38c266b2c6ef3d6613,1,0,2025-11-27T04:22:56Z,550,0x903dd30042ae53844ae83bdf2bcf839c4e80eef8,1000000000000000000000,1000,verified_wdegen_18_decimals,0,verified_onchain,mission2_24692180_26823905_20260529T001926Z
666666666,0x3620ca030a023bce87ec59a8b0e979bd7607fdbd,26524156,0x77961136748d67b7cf682bd420f716f4f95cec3db07c2478f7333413f5257757,0x3325f27c708c9a7f62ff9758b2f37e1dc2064a5fd467104becfa8c09f6dec031,1,0,2025-11-27T04:11:13Z,549,0x903dd30042ae53844ae83bdf2bcf839c4e80eef8,19965000000000000000000,19965,verified_wdegen_18_decimals,1,verified_onchain,mission2_24692180_26823905_20260529T001926Z
666666666,0x3620ca030a023bce87ec59a8b0e979bd7607fdbd,26523869,0x965b512ed5a665a6156062c6fb66c568a96e1c29b96486d28c5116fde928ddaa,0x3659b0bdab11fadaace65cc4d41dc1f114cc16bcd543f5db23d104abe2c4c3eb,1,0,2025-11-27T02:46:07Z,549,0xbb672bbe37c259e7d22b250d6f1310161eefaece,18150000000000000000000,18150,verified_wdegen_18_decimals,0,verified_onchain,mission2_24692180_26823905_20260529T001926Z
666666666,0x3620ca030a023bce87ec59a8b0e979bd7607fdbd,26523795,0xd02f46d5647ee324ba94df64a8a50c85f3027b3fc28f837ae205d98f9538fa13,0x016ba1bd4dac9e865ddd2b891fbaaf3bd0b85d1c976c0e52aed882175e2d3872,1,0,2025-11-27T02:26:57Z,549,0x629d1cfeaaadfcd8c67e40602508968f9c3e2a39,16500000000000000000000,16500,verified_wdegen_18_decimals,0,verified_onchain,mission2_24692180_26823905_20260529T001926Z
666666666,0x3620ca030a023bce87ec59a8b0e979bd7607fdbd,26523656,0x8ce65556eafe1d66953c9baea401c79899f46d7798f2fda0670704998016df15,0x6eb4598fccb2cbdb611be4dd15e49c614e2ea6543872c9c2cd3f0b807e5c424a,1,0,2025-11-27T01:40:39Z,549,0x76d0e7a13248945ee9f808b4a472262b28778942,15000000000000000000000,15000,verified_wdegen_18_decimals,0,verified_onchain,mission2_24692180_26823905_20260529T001926Z
666666666,0x3620ca030a023bce87ec59a8b0e979bd7607fdbd,26523590,0x39e650ced93c17bb8fd9affc5190ffef6f80675ea091e4ceb5c37993f4e58b87,0xc8dc87e6de3f326e57c01b1ec03a5d61ab49105bc2a1b70abd9981385a35e0e0,1,0,2025-11-27T01:22:03Z,549,0x903dd30042ae53844ae83bdf2bcf839c4e80eef8,13446000000000000000000,13446,verified_wdegen_18_decimals,0,verified_onchain,mission2_24692180_26823905_20260529T001926Z
666666666,0x3620ca030a023bce87ec59a8b0e979bd7607fdbd,26519798,0x3f5caa9057d97d3112360ac05202b3aba56d147eada1b34c2e7350807b3067a6,0x1f1cd79d5227d139becf52eeb22f924fd265daddff40c398d9ac465d17f305ce,1,0,2025-11-26T04:41:09Z,549,0xbb672bbe37c259e7d22b250d6f1310161eefaece,12223000000000000000000,12223,verified_wdegen_18_decimals,0,verified_onchain,mission2_24692180_26823905_20260529T001926Z
666666666,0x3620ca030a023bce87ec59a8b0e979bd7607fdbd,26519787,0x05330a57539966d55ba84b40a855c9d3744c31397c0853637eac51a7564142f6,0x8794e2478470563a35975f49606cc1245aa109da4a49ac6c4b55784084c20c71,1,0,2025-11-26T04:38:44Z,549,0x76d0e7a13248945ee9f808b4a472262b28778942,11111000000000000000000,11111,verified_wdegen_18_decimals,0,verified_onchain,mission2_24692180_26823905_20260529T001926Z
666666666,0x3620ca030a023bce87ec59a8b0e979bd7607fdbd,26519707,0x275eb922f0644f2eb49beb66883c9ee317a7d9d38fc88fad6367b3913f4acb9a,0x67643605438a362f325b4aa82d1629b520a6f72f1d7a334913790a36297312a1,1,0,2025-11-26T04:13:38Z,549,0x8e5caf3f39b83dbc7663f7fc2b929e21d55482af,1000000000000000000000,1000,verified_wdegen_18_decimals,0,verified_onchain,mission2_24692180_26823905_20260529T001926Z
666666666,0x3620ca030a023bce87ec59a8b0e979bd7607fdbd,26519686,0x91a88cc35a9ce24401f02c9cc4c5c7c17a3e069dd1295654c33212f81597061c,0xebac21e09dcf17b5b786c4e57538e24cd3d733e57926a0b03d2d7e1c359884ff,1,0,2025-11-26T04:07:31Z,548,0x8e5caf3f39b83dbc7663f7fc2b929e21d55482af,17777000000000000000000,17777,verified_wdegen_18_decimals,1,verified_onchain,mission2_24692180_26823905_20260529T001926Z
666666666,0x3620ca030a023bce87ec59a8b0e979bd7607fdbd,26519681,0x6fce9aefcad8c9ffc19a133c3167064d0cfc97e0ae31eaa1bc40ffee6c8c1280,0xc372973d0eb7cb1fc83f3244265fc1dd9a123772c2d82c54a39e87489d84e8e5,1,0,2025-11-26T04:05:24Z,548,0xbb672bbe37c259e7d22b250d6f1310161eefaece,16000000000000000000000,16000,verified_wdegen_18_decimals,1,verified_onchain,mission2_24692180_26823905_20260529T001926Z
666666666,0x3620ca030a023bce87ec59a8b0e979bd7607fdbd,26519661,0x7ccf552a1e4b97b3d9cb94e911b4810698a3a9663dfc8a429e67f422ff8ba7a8,0xc817eb9c51b4544b6d72ced7e60681b217872b8dc5e544ebbdc06d823fc10259,1,0,2025-11-26T03:53:50Z,548,0x8e5caf3f39b83dbc7663f7fc2b929e21d55482af,13456000000000000000000,13456,verified_wdegen_18_decimals,0,verified_onchain,mission2_24692180_26823905_20260529T001926Z
666666666,0x3620ca030a023bce87ec59a8b0e979bd7607fdbd,26517996,0x6505a65db9affe6a55b4ae1809ba15edd8fb30c19a3d6ef4ad3bfb8b3fb692e2,0x2497ec94c31daffed6d1749000cc3a9231b513603ee0c72fd2174b33776272bc,1,0,2025-11-25T13:38:15Z,548,0xbb672bbe37c259e7d22b250d6f1310161eefaece,12223000000000000000000,12223,verified_wdegen_18_decimals,0,verified_onchain,mission2_24692180_26823905_20260529T001926Z
666666666,0x3620ca030a023bce87ec59a8b0e979bd7607fdbd,26516223,0x46d9bb94139e491be7e1fa05b65549ceb436262fc2ad19b8118019d3a0882d4b,0x987d652d98bfceec203912b650e80c3f5b31d4a48cf9a46b218a1e1399f6276c,1,0,2025-11-25T04:11:45Z,548,0x76d0e7a13248945ee9f808b4a472262b28778942,11111000000000000000000,11111,verified_wdegen_18_decimals,0,verified_onchain,mission2_24692180_26823905_20260529T001926Z
666666666,0x3620ca030a023bce87ec59a8b0e979bd7607fdbd,26516210,0x22ecc1ea27a0767a71ebd3c4a573e7951d223cb064017f1532b63ad25832d908,0x8736f58d3778e474c9e4018a66562c76fbc1beac305681a381698ee8dc640f80,1,0,2025-11-25T04:08:19Z,548,0x8e5caf3f39b83dbc7663f7fc2b929e21d55482af,8888000000000000000000,8888,verified_wdegen_18_decimals,0,verified_onchain,mission2_24692180_26823905_20260529T001926Z
666666666,0x3620ca030a023bce87ec59a8b0e979bd7607fdbd,26516178,0xe087b9b268d667ecac7344aa3e3c9c55505b703efdcb67dafbfd904859e2d5e0,0xf6ab157f390cff0d2f35760a7a6491ea4722d0f5fda92896c92ab251e097127d,1,0,2025-11-25T03:59:07Z,547,0xc876ec039b90718ff7fc3754b3eec8d2e8918f2f,12223000000000000000000,12223,verified_wdegen_18_decimals,1,verified_onchain,mission2_24692180_26823905_20260529T001926Z
666666666,0x3620ca030a023bce87ec59a8b0e979bd7607fdbd,26516176,0xe07ad9d422d95be1e718b429269e0c6b99168dc0dca6387559be1bb6ed932c17,0xa46cd38c1d0a4024df0a6d140189b1dbd7f5a7d24c34e298b706e4501ebfb46d,1,0,2025-11-25T03:57:48Z,547,0x76d0e7a13248945ee9f808b4a472262b28778942,11111000000000000000000,11111,verified_wdegen_18_decimals,1,verified_onchain,mission2_24692180_26823905_20260529T001926Z
666666666,0x3620ca030a023bce87ec59a8b0e979bd7607fdbd,26516135,0x652d5d6607c87fa815f70ccaed7807f969981157488f65a2948fa2728a2ef672,0x237864ef40577df46c073e5482e3ef828fe5089260e69be2f360050d421f2ba6,1,0,2025-11-25T03:46:13Z,547,0x8e5caf3f39b83dbc7663f7fc2b929e21d55482af,9600000000000000000000,9600,verified_wdegen_18_decimals,0,verified_onchain,mission2_24692180_26823905_20260529T001926Z
666666666,0x3620ca030a023bce87ec59a8b0e979bd7607fdbd,26516073,0x90b4fddd8d09c02d0e84eb408fc45adcf7c436d32bb93e7bf8146db8f97b1648,0xfdfe9ff60358458e9a804979150026c67b72e308d83ef1df8e8b504cabbc7aca,1,0,2025-11-25T03:26:54Z,547,0xc876ec039b90718ff7fc3754b3eec8d2e8918f2f,7701000000000000000000,7701,verified_wdegen_18_decimals,0,verified_onchain,mission2_24692180_26823905_20260529T001926Z
666666666,0x3620ca030a023bce87ec59a8b0e979bd7607fdbd,26513467,0xbfd13486e5d67158fab526dcb575ec3c21870188453985c0e1fbf7e4c9544b7a,0x3060b176d786bcdd3a7c36c70ccbc2b05156eb1079f698b1aab55d1de9edbe35,1,0,2025-11-24T10:12:43Z,547,0xbdd8f7ceae7fbfb25bd5615ad3c2608404f6bb72,7000000000000000000000,7000,verified_wdegen_18_decimals,0,verified_onchain,mission2_24692180_26823905_20260529T001926Z
666666666,0x3620ca030a023bce87ec59a8b0e979bd7607fdbd,26512438,0xd04eccb79b9fce1bf77b6e0ba83db4797161be481dd8a3c68e2892619df915e5,0x3ebb8f2aef51f9a792949b90a448462fbd184ac60cca0a0180624a00e9e36793,1,0,2025-11-24T04:09:16Z,547,0x76d0e7a13248945ee9f808b4a472262b28778942,1210000000000000000000,1210,verified_wdegen_18_decimals,0,verified_onchain,mission2_24692180_26823905_20260529T001926Z
666666666,0x3620ca030a023bce87ec59a8b0e979bd7607fdbd,26512419,0x13b5408d420e94582ac2eef6c9322fc56c0ec07ecd8b0a8537f22926c05ac24b,0xbe33c41e180103c0bf8a5435b89bb78186b6224b998439f2994260deb75cbf35,1,0,2025-11-24T04:03:08Z,547,0x8e5caf3f39b83dbc7663f7fc2b929e21d55482af,1100000000000000000000,1100,verified_wdegen_18_decimals,0,verified_onchain,mission2_24692180_26823905_20260529T001926Z
666666666,0x3620ca030a023bce87ec59a8b0e979bd7607fdbd,26512418,0xb484813a189f92c6cf4820ef3e7b15aed0bd7f1631fa133c5823272b5907d7d5,0x60dfc93a1b92742f6c98c374958c5c3715ee98d842b3f6ccc5e3d91e88e91ad7,1,0,2025-11-24T04:02:50Z,547,0xbdd8f7ceae7fbfb25bd5615ad3c2608404f6bb72,1000000000000000000000,1000,verified_wdegen_18_decimals,0,verified_onchain,mission2_24692180_26823905_20260529T001926Z
666666666,0x3620ca030a023bce87ec59a8b0e979bd7607fdbd,26510237,0xdb4fd6b1c5e76989a5bb8409a0e8cbae75a40486449a89ef0aa06b1ab5559350,0xf17965092b2815db663319c7af64aa3a1553b117a3580ea7b383093eed7552df,1,0,2025-11-23T16:00:12Z,546,0xbdd8f7ceae7fbfb25bd5615ad3c2608404f6bb72,8840000000000000000000,8840,verified_wdegen_18_decimals,0,verified_onchain,mission2_24692180_26823905_20260529T001926Z
666666666,0x3620ca030a023bce87ec59a8b0e979bd7607fdbd,26507557,0x6ecd43d6ff5dd238295b27b31d43855ae23fa9223450af83065dd426baba0c89,0x492a395178200e9492207806b9e8ccfc343adf853f4250e6985c976a5b36da5d,1,0,2025-11-23T04:06:05Z,546,0x76d0e7a13248945ee9f808b4a472262b28778942,4400000000000000000000,4400,verified_wdegen_18_decimals,0,verified_onchain,mission2_24692180_26823905_20260529T001926Z
666666666,0x3620ca030a023bce87ec59a8b0e979bd7607fdbd,26507540,0xea8baa8596a8d49e6e99971078d04cefe0b12c782339ce32b8acc2831d4e2d95,0x669f3b08a6e291b6e26a5d3e44993a162f754532616577228e03d344b70c0a02,1,0,2025-11-23T04:02:15Z,546,0x8e5caf3f39b83dbc7663f7fc2b929e21d55482af,4000000000000000000000,4000,verified_wdegen_18_decimals,0,verified_onchain,mission2_24692180_26823905_20260529T001926Z
666666666,0x3620ca030a023bce87ec59a8b0e979bd7607fdbd,26507511,0xebf387f6fc1694eb31815152335f1ef3b814f8c247cb274fb9611a1c1b9f4b4b,0x633a1c1535df2e503f64445c2e7dfcb39b129d1bc995636316f3305a256d57ec,1,0,2025-11-23T03:56:11Z,545,0x8e5caf3f39b83dbc7663f7fc2b929e21d55482af,10000000000000000000000,10000,verified_wdegen_18_decimals,1,verified_onchain,mission2_24692180_26823905_20260529T001926Z
666666666,0x3620ca030a023bce87ec59a8b0e979bd7607fdbd,26507503,0x004b4621042459a5869c42f02554021f4da7b31a44f82f94a3f22f1296173c58,0x1ae9b94c8c4a80f6546717fefb551ed502463af2a65636847a26cace64c2e3c0,1,0,2025-11-23T03:54:37Z,545,0xbdd8f7ceae7fbfb25bd5615ad3c2608404f6bb72,8800000000000000000000,8800,verified_wdegen_18_decimals,1,verified_onchain,mission2_24692180_26823905_20260529T001926Z
666666666,0x3620ca030a023bce87ec59a8b0e979bd7607fdbd,26507489,0x79b6ad427380798c5671a8302c9a4228f2ec7124f92178528842237bf747b73e,0xbd7c562054db874f5a10e243670ffd7bdb7864aa904c21464477b500415c5cc6,1,0,2025-11-23T03:50:20Z,545,0x8e5caf3f39b83dbc7663f7fc2b929e21d55482af,8000000000000000000000,8000,verified_wdegen_18_decimals,1,verified_onchain,mission2_24692180_26823905_20260529T001926Z
666666666,0x3620ca030a023bce87ec59a8b0e979bd7607fdbd,26507484,0x76be47122fd02f4f6e743b270a1829c228328b6d1e3c7002006caffd75e78bda,0x25eeed32f637384d2e382ef966d23a839d13d43fa4a2842bdf3dbda5fd479402,1,0,2025-11-23T03:49:37Z,545,0xbdd8f7ceae7fbfb25bd5615ad3c2608404f6bb72,6352000000000000000000,6352,verified_wdegen_18_decimals,1,verified_onchain,mission2_24692180_26823905_20260529T001926Z
666666666,0x3620ca030a023bce87ec59a8b0e979bd7607fdbd,26507483,0xedc116d5ae66301a0db7a413bb006320c07ab317950dffd827abaafa2e5f7f28,0x292c313f64745ab8fa6df0137654cde153562058cabd878b4ab967394d86a8b6,1,0,2025-11-23T03:49:10Z,545,0x8e5caf3f39b83dbc7663f7fc2b929e21d55482af,5774000000000000000000,5774,verified_wdegen_18_decimals,1,verified_onchain,mission2_24692180_26823905_20260529T001926Z
666666666,0x3620ca030a023bce87ec59a8b0e979bd7607fdbd,26507478,0x00bab5fe39f861a8fed956402b3d7c06b0e99d4b10e2c0dd8ff57a76a15f6b8f,0x23deacb20b00ee4ac51b4f143ae797f97e5c6a23bcc5c13d0871b34ad9474aac,1,0,2025-11-23T03:47:42Z,545,0xbdd8f7ceae7fbfb25bd5615ad3c2608404f6bb72,5249000000000000000000,5249,verified_wdegen_18_decimals,1,verified_onchain,mission2_24692180_26823905_20260529T001926Z
666666666,0x3620ca030a023bce87ec59a8b0e979bd7607fdbd,26507476,0x40225972dbd2561a13373fc4b1070443d81027fc5f3b2fcdf4d7d2fdcc6bc2c9,0x44179f9170cb4063c546d73a1e6676ca598cbdf99b67c07bd478561718ce7e83,1,0,2025-11-23T03:47:16Z,545,0x8e5caf3f39b83dbc7663f7fc2b929e21d55482af,4771000000000000000000,4771,verified_wdegen_18_decimals,1,verified_onchain,mission2_24692180_26823905_20260529T001926Z
666666666,0x3620ca030a023bce87ec59a8b0e979bd7607fdbd,26507470,0x2a9c9a19b00fb4cd90b28959f4b1fe8be08bc0bd888389609ed62bd2333ada53,0xb7988ea3131676ab1c8255284fa7e49f120ca8a171c2ccb3002312efb5b10a79,1,0,2025-11-23T03:46:06Z,545,0xbdd8f7ceae7fbfb25bd5615ad3c2608404f6bb72,4337000000000000000000,4337,verified_wdegen_18_decimals,1,verified_onchain,mission2_24692180_26823905_20260529T001926Z
666666666,0x3620ca030a023bce87ec59a8b0e979bd7607fdbd,26507466,0x130209b23aad78b9093f8576e1e9e208616338d9f9d01d7f2de103a1052ad8d6,0x1650c4c5dcc653f43d0fedda0ce54624f166eeb9eb53d5dc5d9f771b265d26bc,1,0,2025-11-23T03:45:33Z,545,0x8e5caf3f39b83dbc7663f7fc2b929e21d55482af,3942000000000000000000,3942,verified_wdegen_18_decimals,1,verified_onchain,mission2_24692180_26823905_20260529T001926Z
666666666,0x3620ca030a023bce87ec59a8b0e979bd7607fdbd,26507449,0x43c292d116df6a382c0f96719206c72a4b2bb388d15482af46220a799921d524,0xe12f07a1b27405de312a2b56b4e59b6593a14cf967be4b31bf7ecd2c814c0929,1,0,2025-11-23T03:42:07Z,545,0xbdd8f7ceae7fbfb25bd5615ad3c2608404f6bb72,3583000000000000000000,3583,verified_wdegen_18_decimals,1,verified_onchain,mission2_24692180_26823905_20260529T001926Z
666666666,0x3620ca030a023bce87ec59a8b0e979bd7607fdbd,26507444,0x9dfcaae67951e8473a955b653f77575f2a7ea98ea891c75f511ce6115c8aa8d6,0xbab0c00a19f159b1d314de18e0c8da50fdb31b8d13b3e8dee63f593f959fa2be,1,0,2025-11-23T03:40:40Z,545,0x76d0e7a13248945ee9f808b4a472262b28778942,3257000000000000000000,3257,verified_wdegen_18_decimals,1,verified_onchain,mission2_24692180_26823905_20260529T001926Z
666666666,0x3620ca030a023bce87ec59a8b0e979bd7607fdbd,26507372,0x82df56b135fa2da559a3d2fe82435999ed646d3d35931f1c9eb87c7d4d63b427,0xa42b86447d039ef636d28d471696184eb319c6da0b67b1ea17416a258519078f,1,0,2025-11-23T03:23:16Z,545,0x8e5caf3f39b83dbc7663f7fc2b929e21d55482af,2960000000000000000000,2960,verified_wdegen_18_decimals,0,verified_onchain,mission2_24692180_26823905_20260529T001926Z
666666666,0x3620ca030a023bce87ec59a8b0e979bd7607fdbd,26503823,0x4855b79d1b7db6642a912f705fb5d9b11a9401eab2283b9b750556b0791f3771,0x72b41ae49cb45cd8147388f9667fece743b2e002e2378416509dc649270facdb,1,0,2025-11-22T05:41:02Z,545,0xc876ec039b90718ff7fc3754b3eec8d2e8918f2f,2690000000000000000000,2690,verified_wdegen_18_decimals,0,verified_onchain,mission2_24692180_26823905_20260529T001926Z
666666666,0x3620ca030a023bce87ec59a8b0e979bd7607fdbd,26503464,0x04857c2f98f565bc367c0d708e5b8fbad61b8e2797de9a7a9763c67e4d68cb99,0x017ed2f036a85b383744b2c1f0b16e1452c122368903799d62bd78c78f6d1b1a,1,0,2025-11-22T04:04:34Z,545,0x76d0e7a13248945ee9f808b4a472262b28778942,2445000000000000000000,2445,verified_wdegen_18_decimals,0,verified_onchain,mission2_24692180_26823905_20260529T001926Z
666666666,0x3620ca030a023bce87ec59a8b0e979bd7607fdbd,26503378,0x61694d0d86cc827c3de20a78494526717630845e8b5241ed88e8c8352c0855cb,0xc3c07689e7daea9012aca5905f0b274a5afc18371c6d23516d81b46e6e9fe38c,1,0,2025-11-22T03:43:37Z,545,0x8e5caf3f39b83dbc7663f7fc2b929e21d55482af,2222000000000000000000,2222,verified_wdegen_18_decimals,0,verified_onchain,mission2_24692180_26823905_20260529T001926Z
666666666,0x3620ca030a023bce87ec59a8b0e979bd7607fdbd,26503355,0xbf3da68bb395a33cdf50de3690e624244149dee08e098a888747e5f740b8016c,0xfe9bd85e9527b9c0aacfa33aecdafdf5f37367aa2d44ee04dca779b19296624d,1,0,2025-11-22T03:36:26Z,544,0x8e5caf3f39b83dbc7663f7fc2b929e21d55482af,9520000000000000000000,9520,verified_wdegen_18_decimals,1,verified_onchain,mission2_24692180_26823905_20260529T001926Z
666666666,0x3620ca030a023bce87ec59a8b0e979bd7607fdbd,26503346,0x19f790bc6a4cd69b84b832d4b98e95576517fa4d538367f0157a3688e6d22b1e,0x38f9f0230d626fbea28ebe89e1883c90d0e0bf2ba715ac0f68c7342761b692ee,1,0,2025-11-22T03:34:04Z,544,0xf13f2c2eba28f2aacee7528f741f9e0d1e8d3d9a,8654000000000000000000,8654,verified_wdegen_18_decimals,1,verified_onchain,mission2_24692180_26823905_20260529T001926Z
666666666,0x3620ca030a023bce87ec59a8b0e979bd7607fdbd,26503336,0x86969930ef820fa369a3c770953c46f2e2b512d02d8318dc78b5a0146d6db89c,0x64ea70fd51014594d0314b932cbff7067d226598d545529951ba47b95ff4740b,1,0,2025-11-22T03:31:19Z,544,0xbdd8f7ceae7fbfb25bd5615ad3c2608404f6bb72,7867000000000000000000,7867,verified_wdegen_18_decimals,1,verified_onchain,mission2_24692180_26823905_20260529T001926Z
666666666,0x3620ca030a023bce87ec59a8b0e979bd7607fdbd,26503335,0xc8fc08ac58dad742944800cee3cb834a24019ac41d4919bf532abe2c5bd813d9,0x8b9e9d6b7d56fde61eb85bd421f2d227b1918816826095919b492a1360733ad6,1,0,2025-11-22T03:30:26Z,544,0x8e5caf3f39b83dbc7663f7fc2b929e21d55482af,7151000000000000000000,7151,verified_wdegen_18_decimals,1,verified_onchain,mission2_24692180_26823905_20260529T001926Z
666666666,0x3620ca030a023bce87ec59a8b0e979bd7607fdbd,26503321,0x09a25deecc2cf2cc479c2989be1efe9c3e862bd524e3e11da7cfd2ac9c1d2ec4,0x1897b66071fbc99327e30f5cbe5f8e62d210b740e84be8588f7f8c58c5312398,1,0,2025-11-22T03:28:25Z,544,0xbdd8f7ceae7fbfb25bd5615ad3c2608404f6bb72,6500000000000000000000,6500,verified_wdegen_18_decimals,1,verified_onchain,mission2_24692180_26823905_20260529T001926Z
666666666,0x3620ca030a023bce87ec59a8b0e979bd7607fdbd,26503316,0xf5f51e018ac1f19a747b6e46daf8c79180a92af2c0f607c3511a7d0ad28d2c44,0x79a641e1184622cd54731b802fd777393f88ea9ddecfc7309364b85f3e3ec4bb,1,0,2025-11-22T03:26:21Z,544,0x8e5caf3f39b83dbc7663f7fc2b929e21d55482af,5909000000000000000000,5909,verified_wdegen_18_decimals,1,verified_onchain,mission2_24692180_26823905_20260529T001926Z
666666666,0x3620ca030a023bce87ec59a8b0e979bd7607fdbd,26503304,0x0a79c1c22af4355f9eefec0e875618bb8cd60ccfd45eecd1be234d6cc9d5e100,0xb928d70a75599efcdfdfb0c51cfe7acea016424f639bb4c1a5a981d923e36af3,1,0,2025-11-22T03:24:04Z,544,0xbdd8f7ceae7fbfb25bd5615ad3c2608404f6bb72,5371000000000000000000,5371,verified_wdegen_18_decimals,1,verified_onchain,mission2_24692180_26823905_20260529T001926Z
666666666,0x3620ca030a023bce87ec59a8b0e979bd7607fdbd,26503297,0x05446a9938973cba902b096fbe3b1feb76de43374aa42942def23e73454d725c,0x18e3044d71bcca716c6e7b4f74d4c70f3a5fee3ea0809f40c6d23580eb0a2a0c,1,0,2025-11-22T03:21:55Z,544,0x76d0e7a13248945ee9f808b4a472262b28778942,4882000000000000000000,4882,verified_wdegen_18_decimals,1,verified_onchain,mission2_24692180_26823905_20260529T001926Z
666666666,0x3620ca030a023bce87ec59a8b0e979bd7607fdbd,26503283,0xf9bd19514f9d02504f604266c7a47b0c72265c609b6f922306b91ae379f943b0,0xf9c931f51cf0c36206782e07a3be3d776c5dfbc53af8624da5efa5f0e08a1465,1,0,2025-11-22T03:18:59Z,544,0xbdd8f7ceae7fbfb25bd5615ad3c2608404f6bb72,4438000000000000000000,4438,verified_wdegen_18_decimals,1,verified_onchain,mission2_24692180_26823905_20260529T001926Z
666666666,0x3620ca030a023bce87ec59a8b0e979bd7607fdbd,26502990,0x4da329eea45e13a49238b3d353d4c81db34279ef16a6834bae78f6f4ad11d3a4,0xf432531650f454154efd6345930f7a424f913465657783cbfca8b00b9a17801d,1,0,2025-11-22T01:30:26Z,544,0x76d0e7a13248945ee9f808b4a472262b28778942,4034000000000000000000,4034,verified_wdegen_18_decimals,0,verified_onchain,mission2_24692180_26823905_20260529T001926Z
666666666,0x3620ca030a023bce87ec59a8b0e979bd7607fdbd,26502983,0x80e491f3e11434fafa1d0c5729f3f8de818e7b320efd3d9522df5b9cadd5000f,0x6f072644a0995a097fd89dff851fadff8887afde0585911ffcdb391e1c1dafbd,1,0,2025-11-22T01:22:39Z,544,0xbdd8f7ceae7fbfb25bd5615ad3c2608404f6bb72,3667000000000000000000,3667,verified_wdegen_18_decimals,0,verified_onchain,mission2_24692180_26823905_20260529T001926Z
666666666,0x3620ca030a023bce87ec59a8b0e979bd7607fdbd,26502727,0xa5758121270f4b5a91ffbd9a7358702f409187d3803ac3b33409ebd35803e137,0xcde804cc22d4cdb76fd7e2990d2586581b23b25081f7b5f9ad6a4b4ef6bcda45,1,0,2025-11-21T22:55:33Z,544,0x76d0e7a13248945ee9f808b4a472262b28778942,3333000000000000000000,3333,verified_wdegen_18_decimals,0,verified_onchain,mission2_24692180_26823905_20260529T001926Z
666666666,0x3620ca030a023bce87ec59a8b0e979bd7607fdbd,26502641,0x98340c9284503eb2f295b1c5f2454eb8255d59b3c3c04c5ba0906a880d159c58,0x1874c22b864281bccba1cb5e0ba2399516ae7f9415ce0e836fc1a3ac0e6735a8,1,0,2025-11-21T22:31:58Z,544,0x8e5caf3f39b83dbc7663f7fc2b929e21d55482af,2445000000000000000000,2445,verified_wdegen_18_decimals,0,verified_onchain,mission2_24692180_26823905_20260529T001926Z
666666666,0x3620ca030a023bce87ec59a8b0e979bd7607fdbd,26501967,0xdf7ff5659f0f15629b62c8174b7464d50df3b7b8de91dc73719c3845cba903c6,0x7921efdb7ba5cf7751e22e91f32463a716e6cef35d2a4ade767cc63b1fd69d6e,1,0,2025-11-21T19:31:23Z,544,0x76d0e7a13248945ee9f808b4a472262b28778942,2222000000000000000000,2222,verified_wdegen_18_decimals,0,verified_onchain,mission2_24692180_26823905_20260529T001926Z
666666666,0x3620ca030a023bce87ec59a8b0e979bd7607fdbd,26499588,0x2aa21b0b40f1efe93d8f5ddab48be55d28c4023b2297ced203697a828f71d0fd,0xb839e942ac49c04419a13a6318a0e7999e102721117aea29cebc5e0e8803626a,1,0,2025-11-21T09:39:31Z,544,0xbdd8f7ceae7fbfb25bd5615ad3c2608404f6bb72,1465000000000000000000,1465,verified_wdegen_18_decimals,0,verified_onchain,mission2_24692180_26823905_20260529T001926Z
666666666,0x3620ca030a023bce87ec59a8b0e979bd7607fdbd,26499375,0x37e6b57d44e25935e4fd5f798e7e127270fc433c094dda080d7a7d76f9298117,0xa81c80cc4c140e2a1de260ad9c6a3f2b03783a880b3f1e526e4761d96774bb6d,1,0,2025-11-21T08:48:12Z,544,0xf13f2c2eba28f2aacee7528f741f9e0d1e8d3d9a,1331000000000000000000,1331,verified_wdegen_18_decimals,0,verified_onchain,mission2_24692180_26823905_20260529T001926Z
666666666,0x3620ca030a023bce87ec59a8b0e979bd7607fdbd,26498910,0xab3180331d70cfe01d8cb2c877c1923405c7ff7711c5445e2a2fc5a58a2864ef,0x4874551a3f4dd91bf63db8df2177343f56a33726ee7f0ca37508916080ad5b02,1,0,2025-11-21T07:12:03Z,544,0xbdd8f7ceae7fbfb25bd5615ad3c2608404f6bb72,1210000000000000000000,1210,verified_wdegen_18_decimals,0,verified_onchain,mission2_24692180_26823905_20260529T001926Z
666666666,0x3620ca030a023bce87ec59a8b0e979bd7607fdbd,26498277,0x30f3e0dffd0f7be07ad1a23a4c7ec2c4ff2296bda023d4f7d6423398be7dbffb,0xd27404d00d03eec549075d0146afda503cf23b99972e06e671493b36aad105c7,1,0,2025-11-21T03:30:27Z,544,0x76d0e7a13248945ee9f808b4a472262b28778942,1100000000000000000000,1100,verified_wdegen_18_decimals,0,verified_onchain,mission2_24692180_26823905_20260529T001926Z
666666666,0x3620ca030a023bce87ec59a8b0e979bd7607fdbd,26498263,0xbbca1900f177110879cecc9c2343b7a15efbb74d1ae023478291457474a72782,0x95fa05a77fcc05ba4e79e071014deed5f73800643ef9e799ceb030dcf69badde,1,0,2025-11-21T03:28:43Z,544,0xbdd8f7ceae7fbfb25bd5615ad3c2608404f6bb72,1000000000000000000000,1000,verified_wdegen_18_decimals,0,verified_onchain,mission2_24692180_26823905_20260529T001926Z
666666666,0x3620ca030a023bce87ec59a8b0e979bd7607fdbd,26498215,0x2cd6a0960f0431016a7e8162a4ad1b651a07e4710cb0299cdf813306769ae1f8,0x0703164cf74a7a91002965c3ade32f08f9b208249cddb65f2994dab0156a2f25,1,0,2025-11-21T03:15:46Z,543,0xbdd8f7ceae7fbfb25bd5615ad3c2608404f6bb72,5857000000000000000000,5857,verified_wdegen_18_decimals,1,verified_onchain,mission2_24692180_26823905_20260529T001926Z
666666666,0x3620ca030a023bce87ec59a8b0e979bd7607fdbd,26497738,0xd3f8e12f2be8cbea62a9128f65ec9603b388701eba44230541ab9686bb20b214,0xe638b35caabfa68b26e42654aa5ae4f15fa793d7f07f4b5c4973a50d77c1ad24,1,0,2025-11-21T01:18:01Z,543,0x76d0e7a13248945ee9f808b4a472262b28778942,5324000000000000000000,5324,verified_wdegen_18_decimals,0,verified_onchain,mission2_24692180_26823905_20260529T001926Z
666666666,0x3620ca030a023bce87ec59a8b0e979bd7607fdbd,26497713,0xada1a34b94c4a43182426d59b16d8931ea602ff3988e8855b228913f879afbb2,0x4e19aa9d86e05311e91792cce56afc691d0fc53dc5b50e2a7d3d5f5e5ccb4a31,1,0,2025-11-21T01:11:35Z,543,0x8e5caf3f39b83dbc7663f7fc2b929e21d55482af,4840000000000000000000,4840,verified_wdegen_18_decimals,0,verified_onchain,mission2_24692180_26823905_20260529T001926Z
666666666,0x3620ca030a023bce87ec59a8b0e979bd7607fdbd,26497293,0x13f44bb75b2ddc1aae40d2de2451623ca2e39def596827b7f6330960c6be5728,0x066ce0bcff5cbd5519f3ccd0866b62fab705554dd555495be9ec236ec104c2aa,1,0,2025-11-20T23:30:51Z,543,0x76d0e7a13248945ee9f808b4a472262b28778942,4400000000000000000000,4400,verified_wdegen_18_decimals,0,verified_onchain,mission2_24692180_26823905_20260529T001926Z
666666666,0x3620ca030a023bce87ec59a8b0e979bd7607fdbd,26497286,0x31754fa336f86c67e83e2b87241b8c6d03e07c8aea2ab7494e7e6e77d28daea6,0xb628924c7391efdefbccc16a1652eebe082ddafcd43d335009fb54df77254053,1,0,2025-11-20T23:26:08Z,543,0xf5ede753787fa89a2960330ba846cc25875c09d4,4000000000000000000000,4000,verified_wdegen_18_decimals,0,verified_onchain,mission2_24692180_26823905_20260529T001926Z
666666666,0x3620ca030a023bce87ec59a8b0e979bd7607fdbd,26497283,0x3c94a8c6ba457c2ca41b07919ae6c8be81d69c115d45ff7b96216da449d0911a,0x1b7d6e9f3e5466194c65938732e21d0f23b8ee5deb8e25a3a776e47a475038ea,1,0,2025-11-20T23:24:02Z,543,0x76d0e7a13248945ee9f808b4a472262b28778942,1331000000000000000000,1331,verified_wdegen_18_decimals,0,verified_onchain,mission2_24692180_26823905_20260529T001926Z
666666666,0x3620ca030a023bce87ec59a8b0e979bd7607fdbd,26497270,0xf7da94d9775a660b4ad867369b27963cd060764e17417963fd4fb0b2a532124e,0x01995bec80c96b43939b8b238561ae1be278a6b9ec88d4e8fb8d0ebe941f5e6e,1,0,2025-11-20T23:09:35Z,543,0x0c65be17e86bcb6019148be0a4e8f0a4510a70cb,1210000000000000000000,1210,verified_wdegen_18_decimals,0,verified_onchain,mission2_24692180_26823905_20260529T001926Z
666666666,0x3620ca030a023bce87ec59a8b0e979bd7607fdbd,26497169,0x130521ba902463eb790519af83ca54adc5c2473c9df6637465fc720a122a80d7,0x9301e57c6b66a10e0fab0303037f9c81dca1eca80427ddaea01a0823a8866ed4,1,0,2025-11-20T21:23:22Z,543,0x76d0e7a13248945ee9f808b4a472262b28778942,1100000000000000000000,1100,verified_wdegen_18_decimals,0,verified_onchain,mission2_24692180_26823905_20260529T001926Z
666666666,0x3620ca030a023bce87ec59a8b0e979bd7607fdbd,26494341,0xc60542625214bb623f0e95f245f38d8c8b7b28cea9dbdbd7adcd12dbb2e135d9,0x25f88af398a65718afda1831647744184a1a87d4e657132c9ebb1ba943fe164b,1,0,2025-11-20T08:11:11Z,543,0xbdd8f7ceae7fbfb25bd5615ad3c2608404f6bb72,1000000000000000000000,1000,verified_wdegen_18_decimals,0,verified_onchain,mission2_24692180_26823905_20260529T001926Z
666666666,0x3620ca030a023bce87ec59a8b0e979bd7607fdbd,26493313,0x532230735a390bc219a816a42c4a921ea2226a6b3dfd09c3a17690e194011df3,0x74ac21d0a721219e3a3925752ac4763bcf645faf595c8a78c9f490c34ddca429,1,0,2025-11-20T03:11:11Z,542,0xb5ffc7dc088a44b3dc5bac396806bfbbc71634ce,12000000000000000000000,12000,verified_wdegen_18_decimals,1,verified_onchain,mission2_24692180_26823905_20260529T001926Z
