bidder,bidder_url,bidder_wallet,bids,auctions_bid,bid_eth,high_bid_eth,auction_wins,winning_eth,latest_bid_token_id,latest_bid_utc
@0xael.eth,https://farcaster.xyz/0xael.eth,0x76d0e7a13248945ee9f808b4a472262b28778942,218,147,4.67361,0.16455,41,0.81223,822,2026-09-03 22:52:05
@stemo.eth,https://farcaster.xyz/stemo.eth,0x46e9beef5dc68dff095eca56dadf90247f1af7ef,100,65,3.737608,0.27463,10,0.67563,817,2026-08-28 21:59:51
@ohosttcod,https://farcaster.xyz/ohosttcod,0xc5831df8214b36e27c0d5fa45eed8d160610dc90,24,13,2.65939,0.21538,4,0.61865,613,2026-02-02 03:00:31
@mr-r0b0t,https://farcaster.xyz/mr-r0b0t,0x86e36c9ba3c6a2542fd761bc2b4fd61a110ea6cd,30,14,2.32409,0.2046,7,0.83472,685,2026-04-15 20:29:01
@vaibhavmule,https://farcaster.xyz/vaibhavmule,0xffe16898fc0af80ee9bcf29d2b54a0f20f9498ad,29,18,1.99536,0.3021,7,0.76816,770,2026-07-11 11:36:41
@skunkape,https://farcaster.xyz/skunkape,0xca0edb47a8c9ef04dc2368946f46fb3d7c1a3202,60,45,1.59966,0.14301,8,0.28071,759,2026-06-30 15:34:55
@thec1,https://farcaster.xyz/thec1,0xd29c790466675153a50df7860b9efdb689a21cde,91,46,1.48757,0.07333,9,0.20805,816,2026-08-28 21:42:35
@cryptomill,https://farcaster.xyz/cryptomill,0x71ce5605ab649d97446ef179bc2983b18ddc9a48,100,66,1.40666,0.06064,17,0.27422,816,2026-08-28 20:47:55
@badadan,https://farcaster.xyz/badadan,0xa2648350f3566e4f18a9519734928d08d3ea08c4,100,49,1.381643,0.04358,12,0.30901,793,2026-08-04 13:45:17
@doldole,https://farcaster.xyz/doldole,0xfd9d96082ea88c5cee50db6343077b8124965f71,12,3,1.23659,0.24966,1,0.15691,595,2026-01-15 01:09:13
@cryptocloudtv,https://farcaster.xyz/cryptocloudtv,0x98fd129b2183d2a80f9d8da156242ce3e0d53756,11,4,1.00058,0.19812,1,0.19812,598,2026-01-17 20:56:07
@neghvar.eth,https://farcaster.xyz/neghvar.eth,0xc7aab24ede583b0dc9041343ae51466bb86a1ab7,28,15,0.961862,0.09999,7,0.22189,663,2026-03-24 15:40:31
@hydropho.eth,https://farcaster.xyz/hydropho.eth,0xe16f9db0e6ca8f2f9151ac581a78d9dd5a4bb1ef,29,12,0.95325,0.11001,1,0.085,622,2026-02-11 04:28:45
@dl39,https://farcaster.xyz/dl39,0x8e5caf3f39b83dbc7663f7fc2b929e21d55482af,40,18,0.95054,0.05851,8,0.23593,703,2026-05-02 22:25:15
@iiccii,https://farcaster.xyz/iiccii,0x14e8fddfa4a7c709c19a8c7da5205c3ae366355c,25,14,0.74112,0.07701,3,0.12806,630,2026-02-19 06:06:35
@vorcha,https://farcaster.xyz/vorcha,0xc421401af43d217d8bf16f18ffd076f3c84219d9,42,19,0.72614,0.06666,9,0.22919,695,2026-04-25 21:23:49
@markcarey,https://farcaster.xyz/markcarey,0x0c65be17e86bcb6019148be0a4e8f0a4510a70cb,16,6,0.6999,0.10716,0,0.0,731,2026-06-02 14:46:49
@pare,https://farcaster.xyz/pare,0xd1ab146981d50adcfe18433500e852af396ea7b1,27,21,0.69181,0.05135,8,0.22641,788,2026-07-30 10:26:31
@britomartis,https://farcaster.xyz/britomartis,0xfe1180d8515c8700b933ee9a4ba6a98bc1a9b5ae,25,8,0.5832,0.04033,2,0.06136,705,2026-05-05 04:08:19
@yes2crypto.eth,https://farcaster.xyz/yes2crypto.eth,0xe068579e46ca32a7ed3d51f217fcc5a0d829fca0,11,5,0.45229,0.10253,1,0.10253,610,2026-01-30 02:37:27
@kumari,https://farcaster.xyz/kumari,0x7eaa7613f4cf84a10fb1daf07472e07031ff01d4,7,2,0.41805,0.1298,1,0.1298,660,2026-03-21 15:04:51
@ashish-007,https://farcaster.xyz/ashish-007,0x2df06405772f9fe85e1771ff11baaa5d3933f457,16,9,0.39027,0.05133,1,0.03937,738,2026-06-08 21:59:47
0x903d…eef8,https://basescan.org/address/0x903dd30042ae53844ae83bdf2bcf839c4e80eef8,0x903dd30042ae53844ae83bdf2bcf839c4e80eef8,5,2,0.38269,0.10825,0,0.0,591,2026-01-10 13:52:21
@sharas.eth,https://farcaster.xyz/sharas.eth,0xd722d7cef1870733a85e779ab3d306ba286c0af0,19,14,0.37772,0.05161,2,0.04912,731,2026-06-01 19:25:11
@staraptor.eth,https://farcaster.xyz/staraptor.eth,0x3516006709b775e01b48dfb5fad355a4e793e347,23,15,0.37663,0.0369,4,0.0817,746,2026-06-17 22:29:35
@metasalary,https://farcaster.xyz/metasalary,0x833c829b5123c7af0b810a03084d5d3f0529d323,24,16,0.36485,0.03027,5,0.0895,782,2026-07-23 20:01:11
@kenshiking.eth,https://farcaster.xyz/kenshiking.eth,0x23d660548cd61432537592dcea15b059605c9242,19,13,0.3551,0.05501,3,0.09079,750,2026-06-21 21:45:43
0xefbe…6b27,https://basescan.org/address/0xefbe74a2d564b5da62407d452038db32c9fd6b27,0xefbe74a2d564b5da62407d452038db32c9fd6b27,4,1,0.30627,0.11799,0,0.0,591,2026-01-10 18:12:03
@maraudergo,https://farcaster.xyz/maraudergo,0xf4e1b8577a9b1eafa6058c873531441697393b54,9,4,0.293,0.07591,2,0.05203,694,2026-04-23 21:18:59
0x1b49…7566,https://basescan.org/address/0x1b49689db12080f5fcc5dc36f990599739487566,0x1b49689db12080f5fcc5dc36f990599739487566,6,2,0.2842,0.08057,0,0.0,591,2026-01-10 14:38:09
@cctv1,https://farcaster.xyz/cctv1,0xbdd8f7ceae7fbfb25bd5615ad3c2608404f6bb72,55,39,0.25633,0.01859,2,0.01621,822,2026-09-03 01:02:55
@i-am-rael.eth,https://farcaster.xyz/i-am-rael.eth,0x4119cfa20129f9ea739590ea914cdfbc0c0772cb,20,12,0.22315,0.03995,7,0.12366,748,2026-06-19 23:41:07
@shalexvivek,https://farcaster.xyz/shalexvivek,0x412b7153504217b405af821bdcdc5f21c71e3cbc,12,6,0.20805,0.04311,2,0.06576,731,2026-06-02 19:29:19
@acion,https://farcaster.xyz/acion,0x398acdc97722f3f0415861359e74bdcd10e41130,9,5,0.19798,0.03064,2,0.05831,698,2026-04-27 21:34:33
@farcy,https://farcaster.xyz/farcy,0x84cb3b93f9a918632f05528770b5cf926396b0f4,37,31,0.19215,0.02965,3,0.04207,805,2026-08-16 20:32:11
0x7c6f…2978,https://basescan.org/address/0x7c6f3877c942089866b6ca13c2f58e94cfe72978,0x7c6f3877c942089866b6ca13c2f58e94cfe72978,1,1,0.16555,0.16555,0,0.0,604,2026-01-23 13:07:29
@schlemiel,https://farcaster.xyz/schlemiel,0x1fb17e93ca83a21c517841f8a6fda27fa8eb11f0,15,10,0.15758,0.0258,1,0.01091,710,2026-05-11 02:16:35
@satoshimyro.eth,https://farcaster.xyz/satoshimyro.eth,0xad1587791ceb3bc2dc54c025911937405a9c887c,3,1,0.15676,0.07324,1,0.07324,659,2026-03-20 14:40:49
0x8588…0cd8,https://basescan.org/address/0x85886411fe41fdbcfc6631aca4b088e389bc0cd8,0x85886411fe41fdbcfc6631aca4b088e389bc0cd8,1,1,0.155,0.155,0,0.0,591,2026-01-10 23:44:15
0x5f71…0534,https://basescan.org/address/0x5f717f61b09438ca13c78678dbb1ab9775550534,0x5f717f61b09438ca13c78678dbb1ab9775550534,1,1,0.14521,0.14521,0,0.0,594,2026-01-13 22:03:47
@bitcoinvestor,https://farcaster.xyz/bitcoinvestor,0x7732f594c38d4940e1076aa9f6f53065b7915953,11,7,0.13882,0.01774,4,0.05181,764,2026-07-06 02:16:01
@valdore,https://farcaster.xyz/valdore,0x8a1721bf6127b16836c2bcd33c612765ff9f0687,4,1,0.1323,0.04835,1,0.04835,664,2026-03-25 15:58:07
0x50be…7ce6,https://basescan.org/address/0x50be4fc9dba77aee3ffb8fe1e043f02837937ce6,0x50be4fc9dba77aee3ffb8fe1e043f02837937ce6,7,4,0.13064,0.02751,0,0.0,677,2026-04-07 09:06:03
@aliyaindah,https://farcaster.xyz/aliyaindah,0x182a4e4759e9f841682dc7d89b5cccd6ccb6a82d,15,9,0.12658,0.01659,1,0.011,761,2026-07-02 03:53:53
@keldon,https://farcaster.xyz/keldon,0xffa73032fc023cbc21334d15d19854294f8e64db,7,6,0.12341,0.03255,2,0.05509,693,2026-04-22 21:21:47
0xbd26…63b6,https://basescan.org/address/0xbd26ccb76ddb5d8ccc33081b0a12c3e9bfe763b6,0xbd26ccb76ddb5d8ccc33081b0a12c3e9bfe763b6,2,2,0.11899,0.11001,0,0.0,648,2026-03-09 08:13:17
@floam,https://farcaster.xyz/floam,0xdbb811ec62338db94858ec21ef1d56b658111922,6,4,0.11078,0.05324,2,0.06424,733,2026-06-03 20:00:45
@zenonseeker,https://farcaster.xyz/zenonseeker,0xea89fa73f8e6283c37a72267290bc7829464893f,8,6,0.10579,0.03,2,0.02321,750,2026-06-20 23:47:31
@consta,https://farcaster.xyz/consta,0x045acd980764824b9eb6f312f0a2cdd9f3183503,16,9,0.10531,0.0123,1,0.0123,705,2026-05-05 19:50:29
0xe25d…3ad4,https://basescan.org/address/0xe25d3e10da73904cb956088767100c8d80053ad4,0xe25d3e10da73904cb956088767100c8d80053ad4,7,2,0.10449,0.02798,0,0.0,621,2026-02-10 04:16:21
@xiexi,https://farcaster.xyz/xiexi,0x67c91318b9c38dbeb200e1539b64e5bbc930372f,7,4,0.09848,0.04885,1,0.04885,669,2026-03-30 17:00:09
@kzl27.eth,https://farcaster.xyz/kzl27.eth,0x13dbc7d5ace21d1eeb5f884666e284138fbff620,18,11,0.09509,0.0202,5,0.03843,818,2026-08-30 09:18:03
@kidmyr.eth,https://farcaster.xyz/kidmyr.eth,0xee2bb96a633e50de9cbc8b4229b07cef9a008852,8,3,0.0945,0.033,1,0.033,707,2026-05-08 02:53:37
@melinoe,https://farcaster.xyz/melinoe,0x50eac8369154231a7ca59a73ccaf1131e7904d4b,5,4,0.09395,0.02398,3,0.05572,753,2026-06-24 23:44:11
0xe048…8846,https://basescan.org/address/0xe04885c3f1419c6e8495c33bdcf5f8387cd88846,0xe04885c3f1419c6e8495c33bdcf5f8387cd88846,5,4,0.07604,0.02198,0,0.0,701,2026-05-01 21:59:47
@biang-kerok.eth,https://farcaster.xyz/biang-kerok.eth,0x9f080983c678c6639f9a4de8f1feace2b2a1a54c,11,9,0.07212,0.01952,1,0.01331,774,2026-07-15 08:25:27
0x1621…e3f7,https://basescan.org/address/0x16219b2c3a11c5833ace1a8b9ddf64c48ddbe3f7,0x16219b2c3a11c5833ace1a8b9ddf64c48ddbe3f7,5,4,0.07015,0.02543,2,0.02451,763,2026-07-05 02:14:39
0x9862…f956,https://basescan.org/address/0x9862478d2795e7e174958b567b010108a803f956,0x9862478d2795e7e174958b567b010108a803f956,12,6,0.04855,0.01794,0,0.0,620,2026-02-08 22:19:47
@monicacline,https://farcaster.xyz/monicacline,0x021f6491c31ee6ecd0a840e8e5c562f5c555261d,4,4,0.04787,0.01696,1,0.01,790,2026-08-01 13:14:59
0x8cbf…89ba,https://basescan.org/address/0x8cbf96319b3c56d50a7c82efb6d3c46bd6f889ba,0x8cbf96319b3c56d50a7c82efb6d3c46bd6f889ba,2,2,0.04429,0.04129,0,0.0,595,2026-01-15 00:56:21
0x6ea4…1c0a,https://basescan.org/address/0x6ea4bcf15e80b8903f4456d921a85704ef8c1c0a,0x6ea4bcf15e80b8903f4456d921a85704ef8c1c0a,1,1,0.03995,0.03995,0,0.0,603,2026-01-22 02:03:15
@isodl,https://farcaster.xyz/isodl,0x0b2b3483a5cedb08839e098d3d9f02d1893a20dc,9,8,0.03759,0.00807,1,0.00807,762,2026-07-03 18:17:33
0xa9b0…03e3,https://basescan.org/address/0xa9b0ff77f30d9876378a94155d2153caa68e03e3,0xa9b0ff77f30d9876378a94155d2153caa68e03e3,2,2,0.03686,0.03631,1,0.03631,815,2026-08-26 21:55:21
0x9c1b…ff91,https://basescan.org/address/0x9c1bd1b58ba842c9f5687adc3e37bdff50edff91,0x9c1bd1b58ba842c9f5687adc3e37bdff50edff91,2,2,0.03681,0.03631,0,0.0,603,2026-01-22 02:02:41
0xfcd8…6a24,https://basescan.org/address/0xfcd8f38392866fcebab167e68748ae4b637a6a24,0xfcd8f38392866fcebab167e68748ae4b637a6a24,2,2,0.03234,0.0163,0,0.0,620,2026-02-08 21:42:47
0x2da2…4ae3,https://basescan.org/address/0x2da2ed2d76c0d2ca0595d30def13f3f2ae3e4ae3,0x2da2ed2d76c0d2ca0595d30def13f3f2ae3e4ae3,5,1,0.0319,0.00903,0,0.0,590,2026-01-09 10:35:31
0xdebe…c337,https://basescan.org/address/0xdebee557279efedf7b9044292fbb83988060c337,0xdebee557279efedf7b9044292fbb83988060c337,3,2,0.03119,0.01634,0,0.0,649,2026-03-10 08:18:01
0x26d8…8caa,https://basescan.org/address/0x26d85c9ed5c6cfe6bd13acd25b7aada9193e8caa,0x26d85c9ed5c6cfe6bd13acd25b7aada9193e8caa,4,3,0.0285,0.021,0,0.0,615,2026-02-04 03:21:19
@richieboston,https://farcaster.xyz/richieboston,0xd559e433718b1f2667fde7c859fc982cf0bc491f,8,8,0.02645,0.00931,0,0.0,802,2026-08-13 22:38:19
0x4c29…5bbf,https://basescan.org/address/0x4c2904e42ce586a114dc08b0b15a4a09de025bbf,0x4c2904e42ce586a114dc08b0b15a4a09de025bbf,4,2,0.02571,0.01254,0,0.0,642,2026-03-03 07:32:41
0xf561…dc3c,https://basescan.org/address/0xf561592d05174512905cece6f00efc52423adc3c,0xf561592d05174512905cece6f00efc52423adc3c,5,4,0.02559,0.00771,0,0.0,799,2026-08-11 15:51:59
@ajrony,https://farcaster.xyz/ajrony,0x43f8c3e0c0ab23f0a8660f3ea3ce1a7016f96a33,1,1,0.02486,0.02486,1,0.02486,703,2026-05-03 22:16:57
@kunon,https://farcaster.xyz/kunon,0x437be13e57f822167a3206c6744d03bcd6b499ee,6,5,0.0242,0.0055,2,0.011,821,2026-09-01 22:59:03
@oddlyaugmented.eth,https://farcaster.xyz/oddlyaugmented.eth,0x75a5e92a54336141f7a4d3e87eebf57e0cf4239d,4,3,0.02253,0.01119,1,0.01119,755,2026-06-26 19:42:27
0x6794…c1b4,https://basescan.org/address/0x6794c4220791d85f640274b9391d4c70cd92c1b4,0x6794c4220791d85f640274b9391d4c70cd92c1b4,3,2,0.02179,0.00825,0,0.0,649,2026-03-10 05:36:35
@metamorpheuz,https://farcaster.xyz/metamorpheuz,0x8cd17616465e2c0de3b1875757adcffeee269865,2,2,0.02082,0.01091,1,0.01091,778,2026-07-20 12:57:15
0xbaba…8f73,https://basescan.org/address/0xbaba775a0400a5e442335ceaa4820edb1ded8f73,0xbaba775a0400a5e442335ceaa4820edb1ded8f73,2,1,0.02064,0.0121,0,0.0,705,2026-05-05 21:52:39
0xfa3c…69e6,https://basescan.org/address/0xfa3ce274f05bb01b8dc85a9dff96cae8c5c869e6,0xfa3ce274f05bb01b8dc85a9dff96cae8c5c869e6,2,2,0.019,0.01,0,0.0,599,2026-01-18 02:27:29
0xde46…c96f,https://basescan.org/address/0xde46c8ad3eb5b3992f21721ce69f3d92ea07c96f,0xde46c8ad3eb5b3992f21721ce69f3d92ea07c96f,10,3,0.01879,0.00329,0,0.0,605,2026-01-24 02:13:05
0x76d3…d313,https://basescan.org/address/0x76d387388bea6b60ca6d1e97f446f7e26d39d313,0x76d387388bea6b60ca6d1e97f446f7e26d39d313,4,1,0.01802,0.00705,0,0.0,705,2026-05-05 20:02:47
0xdfbf…73ca,https://basescan.org/address/0xdfbff2e5535a24e1c11b4c994f5eab08acd573ca,0xdfbff2e5535a24e1c11b4c994f5eab08acd573ca,2,2,0.01449,0.013,1,0.013,789,2026-08-01 13:07:23
0x8847…fe0a,https://basescan.org/address/0x8847925f96be82ad7e48b26f641e7d47d073fe0a,0x8847925f96be82ad7e48b26f641e7d47d073fe0a,3,1,0.014,0.00559,0,0.0,590,2026-01-09 06:24:59
@oxygen2,https://farcaster.xyz/oxygen2,0x60fb37f0b204ef8df48793cbb5991a2422c9f205,1,1,0.01331,0.01331,1,0.01331,712,2026-05-13 03:10:39
@!274293,https://farcaster.xyz/!274293,0xab38785e2e0daf919ec898007562c618ce62a10d,5,4,0.0125,0.00733,0,0.0,766,2026-07-07 05:53:41
0xa036…c1bc,https://basescan.org/address/0xa036225142c4f464ac1c1e04ca663809b4cfc1bc,0xa036225142c4f464ac1c1e04ca663809b4cfc1bc,3,2,0.01221,0.00586,0,0.0,606,2026-01-25 06:45:05
0xf7b3…e2db,https://basescan.org/address/0xf7b321a4a4359d794d1f06ae6674ac31d55ce2db,0xf7b321a4a4359d794d1f06ae6674ac31d55ce2db,1,1,0.0121,0.0121,0,0.0,712,2026-05-13 03:09:57
@samiam,https://farcaster.xyz/samiam,0xea3ef7d0090872ce5e26fdcbb5507eb97be21843,2,2,0.012,0.011,1,0.011,807,2026-08-18 19:50:11
0xeaa2…5253,https://basescan.org/address/0xeaa2a690fb3e110544017efa02bac6afaa7e5253,0xeaa2a690fb3e110544017efa02bac6afaa7e5253,1,1,0.012,0.012,0,0.0,626,2026-02-14 17:17:05
@anotherplanet,https://farcaster.xyz/anotherplanet,0x7e94850ea092dd314c0519ad675885b50564dadb,2,2,0.01101,0.00991,1,0.00991,777,2026-07-19 12:54:37
@0xleonardo,https://farcaster.xyz/0xleonardo,0x502ce9fb1814cb03843967ec5e0d8f6aa3a3c2e1,1,1,0.011,0.011,0,0.0,728,2026-05-30 06:09:29
0xc6f9…5619,https://basescan.org/address/0xc6f95eee7e639674d4866b88acb944a4dff45619,0xc6f95eee7e639674d4866b88acb944a4dff45619,1,1,0.011,0.011,0,0.0,621,2026-02-09 07:56:25
0xf080…74ae,https://basescan.org/address/0xf0807da85b2af462edd8a1855f4d301fba1f74ae,0xf0807da85b2af462edd8a1855f4d301fba1f74ae,1,1,0.011,0.011,1,0.011,772,2026-07-14 08:01:53
0xde51…652c,https://basescan.org/address/0xde510683333096b200fd40dd068eb8f86772652c,0xde510683333096b200fd40dd068eb8f86772652c,1,1,0.00991,0.00991,1,0.00991,780,2026-07-22 16:50:51
0x0552…4111,https://basescan.org/address/0x05526e29e28ba9ff622a42e30989147651b64111,0x05526e29e28ba9ff622a42e30989147651b64111,3,1,0.0091,0.00345,0,0.0,590,2026-01-09 04:53:55
0xabb5…f5c4,https://basescan.org/address/0xabb57831ea27b2610eab0da51d8b351c5b3af5c4,0xabb57831ea27b2610eab0da51d8b351c5b3af5c4,3,2,0.00878,0.0055,0,0.0,596,2026-01-15 01:17:41
0x8368…9a9f,https://basescan.org/address/0x836882194209e16929c1c1b3817bc6d9d7fd9a9f,0x836882194209e16929c1c1b3817bc6d9d7fd9a9f,3,1,0.00797,0.00394,0,0.0,607,2026-01-26 20:08:31
0xd0b4…09b9,https://basescan.org/address/0xd0b404edd816260199585423b0449933592909b9,0xd0b404edd816260199585423b0449933592909b9,2,2,0.00776,0.00666,0,0.0,615,2026-02-03 04:02:57
0xd1f5…c36b,https://basescan.org/address/0xd1f5b9684810479e503ea984f3ab8e259236c36b,0xd1f5b9684810479e503ea984f3ab8e259236c36b,2,2,0.00755,0.00605,0,0.0,639,2026-02-27 11:23:01
0x4932…d861,https://basescan.org/address/0x4932ae69f9da1ff74944680baad245cd3747d861,0x4932ae69f9da1ff74944680baad245cd3747d861,1,1,0.00738,0.00738,0,0.0,595,2026-01-14 17:29:45
0x9b73…9e1a,https://basescan.org/address/0x9b73ac9c0034ba26f8781baa37c4b06d727c9e1a,0x9b73ac9c0034ba26f8781baa37c4b06d727c9e1a,2,1,0.00687,0.005,0,0.0,595,2026-01-14 03:11:47
0x0592…5404,https://basescan.org/address/0x05929a613ff148b1f78f0ff7738bd47d316f5404,0x05929a613ff148b1f78f0ff7738bd47d316f5404,1,1,0.0067,0.0067,0,0.0,595,2026-01-14 05:19:21
0xeac1…58f1,https://basescan.org/address/0xeac116c1d442334b6ace9fbd2258ff8819e058f1,0xeac116c1d442334b6ace9fbd2258ff8819e058f1,1,1,0.00666,0.00666,0,0.0,613,2026-02-01 11:04:25
0x0f20…fbc0,https://basescan.org/address/0x0f20a137db77ba749d3aeebcb44d729c8ddbfbc0,0x0f20a137db77ba749d3aeebcb44d729c8ddbfbc0,1,1,0.00661,0.00661,0,0.0,804,2026-08-15 17:59:39
0x0416…1ae6,https://basescan.org/address/0x0416cae0e61e140df342b96a981d07ce41461ae6,0x0416cae0e61e140df342b96a981d07ce41461ae6,2,1,0.00634,0.00434,0,0.0,597,2026-01-16 19:00:31
0x5bc0…a30e,https://basescan.org/address/0x5bc0aa095632c76da0be9838d960da9a66fca30e,0x5bc0aa095632c76da0be9838d960da9a66fca30e,2,1,0.00593,0.00325,0,0.0,597,2026-01-16 17:49:13
0xac42…35bc,https://basescan.org/address/0xac4297a5712edc053088d1563d69e30749fb35bc,0xac4297a5712edc053088d1563d69e30749fb35bc,4,3,0.00568,0.00243,0,0.0,606,2026-01-25 02:44:25
0x1179…2226,https://basescan.org/address/0x1179da9bf5b4e5e8caf4bb378230c36fec572226,0x1179da9bf5b4e5e8caf4bb378230c36fec572226,1,1,0.0055,0.0055,1,0.0055,821,2026-09-02 21:29:49
0xb329…7f1d,https://basescan.org/address/0xb3294f3dc6d908916bd4079d7598411d39467f1d,0xb3294f3dc6d908916bd4079d7598411d39467f1d,1,1,0.00526,0.00526,0,0.0,607,2026-01-26 21:29:03
0x09a8…b510,https://basescan.org/address/0x09a80a434a3ea1e247dabc7ec979b7392f34b510,0x09a80a434a3ea1e247dabc7ec979b7392f34b510,1,1,0.005,0.005,0,0.0,613,2026-02-01 03:26:33
@xbornid.eth,https://farcaster.xyz/xbornid.eth,0xbe061d84c50e156e2faa791228662e3b52c906e2,4,3,0.00495,0.00153,0,0.0,749,2026-06-20 11:19:29
0x9b65…4577,https://basescan.org/address/0x9b65d1cf7db82b713c2cb44b913062f2db004577,0x9b65d1cf7db82b713c2cb44b913062f2db004577,4,3,0.00472,0.00185,0,0.0,606,2026-01-25 07:12:49
0x469e…c149,https://basescan.org/address/0x469e0cb994fe784ecaf642babfe7a272fb6ec149,0x469e0cb994fe784ecaf642babfe7a272fb6ec149,1,1,0.00444,0.00444,0,0.0,606,2026-01-25 20:34:01
0x1be0…b632,https://basescan.org/address/0x1be02d9cc6a2242da426d7af3e80b932b641b632,0x1be02d9cc6a2242da426d7af3e80b932b641b632,1,1,0.00439,0.00439,0,0.0,639,2026-02-28 05:37:19
0xabac…2535,https://basescan.org/address/0xabacfd4c6d2e21802910a7e667e6eff159602535,0xabacfd4c6d2e21802910a7e667e6eff159602535,1,1,0.00439,0.00439,0,0.0,605,2026-01-24 13:01:51
@floar.eth,https://farcaster.xyz/floar.eth,0x9d33588ae198c31946857208d93da9f1d1b59904,1,1,0.00365,0.00365,0,0.0,741,2026-06-11 21:50:45
0xf09b…0a09,https://basescan.org/address/0xf09bc31983976740a3fb6415c349a2ed27400a09,0xf09bc31983976740a3fb6415c349a2ed27400a09,2,1,0.00364,0.002,0,0.0,596,2026-01-15 01:57:17
0x2d0c…f888,https://basescan.org/address/0x2d0cff8ce17101b85f98452a504fc91d2aa8f888,0x2d0cff8ce17101b85f98452a504fc91d2aa8f888,3,3,0.0033,0.00135,0,0.0,606,2026-01-25 02:22:47
0xa011…27b5,https://basescan.org/address/0xa011b705efac1fa71304474cd5066fa8db5e27b5,0xa011b705efac1fa71304474cd5066fa8db5e27b5,1,1,0.00295,0.00295,0,0.0,597,2026-01-16 07:26:23
0x66ca…481c,https://basescan.org/address/0x66ca5489a8fefe67dc4431220d92ad96fda9481c,0x66ca5489a8fefe67dc4431220d92ad96fda9481c,1,1,0.00281,0.00281,0,0.0,590,2026-01-09 04:27:55
0x99bd…91ad,https://basescan.org/address/0x99bd034d1608d3ad7720d06b678746a7df0491ad,0x99bd034d1608d3ad7720d06b678746a7df0491ad,2,1,0.00244,0.0014,0,0.0,590,2026-01-09 02:22:17
0xed2e…85b2,https://basescan.org/address/0xed2ee99b16859369d9b986d0074f065ecb7485b2,0xed2ee99b16859369d9b986d0074f065ecb7485b2,1,1,0.0023,0.0023,0,0.0,590,2026-01-09 04:17:49
0xe446…9697,https://basescan.org/address/0xe4465dc92f4ef8520ade747990d132c23f729697,0xe4465dc92f4ef8520ade747990d132c23f729697,1,1,0.0022,0.0022,0,0.0,597,2026-01-16 04:06:03
0x1add…3746,https://basescan.org/address/0x1add8b5b9db3fa81638a6c600075a47dfdc53746,0x1add8b5b9db3fa81638a6c600075a47dfdc53746,2,1,0.00192,0.00115,0,0.0,595,2026-01-14 02:05:13
@legendary1030,https://farcaster.xyz/legendary1030,0xce8e97aa5ffd7e49dac5b660f39f3c4a38c4ca88,2,2,0.0019,0.001,0,0.0,785,2026-07-26 23:35:15
0x4fd6…46b6,https://basescan.org/address/0x4fd6a0badfc1b1386988c184fc786325a5aa46b6,0x4fd6a0badfc1b1386988c184fc786325a5aa46b6,1,1,0.00183,0.00183,0,0.0,644,2026-03-05 01:28:07
0xdcc7…1e06,https://basescan.org/address/0xdcc772fe63958dbc06afba24e0bbffc61bcb1e06,0xdcc772fe63958dbc06afba24e0bbffc61bcb1e06,1,1,0.00169,0.00169,0,0.0,746,2026-06-17 13:08:21
0xceca…8460,https://basescan.org/address/0xcecaacdd987688ccdff15c775cba8e5ba63a8460,0xcecaacdd987688ccdff15c775cba8e5ba63a8460,1,1,0.00135,0.00135,0,0.0,726,2026-05-27 22:23:27
0x4e10…92d1,https://basescan.org/address/0x4e109c180778855009d3b0196b242514e14692d1,0x4e109c180778855009d3b0196b242514e14692d1,1,1,0.00125,0.00125,0,0.0,606,2026-01-25 04:11:09
0xcb70…68f1,https://basescan.org/address/0xcb70d4cdd1f811b18b209cca81d3d5eea6ee68f1,0xcb70d4cdd1f811b18b209cca81d3d5eea6ee68f1,2,1,0.00123,0.00068,0,0.0,647,2026-03-07 08:27:29
0x9820…07dd,https://basescan.org/address/0x9820d5c720bf26ab1fb78bfa24f0b968b0d607dd,0x9820d5c720bf26ab1fb78bfa24f0b968b0d607dd,1,1,0.00123,0.00123,0,0.0,642,2026-03-02 08:18:51
0x30ec…b3f1,https://basescan.org/address/0x30ecfc0af2c322e475ee0a2be8f21fff2721b3f1,0x30ecfc0af2c322e475ee0a2be8f21fff2721b3f1,1,1,0.00122,0.00122,0,0.0,597,2026-01-16 01:33:09
0x56be…b4ce,https://basescan.org/address/0x56be91c9b94e4b352c3698c7dd7d7edb8c58b4ce,0x56be91c9b94e4b352c3698c7dd7d7edb8c58b4ce,1,1,0.00122,0.00122,0,0.0,607,2026-01-26 05:43:33
0xd232…242a,https://basescan.org/address/0xd2324d0179198edbfcd25282b44bf6e5e317242a,0xd2324d0179198edbfcd25282b44bf6e5e317242a,1,1,0.00122,0.00122,0,0.0,615,2026-02-03 14:11:59
0xdfae…61b3,https://basescan.org/address/0xdfaee3a5235a52993ced6044bd6156ee5d7a61b3,0xdfaee3a5235a52993ced6044bd6156ee5d7a61b3,1,1,0.00122,0.00122,0,0.0,667,2026-03-27 18:43:25
0x4e36…65f7,https://basescan.org/address/0x4e3636884008f3fafc845431c3f320f6430265f7,0x4e3636884008f3fafc845431c3f320f6430265f7,1,1,0.00115,0.00115,0,0.0,590,2026-01-09 02:19:07
0x279f…9680,https://basescan.org/address/0x279f6980c409724d702db3edfacc3fc921039680,0x279f6980c409724d702db3edfacc3fc921039680,1,1,0.0011,0.0011,0,0.0,732,2026-06-02 19:53:21
@encryptedogo.eth,https://farcaster.xyz/encryptedogo.eth,0x59b4f414c9e50fd8c61d0508e7644657f7744591,1,1,0.0011,0.0011,0,0.0,766,2026-07-07 03:11:59
0x5b38…c186,https://basescan.org/address/0x5b38b44af2cc4d826693e993377dfc40c089c186,0x5b38b44af2cc4d826693e993377dfc40c089c186,1,1,0.0011,0.0011,0,0.0,596,2026-01-15 01:17:13
0xe5a8…37ee,https://basescan.org/address/0xe5a87639dbaf2e44549f883e83526aef900537ee,0xe5a87639dbaf2e44549f883e83526aef900537ee,1,1,0.0011,0.0011,0,0.0,768,2026-07-09 08:54:31
0x41a5…1e8d,https://basescan.org/address/0x41a53bacdbf369377870d1377864e36176751e8d,0x41a53bacdbf369377870d1377864e36176751e8d,1,1,0.00102,0.00102,0,0.0,606,2026-01-25 02:47:23
0xbb67…aece,https://basescan.org/address/0xbb672bbe37c259e7d22b250d6f1310161eefaece,0xbb672bbe37c259e7d22b250d6f1310161eefaece,1,1,0.00076,0.00076,0,0.0,590,2026-01-09 01:47:09
0xe908…4f81,https://basescan.org/address/0xe908c2d5613d24d49e376f19715c795db8e04f81,0xe908c2d5613d24d49e376f19715c795db8e04f81,1,1,0.00075,0.00075,0,0.0,647,2026-03-07 16:04:53
0x2af6…1072,https://basescan.org/address/0x2af66012cabd7a87513a21f01bf2846629631072,0x2af66012cabd7a87513a21f01bf2846629631072,1,1,0.00061,0.00061,0,0.0,636,2026-02-24 07:44:39
0x9dce…a994,https://basescan.org/address/0x9dce7e35640fb10696949a5e1fc8c8e0b511a994,0x9dce7e35640fb10696949a5e1fc8c8e0b511a994,1,1,0.00061,0.00061,0,0.0,627,2026-02-15 09:30:15
0xb25d…84f5,https://basescan.org/address/0xb25d62823202cfa1c7b7c639b0c4c678a55584f5,0xb25d62823202cfa1c7b7c639b0c4c678a55584f5,1,1,0.00061,0.00061,0,0.0,716,2026-05-16 04:12:37
0x23b0…0d9b,https://basescan.org/address/0x23b07ad92fe2cbe42e50ccaedc35cf280a070d9b,0x23b07ad92fe2cbe42e50ccaedc35cf280a070d9b,1,1,0.00055,0.00055,0,0.0,724,2026-05-24 17:00:25
0x96ee…0a3b,https://basescan.org/address/0x96eef8c1b0df7b4d9d19cf0c73a9dc80b5600a3b,0x96eef8c1b0df7b4d9d19cf0c73a9dc80b5600a3b,1,1,0.00055,0.00055,0,0.0,716,2026-05-16 04:12:09
@ch1ckenfoot,https://farcaster.xyz/ch1ckenfoot,0x99a3fbd828e04247b826b9b016cab27592190d33,1,1,0.00055,0.00055,0,0.0,747,2026-06-18 03:36:37
0x9cdc…1021,https://basescan.org/address/0x9cdc885e2ed8eda44d9c777078fabedbd6e21021,0x9cdc885e2ed8eda44d9c777078fabedbd6e21021,1,1,0.00052,0.00052,0,0.0,802,2026-08-13 16:11:37
0x50d5…4812,https://basescan.org/address/0x50d502b7301421fe89abeadfa492229d3e8d4812,0x50d502b7301421fe89abeadfa492229d3e8d4812,1,1,0.0005,0.0005,0,0.0,627,2026-02-15 09:24:45
@swampfox,https://farcaster.xyz/swampfox,0x9cebab00592361e8648ba9fd3e6df7b4d8a32b23,1,1,0.0005,0.0005,0,0.0,775,2026-07-16 09:31:17
