token_id,start_time_utc,end_time_utc,auction_state,bids,unique_bidders,high_bid_eth,total_bid_eth,latest_bidder,latest_bid_eth,latest_bid_utc,winner,settled_eth,settled_time_utc,created_tx_hash,settled_tx_hash
717,2026-05-17 03:55:49,2026-05-18 03:55:49,live,5,4,0.016,0.0538,0x3516006709b775e01b48dfb5fad355a4e793e347,0.016,2026-05-17 18:42:49,,0.0,,0x0f04f9cbb78bb9dc433c029ba06a701db3e63d7db661ef7f098743ff0cae59ad,
716,2026-05-16 03:52:29,2026-05-17 03:52:29,settled,10,7,0.01866,0.09979,0x71ce5605ab649d97446ef179bc2983b18ddc9a48,0.01866,2026-05-17 03:50:17,0x71ce5605ab649d97446ef179bc2983b18ddc9a48,0.01866,2026-05-17 03:55:49,0x61dc277510787cc95eeadbc246ff5eb3707494de38cc8d0aeb5a39e74df1edad,0x0f04f9cbb78bb9dc433c029ba06a701db3e63d7db661ef7f098743ff0cae59ad
715,2026-05-15 03:49:25,2026-05-16 03:49:25,settled,5,3,0.01331,0.04741,0x84cb3b93f9a918632f05528770b5cf926396b0f4,0.01331,2026-05-16 03:40:57,0x84cb3b93f9a918632f05528770b5cf926396b0f4,0.01331,2026-05-16 03:52:29,0xb0dc5a20f656b654b21e5edb81dd96fc88d450bf52ca297dfaac3c87d1e232bc,0x61dc277510787cc95eeadbc246ff5eb3707494de38cc8d0aeb5a39e74df1edad
714,2026-05-14 03:24:35,2026-05-15 03:24:35,settled,9,4,0.013,0.08218,0x3516006709b775e01b48dfb5fad355a4e793e347,0.013,2026-05-15 03:34:29,0x3516006709b775e01b48dfb5fad355a4e793e347,0.013,2026-05-15 03:49:25,0xe28e75e1994b7d1c090def0c0b74619b252c76b89dec36adfafd851e96f65e45,0xb0dc5a20f656b654b21e5edb81dd96fc88d450bf52ca297dfaac3c87d1e232bc
713,2026-05-13 03:16:01,2026-05-14 03:16:01,settled,7,5,0.01612,0.08595,0xa2648350f3566e4f18a9519734928d08d3ea08c4,0.01612,2026-05-14 03:19:07,0xa2648350f3566e4f18a9519734928d08d3ea08c4,0.01612,2026-05-14 03:24:35,0x67b9ab34a91f77fdf079362f5ef0eed2a5503b1ff24a2085d206bfc0c35be8e4,0xe28e75e1994b7d1c090def0c0b74619b252c76b89dec36adfafd851e96f65e45
712,2026-05-12 03:13:03,2026-05-13 03:13:03,settled,5,4,0.01331,0.052295,0x60fb37f0b204ef8df48793cbb5991a2422c9f205,0.01331,2026-05-13 03:10:39,0x60fb37f0b204ef8df48793cbb5991a2422c9f205,0.01331,2026-05-13 03:16:01,0xb795a62203ccc169e59931a1c0a3a23b88a607046413d8d06d69d013494ca4b4,0x67b9ab34a91f77fdf079362f5ef0eed2a5503b1ff24a2085d206bfc0c35be8e4
711,2026-05-11 03:12:43,2026-05-12 03:12:43,settled,4,4,0.0121,0.03894,0xea89fa73f8e6283c37a72267290bc7829464893f,0.0121,2026-05-12 00:55:29,0xea89fa73f8e6283c37a72267290bc7829464893f,0.0121,2026-05-12 03:13:03,0x948f1c73103f0af14e50dc3f68050f20b3dcae2f383cdf259d22553b3cbfda2c,0xb795a62203ccc169e59931a1c0a3a23b88a607046413d8d06d69d013494ca4b4
710,2026-05-10 03:11:49,2026-05-11 03:11:49,settled,6,3,0.01091,0.036948,0x1fb17e93ca83a21c517841f8a6fda27fa8eb11f0,0.01091,2026-05-11 02:16:35,0x1fb17e93ca83a21c517841f8a6fda27fa8eb11f0,0.01091,2026-05-11 03:12:43,0x40909440b3b04e35dc90fdec05959d1c8b98683b9c168f02c04cef887d0cb4d9,0x948f1c73103f0af14e50dc3f68050f20b3dcae2f383cdf259d22553b3cbfda2c
709,2026-05-09 03:01:09,2026-05-10 03:01:09,settled,23,8,0.0243,0.23684,0xffe16898fc0af80ee9bcf29d2b54a0f20f9498ad,0.0243,2026-05-10 03:05:27,0xffe16898fc0af80ee9bcf29d2b54a0f20f9498ad,0.0243,2026-05-10 03:11:49,0x609ad0852601c9176503eb49b45a4b473fe126be2dd5fcdd8a36892d50ddef39,0x40909440b3b04e35dc90fdec05959d1c8b98683b9c168f02c04cef887d0cb4d9
708,2026-05-08 03:00:45,2026-05-09 03:00:45,settled,4,4,0.024,0.0571,0xca0edb47a8c9ef04dc2368946f46fb3d7c1a3202,0.024,2026-05-08 22:42:29,0xca0edb47a8c9ef04dc2368946f46fb3d7c1a3202,0.024,2026-05-09 03:01:09,0x4f993befa02edf6b162e16c8e854f3264ae5ce2d29a8bbac63fa71dd34304206,0x609ad0852601c9176503eb49b45a4b473fe126be2dd5fcdd8a36892d50ddef39
707,2026-05-07 02:53:49,2026-05-08 02:53:49,settled,13,8,0.033,0.15215,0xee2bb96a633e50de9cbc8b4229b07cef9a008852,0.033,2026-05-08 02:53:37,0xee2bb96a633e50de9cbc8b4229b07cef9a008852,0.033,2026-05-08 03:00:45,0x17183e1f5b1bc223a36cd7c49bf2ad98bd150ed9f0f3ce8e6b7714c34b462504,0x4f993befa02edf6b162e16c8e854f3264ae5ce2d29a8bbac63fa71dd34304206
706,2026-05-05 22:35:57,2026-05-06 22:35:57,settled,4,2,0.02265,0.07895,0x412b7153504217b405af821bdcdc5f21c71e3cbc,0.02265,2026-05-06 21:18:43,0x412b7153504217b405af821bdcdc5f21c71e3cbc,0.02265,2026-05-07 02:53:49,0x42aadc77b04786b46aecc25a1ec2454944e5f58e53693d643cbe31ab1c4a3971,0x17183e1f5b1bc223a36cd7c49bf2ad98bd150ed9f0f3ce8e6b7714c34b462504
705,2026-05-04 22:32:33,2026-05-05 22:32:33,settled,25,10,0.02148,0.19371,0xca0edb47a8c9ef04dc2368946f46fb3d7c1a3202,0.02148,2026-05-05 22:30:31,0xca0edb47a8c9ef04dc2368946f46fb3d7c1a3202,0.02148,2026-05-05 22:35:57,0xd636b6e8420b7614437af465a74d48b83deff76da29cf05f729b447192a9defe,0x42aadc77b04786b46aecc25a1ec2454944e5f58e53693d643cbe31ab1c4a3971
704,2026-05-03 22:32:07,2026-05-04 22:32:07,settled,5,3,0.0286,0.10426,0xfe1180d8515c8700b933ee9a4ba6a98bc1a9b5ae,0.0286,2026-05-04 21:42:11,0xfe1180d8515c8700b933ee9a4ba6a98bc1a9b5ae,0.0286,2026-05-04 22:32:33,0x581eef048d77317186446342d285033b86aed31249dab94c9dcf881b807a4a46,0xd636b6e8420b7614437af465a74d48b83deff76da29cf05f729b447192a9defe
703,2026-05-02 22:24:13,2026-05-03 22:24:13,settled,7,6,0.02486,0.13305,0x43f8c3e0c0ab23f0a8660f3ea3ce1a7016f96a33,0.02486,2026-05-03 22:16:57,0x43f8c3e0c0ab23f0a8660f3ea3ce1a7016f96a33,0.02486,2026-05-03 22:32:07,0x74276d032ef740c74187f00ba5afc17492f6cf79bc048f18eef69c4f8dedb40b,0x581eef048d77317186446342d285033b86aed31249dab94c9dcf881b807a4a46
702,2026-05-01 22:13:11,2026-05-02 22:13:11,settled,9,4,0.02645,0.16739,0x8e5caf3f39b83dbc7663f7fc2b929e21d55482af,0.02645,2026-05-02 22:19:01,0x8e5caf3f39b83dbc7663f7fc2b929e21d55482af,0.02645,2026-05-02 22:24:13,0xf6cb06c6828ae89f992113f98ef4f1da3e29ac15d014c3080fe366935e24744f,0x74276d032ef740c74187f00ba5afc17492f6cf79bc048f18eef69c4f8dedb40b
701,2026-04-30 22:04:21,2026-05-01 22:04:21,settled,10,4,0.02926,0.1975,0xa2648350f3566e4f18a9519734928d08d3ea08c4,0.02926,2026-05-01 22:07:55,0xa2648350f3566e4f18a9519734928d08d3ea08c4,0.02926,2026-05-01 22:13:11,0x56079d3c7b12faa1b68f31934f6129b9a4d0e9ce7facef18ca35946b7d29f467,0xf6cb06c6828ae89f992113f98ef4f1da3e29ac15d014c3080fe366935e24744f
700,2026-04-29 21:54:23,2026-04-30 21:54:23,settled,7,3,0.02483,0.11449,0x46e9beef5dc68dff095eca56dadf90247f1af7ef,0.02483,2026-04-30 21:59:03,0x46e9beef5dc68dff095eca56dadf90247f1af7ef,0.02483,2026-04-30 22:04:21,0xcc5516a3968ec3a1197aa6aabe5652626078ea38a83c2dab40fa3d962e03d77b,0x56079d3c7b12faa1b68f31934f6129b9a4d0e9ce7facef18ca35946b7d29f467
699,2026-04-28 21:39:57,2026-04-29 21:39:57,settled,10,6,0.02839,0.17392,0xd29c790466675153a50df7860b9efdb689a21cde,0.02839,2026-04-29 21:49:01,0xd29c790466675153a50df7860b9efdb689a21cde,0.02839,2026-04-29 21:54:23,0x37ec09dda56b77b119e82289ba3ece931b95677d0ece7099cf3c3b4ef2217acb,0xcc5516a3968ec3a1197aa6aabe5652626078ea38a83c2dab40fa3d962e03d77b
698,2026-04-27 21:34:17,2026-04-28 21:34:17,settled,6,5,0.02398,0.10989,0x50eac8369154231a7ca59a73ccaf1131e7904d4b,0.02398,2026-04-28 21:33:57,0x50eac8369154231a7ca59a73ccaf1131e7904d4b,0.02398,2026-04-28 21:39:57,0x1bf99e1c9fee3abb19c83bd12bb7c2ea2ac398ed81749239f75dfb410d5c58cb,0x37ec09dda56b77b119e82289ba3ece931b95677d0ece7099cf3c3b4ef2217acb
697,2026-04-26 21:34:01,2026-04-27 21:34:01,settled,6,4,0.02785,0.1218,0x398acdc97722f3f0415861359e74bdcd10e41130,0.02785,2026-04-27 20:51:09,0x398acdc97722f3f0415861359e74bdcd10e41130,0.02785,2026-04-27 21:34:17,0x336a93c0317990ca9c234e81e86e5c98e3fc043c69838f8b6ead0df7107d0509,0x1bf99e1c9fee3abb19c83bd12bb7c2ea2ac398ed81749239f75dfb410d5c58cb
696,2026-04-25 21:29:01,2026-04-26 21:29:01,settled,6,4,0.03371,0.15551,0xd722d7cef1870733a85e779ab3d306ba286c0af0,0.03371,2026-04-26 21:28:45,0xd722d7cef1870733a85e779ab3d306ba286c0af0,0.03371,2026-04-26 21:34:01,0x6069b5518ed83b759e71a01ae282ee88004b87ba27020ba6ac68b367bbdf2d40,0x336a93c0317990ca9c234e81e86e5c98e3fc043c69838f8b6ead0df7107d0509
695,2026-04-24 21:25:03,2026-04-25 21:25:03,settled,5,4,0.0317,0.12745,0xc421401af43d217d8bf16f18ffd076f3c84219d9,0.0317,2026-04-25 21:23:49,0xc421401af43d217d8bf16f18ffd076f3c84219d9,0.0317,2026-04-25 21:29:01,0x5d8b790f91cb7549b75e110941f8c1ebffcf349b88a73bc8bad5857a0c7f55bf,0x6069b5518ed83b759e71a01ae282ee88004b87ba27020ba6ac68b367bbdf2d40
694,2026-04-23 21:17:53,2026-04-24 21:17:53,settled,3,3,0.02694,0.04674,0x76d0e7a13248945ee9f808b4a472262b28778942,0.02694,2026-04-23 21:42:57,0x76d0e7a13248945ee9f808b4a472262b28778942,0.02694,2026-04-24 21:25:03,0x3f59db9b231b7b953114fe28a6897dc5a7f95ba3c26938c12019b83b9558176b,0x5d8b790f91cb7549b75e110941f8c1ebffcf349b88a73bc8bad5857a0c7f55bf
693,2026-04-22 21:16:17,2026-04-23 21:16:17,settled,6,5,0.02482,0.11144,0xf4e1b8577a9b1eafa6058c873531441697393b54,0.02482,2026-04-23 20:55:29,0xf4e1b8577a9b1eafa6058c873531441697393b54,0.02482,2026-04-23 21:17:53,0xc75b534c180f6b865913845d2781927915550252d30bf1542ed3426bca0531c8,0x3f59db9b231b7b953114fe28a6897dc5a7f95ba3c26938c12019b83b9558176b
692,2026-04-21 21:12:35,2026-04-22 21:12:35,settled,4,4,0.02254,0.07857,0xffa73032fc023cbc21334d15d19854294f8e64db,0.02254,2026-04-22 21:11:05,0xffa73032fc023cbc21334d15d19854294f8e64db,0.02254,2026-04-22 21:16:17,0x27f8defacfefa4c153d4a58801a7deb02bdb9ae1258cbd1e82f28c3c9301975b,0xc75b534c180f6b865913845d2781927915550252d30bf1542ed3426bca0531c8
691,2026-04-20 20:57:53,2026-04-21 20:57:53,settled,5,3,0.02479,0.10332,0x23d660548cd61432537592dcea15b059605c9242,0.02479,2026-04-21 14:18:35,0x23d660548cd61432537592dcea15b059605c9242,0.02479,2026-04-21 21:12:35,0xa35d7bb44dd2f6ee9b8e3eed1a2cae5e0f874f27149e208de8c1fe5c93b24de1,0x27f8defacfefa4c153d4a58801a7deb02bdb9ae1258cbd1e82f28c3c9301975b
690,2026-04-19 20:57:39,2026-04-20 20:57:39,settled,4,4,0.03255,0.10464,0xffa73032fc023cbc21334d15d19854294f8e64db,0.03255,2026-04-20 20:27:55,0xffa73032fc023cbc21334d15d19854294f8e64db,0.03255,2026-04-20 20:57:53,0x7885961e48b4af70b01fc46cdad31afafa9b3f0ebe8fa3e7bd8bee1005f44fe0,0xa35d7bb44dd2f6ee9b8e3eed1a2cae5e0f874f27149e208de8c1fe5c93b24de1
689,2026-04-18 20:57:29,2026-04-19 20:57:29,settled,5,4,0.02874,0.11707,0xca0edb47a8c9ef04dc2368946f46fb3d7c1a3202,0.02874,2026-04-18 23:53:35,0xca0edb47a8c9ef04dc2368946f46fb3d7c1a3202,0.02874,2026-04-19 20:57:39,0x8f9fa9d4df53aaed0e9c51a8c8d684970dfae0ee11bb9eb41812d1ddbab99ab5,0x7885961e48b4af70b01fc46cdad31afafa9b3f0ebe8fa3e7bd8bee1005f44fe0
688,2026-04-17 20:57:15,2026-04-18 20:57:15,settled,10,8,0.02721,0.15105,0xf4e1b8577a9b1eafa6058c873531441697393b54,0.02721,2026-04-18 20:51:49,0xf4e1b8577a9b1eafa6058c873531441697393b54,0.02721,2026-04-18 20:57:29,0x5e1a4ac5fb080ef4ab7ee914dc14b367344db9fa2cbd5ab663ae01337ed29865,0x8f9fa9d4df53aaed0e9c51a8c8d684970dfae0ee11bb9eb41812d1ddbab99ab5
687,2026-04-16 20:50:05,2026-04-17 20:50:05,settled,7,5,0.03031,0.16202,0xc421401af43d217d8bf16f18ffd076f3c84219d9,0.03031,2026-04-17 20:52:01,0xc421401af43d217d8bf16f18ffd076f3c84219d9,0.03031,2026-04-17 20:57:15,0x89f9c2b70d8bab48e8a485d02a91f176cd55d849e62c746676bcd9565504c7b8,0x5e1a4ac5fb080ef4ab7ee914dc14b367344db9fa2cbd5ab663ae01337ed29865
686,2026-04-15 20:34:19,2026-04-16 20:34:19,settled,7,6,0.03046,0.16276,0x398acdc97722f3f0415861359e74bdcd10e41130,0.03046,2026-04-16 20:27:01,0x398acdc97722f3f0415861359e74bdcd10e41130,0.03046,2026-04-16 20:50:05,0x44cb3d3e9e448836e1ad645ebf5a4904090a57c9d85248bd5110f7522fd107e1,0x89f9c2b70d8bab48e8a485d02a91f176cd55d849e62c746676bcd9565504c7b8
685,2026-04-14 20:29:23,2026-04-15 20:29:23,settled,8,5,0.03061,0.17811,0x86e36c9ba3c6a2542fd761bc2b4fd61a110ea6cd,0.03061,2026-04-15 20:29:01,0x86e36c9ba3c6a2542fd761bc2b4fd61a110ea6cd,0.03061,2026-04-15 20:34:19,0x65c46a3ac644b4a5ea467233570313906375e07a466529d0b5c6246794191527,0x44cb3d3e9e448836e1ad645ebf5a4904090a57c9d85248bd5110f7522fd107e1
684,2026-04-13 19:48:47,2026-04-14 19:48:47,settled,1,1,0.01684,0.01684,0x76d0e7a13248945ee9f808b4a472262b28778942,0.01684,2026-04-13 20:05:37,0x76d0e7a13248945ee9f808b4a472262b28778942,0.01684,2026-04-14 20:29:23,0x23428a409c5403dc8ac558571d97a4edec71e44afdfdee8150090cc884778a73,0x65c46a3ac644b4a5ea467233570313906375e07a466529d0b5c6246794191527
683,2026-04-12 19:29:41,2026-04-13 19:29:41,settled,14,5,0.05678,0.4597,0x8e5caf3f39b83dbc7663f7fc2b929e21d55482af,0.05678,2026-04-13 19:43:25,0x8e5caf3f39b83dbc7663f7fc2b929e21d55482af,0.05678,2026-04-13 19:48:47,0x9026888695a3f7580be9098668e9a15074cb8fde21f1979955aeac31805f8aa2,0x23428a409c5403dc8ac558571d97a4edec71e44afdfdee8150090cc884778a73
682,2026-04-11 18:31:45,2026-04-12 18:31:45,settled,4,4,0.0321,0.10462,0xd1ab146981d50adcfe18433500e852af396ea7b1,0.0321,2026-04-12 18:26:19,0xd1ab146981d50adcfe18433500e852af396ea7b1,0.0321,2026-04-12 19:29:41,0xb294e26df9003b173ea526b5f8a1fc9eba27de24b56256250258c4eebb8ba608,0x9026888695a3f7580be9098668e9a15074cb8fde21f1979955aeac31805f8aa2
681,2026-04-10 18:31:21,2026-04-11 18:31:21,settled,9,4,0.04314,0.266478,0xa2648350f3566e4f18a9519734928d08d3ea08c4,0.04314,2026-04-11 18:25:31,0xa2648350f3566e4f18a9519734928d08d3ea08c4,0.04314,2026-04-11 18:31:45,0xe26300d6ddb9edcf9b88ecfef32f4528ff232e05e61ed9e5497cfb32ac520226,0xb294e26df9003b173ea526b5f8a1fc9eba27de24b56256250258c4eebb8ba608
680,2026-04-09 18:20:29,2026-04-10 18:20:29,settled,8,4,0.02708,0.15282,0x46e9beef5dc68dff095eca56dadf90247f1af7ef,0.02708,2026-04-10 18:25:31,0x46e9beef5dc68dff095eca56dadf90247f1af7ef,0.02708,2026-04-10 18:31:21,0xa84dc9788bf2a59c5d5a7de30b376e806bdc9066dd111a661bd32d45b1a8c3ab,0xe26300d6ddb9edcf9b88ecfef32f4528ff232e05e61ed9e5497cfb32ac520226
679,2026-04-08 18:18:49,2026-04-09 18:18:49,settled,10,4,0.03276,0.21127,0xfe1180d8515c8700b933ee9a4ba6a98bc1a9b5ae,0.03276,2026-04-09 18:12:17,0xfe1180d8515c8700b933ee9a4ba6a98bc1a9b5ae,0.03276,2026-04-09 18:20:29,0x58af0895de47e30e852342264188a66ddda922c3710cedc64071c93939ce6fa9,0xa84dc9788bf2a59c5d5a7de30b376e806bdc9066dd111a661bd32d45b1a8c3ab
678,2026-04-07 18:12:45,2026-04-08 18:12:45,settled,7,5,0.02976,0.1593,0x833c829b5123c7af0b810a03084d5d3f0529d323,0.02976,2026-04-08 18:13:33,0x833c829b5123c7af0b810a03084d5d3f0529d323,0.02976,2026-04-08 18:18:49,0x2ed33ef5a3b1fa1a9c83ea896f7523984f586b1bbd1c1da44b19a8ba8ddb5644,0x58af0895de47e30e852342264188a66ddda922c3710cedc64071c93939ce6fa9
677,2026-04-06 17:58:17,2026-04-07 17:58:17,settled,15,8,0.04358,0.34255,0xa2648350f3566e4f18a9519734928d08d3ea08c4,0.04358,2026-04-07 18:07:25,0xa2648350f3566e4f18a9519734928d08d3ea08c4,0.04358,2026-04-07 18:12:45,0xeea63316bc1f5653e33fcad5a41c2d3bc0501b2fd4ac3e00443e2fc05bfa5164,0x2ed33ef5a3b1fa1a9c83ea896f7523984f586b1bbd1c1da44b19a8ba8ddb5644
676,2026-04-05 17:48:03,2026-04-06 17:48:03,settled,10,7,0.0333,0.19146,0xd1ab146981d50adcfe18433500e852af396ea7b1,0.0333,2026-04-06 17:49:25,0xd1ab146981d50adcfe18433500e852af396ea7b1,0.0333,2026-04-06 17:58:17,0x206e9182e305750cf2646d99a6bdfd117ca5124760b0e722f25fdfac4f2c2602,0xeea63316bc1f5653e33fcad5a41c2d3bc0501b2fd4ac3e00443e2fc05bfa5164
675,2026-04-04 17:38:05,2026-04-05 17:38:05,settled,2,2,0.01843,0.03518,0x50eac8369154231a7ca59a73ccaf1131e7904d4b,0.01843,2026-04-05 09:34:23,0x50eac8369154231a7ca59a73ccaf1131e7904d4b,0.01843,2026-04-05 17:48:03,0x3a7f224cb830f070f06c19ddd2fc80e4661cdd7a16dc0cd66e660122ec407ac6,0x206e9182e305750cf2646d99a6bdfd117ca5124760b0e722f25fdfac4f2c2602
674,2026-04-03 17:32:49,2026-04-04 17:32:49,settled,7,5,0.02027,0.0601,0x84cb3b93f9a918632f05528770b5cf926396b0f4,0.02027,2026-04-04 17:30:53,0x84cb3b93f9a918632f05528770b5cf926396b0f4,0.02027,2026-04-04 17:38:05,0x9790f43075ae04a3710790c6a088a8ed4f262c14ddd14a24bbe90fb72bec0968,0x3a7f224cb830f070f06c19ddd2fc80e4661cdd7a16dc0cd66e660122ec407ac6
673,2026-04-02 17:25:23,2026-04-03 17:25:23,settled,12,9,0.03265,0.22662,0xd1ab146981d50adcfe18433500e852af396ea7b1,0.03265,2026-04-03 17:27:33,0xd1ab146981d50adcfe18433500e852af396ea7b1,0.03265,2026-04-03 17:32:49,0xb02c441bd33b0b3b25e4bcfbd23755a8d62f751eba0928b2561167abeaf0a345,0x9790f43075ae04a3710790c6a088a8ed4f262c14ddd14a24bbe90fb72bec0968
672,2026-04-01 17:14:45,2026-04-02 17:14:45,settled,9,6,0.03589,0.22724,0xa2648350f3566e4f18a9519734928d08d3ea08c4,0.03589,2026-04-02 17:20:05,0xa2648350f3566e4f18a9519734928d08d3ea08c4,0.03589,2026-04-02 17:25:23,0x4ef2eeb681d1bcc3e0ab3f2e1d66621bce2d06a4bfe268548af24a1cf7743f2d,0xb02c441bd33b0b3b25e4bcfbd23755a8d62f751eba0928b2561167abeaf0a345
671,2026-03-31 17:05:47,2026-04-01 17:05:47,settled,7,5,0.02964,0.15866,0xa2648350f3566e4f18a9519734928d08d3ea08c4,0.02964,2026-04-01 17:09:13,0xa2648350f3566e4f18a9519734928d08d3ea08c4,0.02964,2026-04-01 17:14:45,0x1a48be448adc549d8ad039c61549df80c7aa437f4533e17af2f5147f26c57f45,0x4ef2eeb681d1bcc3e0ab3f2e1d66621bce2d06a4bfe268548af24a1cf7743f2d
670,2026-03-30 17:05:35,2026-03-31 17:05:35,settled,2,2,0.0267,0.0367,0x76d0e7a13248945ee9f808b4a472262b28778942,0.0267,2026-03-30 17:26:17,0x76d0e7a13248945ee9f808b4a472262b28778942,0.0267,2026-03-31 17:05:47,0x0c4f42c88c390615b6b764d55ed78cf55f5991e8af2928febeefaf2c2129c1a0,0x1a48be448adc549d8ad039c61549df80c7aa437f4533e17af2f5147f26c57f45
669,2026-03-29 17:02:31,2026-03-30 17:02:31,settled,8,6,0.04885,0.22655,0x67c91318b9c38dbeb200e1539b64e5bbc930372f,0.04885,2026-03-30 17:00:09,0x67c91318b9c38dbeb200e1539b64e5bbc930372f,0.04885,2026-03-30 17:05:35,0x0e83e187c8963582324a510d59668bd3b629705972680ad823107e4811be27ab,0x0c4f42c88c390615b6b764d55ed78cf55f5991e8af2928febeefaf2c2129c1a0
668,2026-03-28 16:55:39,2026-03-29 16:55:39,settled,7,5,0.05135,0.22274,0xd1ab146981d50adcfe18433500e852af396ea7b1,0.05135,2026-03-29 16:54:43,0xd1ab146981d50adcfe18433500e852af396ea7b1,0.05135,2026-03-29 17:02:31,0x8da47851b222b930846989b188f4ee8894fb0985292cef1295f9eaf85ea2500a,0x0e83e187c8963582324a510d59668bd3b629705972680ad823107e4811be27ab
667,2026-03-27 16:48:45,2026-03-28 16:48:45,settled,14,6,0.03937,0.27063,0x2df06405772f9fe85e1771ff11baaa5d3933f457,0.03937,2026-03-28 16:41:43,0x2df06405772f9fe85e1771ff11baaa5d3933f457,0.03937,2026-03-28 16:55:39,0xb722838af9349940b31a52c458b79ba6a0748f5a56753a4f72fb4730972fc8d4,0x8da47851b222b930846989b188f4ee8894fb0985292cef1295f9eaf85ea2500a
666,2026-03-26 16:43:27,2026-03-27 16:43:27,settled,16,8,0.061,0.37626,0x86e36c9ba3c6a2542fd761bc2b4fd61a110ea6cd,0.061,2026-03-27 16:43:19,0x86e36c9ba3c6a2542fd761bc2b4fd61a110ea6cd,0.061,2026-03-27 16:48:45,0xc24f2ab61eb5b6e9b7e06e88d49959c910cb712d0f0d1abdd5740c8c9e3e995f,0xb722838af9349940b31a52c458b79ba6a0748f5a56753a4f72fb4730972fc8d4
665,2026-03-25 16:03:21,2026-03-26 16:03:21,settled,15,6,0.05319,0.39919,0x71ce5605ab649d97446ef179bc2983b18ddc9a48,0.05319,2026-03-26 16:25:13,0x71ce5605ab649d97446ef179bc2983b18ddc9a48,0.05319,2026-03-26 16:43:27,0x7a8943e88ae94b4aedd8d48b1204e78b178f965de5c812d84a14260a91d47350,0xc24f2ab61eb5b6e9b7e06e88d49959c910cb712d0f0d1abdd5740c8c9e3e995f
664,2026-03-24 15:45:53,2026-03-25 15:45:53,settled,10,4,0.04835,0.29456,0x8a1721bf6127b16836c2bcd33c612765ff9f0687,0.04835,2026-03-25 15:58:07,0x8a1721bf6127b16836c2bcd33c612765ff9f0687,0.04835,2026-03-25 16:03:21,0x3c8c5dee4707b9005b4b3c04f7f19a4b65f64727bf21943c73f322489e3be41f,0x7a8943e88ae94b4aedd8d48b1204e78b178f965de5c812d84a14260a91d47350
663,2026-03-23 15:38:39,2026-03-24 15:38:39,settled,3,2,0.06052,0.16553,0xc7aab24ede583b0dc9041343ae51466bb86a1ab7,0.06052,2026-03-24 15:40:31,0xc7aab24ede583b0dc9041343ae51466bb86a1ab7,0.06052,2026-03-24 15:45:53,0x47f030af3c3659ac62ed97ed883a4efece0c6c96b850aa472f304842fc482e52,0x3c8c5dee4707b9005b4b3c04f7f19a4b65f64727bf21943c73f322489e3be41f
662,2026-03-22 15:23:23,2026-03-23 15:23:23,settled,10,3,0.07333,0.42166,0xd29c790466675153a50df7860b9efdb689a21cde,0.07333,2026-03-23 15:31:29,0xd29c790466675153a50df7860b9efdb689a21cde,0.07333,2026-03-23 15:38:39,0xf3950982275da81bc9837fc00580e9128884769266cf018b58941a6bd9100a98,0x47f030af3c3659ac62ed97ed883a4efece0c6c96b850aa472f304842fc482e52
661,2026-03-21 15:10:27,2026-03-22 15:10:27,settled,11,3,0.11111,0.587412,0x86e36c9ba3c6a2542fd761bc2b4fd61a110ea6cd,0.11111,2026-03-22 15:18:07,0x86e36c9ba3c6a2542fd761bc2b4fd61a110ea6cd,0.11111,2026-03-22 15:23:23,0x4a22213fbfeddb72fcdcf2ff895832a9416dec9cf580e2d2ba50a2d2be4426d3,0xf3950982275da81bc9837fc00580e9128884769266cf018b58941a6bd9100a98
660,2026-03-20 14:46:01,2026-03-21 14:46:01,settled,17,4,0.1298,0.95425,0x7eaa7613f4cf84a10fb1daf07472e07031ff01d4,0.1298,2026-03-21 15:04:51,0x7eaa7613f4cf84a10fb1daf07472e07031ff01d4,0.1298,2026-03-21 15:10:27,0x098d9afeffed2a29a09f1e8b2801b1a4fbe5a552cb55aa5ea93bd05ec5993c22,0x4a22213fbfeddb72fcdcf2ff895832a9416dec9cf580e2d2ba50a2d2be4426d3
659,2026-03-19 14:38:49,2026-03-20 14:38:49,settled,19,6,0.07324,0.6151,0xad1587791ceb3bc2dc54c025911937405a9c887c,0.07324,2026-03-20 14:40:49,0xad1587791ceb3bc2dc54c025911937405a9c887c,0.07324,2026-03-20 14:46:01,0x4b9e96283b89e2444ed4e7850a52bb235800c672ada22f58a8ce44f787f742cd,0x098d9afeffed2a29a09f1e8b2801b1a4fbe5a552cb55aa5ea93bd05ec5993c22
658,2026-03-18 14:30:45,2026-03-19 14:30:45,settled,13,4,0.1,0.55992,0x76d0e7a13248945ee9f808b4a472262b28778942,0.1,2026-03-19 14:33:37,0x76d0e7a13248945ee9f808b4a472262b28778942,0.1,2026-03-19 14:38:49,0x8e1fa54b62e6ff566fe80e76b43970bfaf3502514bd991e18198c07a60c7a4a0,0x4b9e96283b89e2444ed4e7850a52bb235800c672ada22f58a8ce44f787f742cd
657,2026-03-17 14:30:27,2026-03-18 14:30:27,settled,2,2,0.01,0.015,0x76d0e7a13248945ee9f808b4a472262b28778942,0.01,2026-03-17 15:12:17,0x76d0e7a13248945ee9f808b4a472262b28778942,0.01,2026-03-18 14:30:45,0x0371db7306759898199507380627f0111968e18b95fb801d478acc0496580dd0,0x8e1fa54b62e6ff566fe80e76b43970bfaf3502514bd991e18198c07a60c7a4a0
656,2026-03-16 13:40:37,2026-03-17 13:40:37,settled,3,3,0.011,0.022,0x71ce5605ab649d97446ef179bc2983b18ddc9a48,0.011,2026-03-17 13:39:49,0x71ce5605ab649d97446ef179bc2983b18ddc9a48,0.011,2026-03-17 14:30:27,0x5164717a195822754cef96202156ad988a32c58c640fcb1ccb1d3c6e955f8dce,0x0371db7306759898199507380627f0111968e18b95fb801d478acc0496580dd0
655,2026-03-15 13:40:21,2026-03-16 13:40:21,settled,7,3,0.0165,0.08591,0xd29c790466675153a50df7860b9efdb689a21cde,0.0165,2026-03-16 13:34:23,0xd29c790466675153a50df7860b9efdb689a21cde,0.0165,2026-03-16 13:40:37,0xa752e820fbcf6768af149440e5d5e89e28f3372d4325e345ecc29f8bfc3cefcd,0x5164717a195822754cef96202156ad988a32c58c640fcb1ccb1d3c6e955f8dce
654,2026-03-14 13:22:39,2026-03-15 13:22:39,settled,7,3,0.015,0.06246,0x76d0e7a13248945ee9f808b4a472262b28778942,0.015,2026-03-15 13:07:35,0x76d0e7a13248945ee9f808b4a472262b28778942,0.015,2026-03-15 13:40:21,0x3fa6a05c09ea415f7606574b81786bb7cad7f0a314ae1d528180f9e497c0a95b,0xa752e820fbcf6768af149440e5d5e89e28f3372d4325e345ecc29f8bfc3cefcd
653,2026-03-13 09:30:07,2026-03-14 09:30:07,settled,3,2,0.0121,0.0331,0x76d0e7a13248945ee9f808b4a472262b28778942,0.0121,2026-03-14 09:28:29,0x76d0e7a13248945ee9f808b4a472262b28778942,0.0121,2026-03-14 13:22:39,0x6bfa161e8f59bedd874f27e611b1e6552e2b0d049961410d15d95e031fff9205,0x3fa6a05c09ea415f7606574b81786bb7cad7f0a314ae1d528180f9e497c0a95b
652,2026-03-12 09:01:37,2026-03-13 09:01:37,settled,4,3,0.02,0.0415,0x76d0e7a13248945ee9f808b4a472262b28778942,0.02,2026-03-12 20:58:51,0x76d0e7a13248945ee9f808b4a472262b28778942,0.02,2026-03-13 09:30:07,0x970d1dcc155c650767147ad00a0e94c0d34baf90d2713c4ea223c16d27790b8d,0x6bfa161e8f59bedd874f27e611b1e6552e2b0d049961410d15d95e031fff9205
651,2026-03-11 08:27:57,2026-03-12 08:27:57,settled,7,4,0.01465,0.06706,0x71ce5605ab649d97446ef179bc2983b18ddc9a48,0.01465,2026-03-12 08:26:51,0x71ce5605ab649d97446ef179bc2983b18ddc9a48,0.01465,2026-03-12 09:01:37,0xb10e1c930e13020625583d420b85dc31fcb92a87666d5ab601e15af304ad1e6f,0x970d1dcc155c650767147ad00a0e94c0d34baf90d2713c4ea223c16d27790b8d
650,2026-03-10 08:25:23,2026-03-11 08:25:23,settled,4,4,0.011,0.027,0xd29c790466675153a50df7860b9efdb689a21cde,0.011,2026-03-10 20:53:01,0xd29c790466675153a50df7860b9efdb689a21cde,0.011,2026-03-11 08:27:57,0xa4ea24adf6bd6a53510ea7445d9557db3c4cc8c16af45f71e1bab84ff6d6e823,0xb10e1c930e13020625583d420b85dc31fcb92a87666d5ab601e15af304ad1e6f
649,2026-03-09 08:19:19,2026-03-10 08:19:19,settled,14,6,0.01798,0.13322,0xc421401af43d217d8bf16f18ffd076f3c84219d9,0.01798,2026-03-10 08:18:45,0xc421401af43d217d8bf16f18ffd076f3c84219d9,0.01798,2026-03-10 08:25:23,0xfe9b367d7fd5f2109c95d126408af2c8135469f5e399215fa84a0da302c343c1,0xa4ea24adf6bd6a53510ea7445d9557db3c4cc8c16af45f71e1bab84ff6d6e823
648,2026-03-08 08:16:11,2026-03-09 08:16:11,settled,8,6,0.00988,0.05332,0x46e9beef5dc68dff095eca56dadf90247f1af7ef,0.00988,2026-03-09 08:13:49,0x46e9beef5dc68dff095eca56dadf90247f1af7ef,0.00988,2026-03-09 08:19:19,0xaf1c2aa8bc9b7eb7d917cf923790e1963c2b85dcddad6a720ebe3615b76533ee,0xfe9b367d7fd5f2109c95d126408af2c8135469f5e399215fa84a0da302c343c1
647,2026-03-07 08:05:31,2026-03-08 08:05:31,settled,24,10,0.02103,0.16981,0x8e5caf3f39b83dbc7663f7fc2b929e21d55482af,0.02103,2026-03-08 08:11:01,0x8e5caf3f39b83dbc7663f7fc2b929e21d55482af,0.02103,2026-03-08 08:16:11,0x67d9fcd08e312c367d1f3b22c97500ddb1a02b671f291ccb47a750f92ebfbe04,0xaf1c2aa8bc9b7eb7d917cf923790e1963c2b85dcddad6a720ebe3615b76533ee
646,2026-03-06 08:00:27,2026-03-07 08:00:27,settled,11,8,0.0121,0.04571,0xc421401af43d217d8bf16f18ffd076f3c84219d9,0.0121,2026-03-07 08:00:19,0xc421401af43d217d8bf16f18ffd076f3c84219d9,0.0121,2026-03-07 08:05:31,0x79ccf924c106907b21afd71aa45495a51beb96b7da7b09ca2f94429135b55117,0x67d9fcd08e312c367d1f3b22c97500ddb1a02b671f291ccb47a750f92ebfbe04
645,2026-03-05 07:56:43,2026-03-06 07:56:43,settled,11,5,0.00874,0.06218,0x71ce5605ab649d97446ef179bc2983b18ddc9a48,0.00874,2026-03-06 07:55:11,0x71ce5605ab649d97446ef179bc2983b18ddc9a48,0.00874,2026-03-06 08:00:27,0xd80d4f8c31b800ca25a9f16bbefbc583dbff527cc4d47432555cd62592b34554,0x79ccf924c106907b21afd71aa45495a51beb96b7da7b09ca2f94429135b55117
644,2026-03-04 07:52:37,2026-03-05 07:52:37,settled,9,6,0.01,0.02429,0xc421401af43d217d8bf16f18ffd076f3c84219d9,0.01,2026-03-05 06:57:31,0xc421401af43d217d8bf16f18ffd076f3c84219d9,0.01,2026-03-05 07:56:43,0x98ac03e19e015a5d58848994b1bfc2d9a0efbf2a030ae5620187f5447fbd24e8,0xd80d4f8c31b800ca25a9f16bbefbc583dbff527cc4d47432555cd62592b34554
643,2026-03-03 07:42:23,2026-03-04 07:42:23,settled,4,2,0.0123,0.0413,0x045acd980764824b9eb6f312f0a2cdd9f3183503,0.0123,2026-03-04 03:38:31,0x045acd980764824b9eb6f312f0a2cdd9f3183503,0.0123,2026-03-04 07:52:37,0x0cda7a5577643ce286fec661e3ac09af3bad4721427431b54b5fbd71ddbd8d16,0x98ac03e19e015a5d58848994b1bfc2d9a0efbf2a030ae5620187f5447fbd24e8
642,2026-03-02 07:30:01,2026-03-03 07:30:01,settled,14,6,0.0138,0.09942,0xc421401af43d217d8bf16f18ffd076f3c84219d9,0.0138,2026-03-03 07:34:05,0xc421401af43d217d8bf16f18ffd076f3c84219d9,0.0138,2026-03-03 07:42:23,0x6518c51c831f8ae06b5841c13627516cfd3422452994ecfee954bddb4eed9b6e,0x0cda7a5577643ce286fec661e3ac09af3bad4721427431b54b5fbd71ddbd8d16
641,2026-03-01 06:59:13,2026-03-02 06:59:13,settled,4,3,0.00888,0.03094,0xbdd8f7ceae7fbfb25bd5615ad3c2608404f6bb72,0.00888,2026-03-02 03:01:29,0xbdd8f7ceae7fbfb25bd5615ad3c2608404f6bb72,0.00888,2026-03-02 07:30:01,0x744be070f74b589f7239ccc117baf6368209314ed546a47d00e18a8cd5c3d873,0x6518c51c831f8ae06b5841c13627516cfd3422452994ecfee954bddb4eed9b6e
640,2026-02-28 06:55:55,2026-03-01 06:55:55,settled,7,4,0.00807,0.03961,0x0b2b3483a5cedb08839e098d3d9f02d1893a20dc,0.00807,2026-03-01 06:51:15,0x0b2b3483a5cedb08839e098d3d9f02d1893a20dc,0.00807,2026-03-01 06:59:13,0x2f0b4dac1b201f9caf30f0f1618f44ab4143c18ee3d62ca619e2300b317522c4,0x744be070f74b589f7239ccc117baf6368209314ed546a47d00e18a8cd5c3d873
639,2026-02-27 06:48:23,2026-02-28 06:48:23,settled,16,9,0.00733,0.04878,0xffe16898fc0af80ee9bcf29d2b54a0f20f9498ad,0.00733,2026-02-28 06:49:53,0xffe16898fc0af80ee9bcf29d2b54a0f20f9498ad,0.00733,2026-02-28 06:55:55,0xdbd5a5133acdf90f930b48ce1f5c6d57d737f1974d43d38436aa0617d226ade7,0x2f0b4dac1b201f9caf30f0f1618f44ab4143c18ee3d62ca619e2300b317522c4
638,2026-02-26 06:46:45,2026-02-27 06:46:45,settled,6,5,0.00733,0.03104,0xbdd8f7ceae7fbfb25bd5615ad3c2608404f6bb72,0.00733,2026-02-27 04:46:49,0xbdd8f7ceae7fbfb25bd5615ad3c2608404f6bb72,0.00733,2026-02-27 06:48:23,0x47225c1442d007cf6e959c33cc2a4b9537508f10586f3d65546b9bc158af3a25,0xdbd5a5133acdf90f930b48ce1f5c6d57d737f1974d43d38436aa0617d226ade7
637,2026-02-25 06:41:25,2026-02-26 06:41:25,settled,1,1,0.01,0.01,0x8e5caf3f39b83dbc7663f7fc2b929e21d55482af,0.01,2026-02-25 06:48:07,0x8e5caf3f39b83dbc7663f7fc2b929e21d55482af,0.01,2026-02-26 06:46:45,0xc958aad5e80cac3f07e45c115c67adf6bc2be8eb5ed8ca1b0d99a684826c9c33,0x47225c1442d007cf6e959c33cc2a4b9537508f10586f3d65546b9bc158af3a25
636,2026-02-24 06:30:03,2026-02-25 06:30:03,settled,6,5,0.011,0.02334,0x71ce5605ab649d97446ef179bc2983b18ddc9a48,0.011,2026-02-25 06:29:49,0x71ce5605ab649d97446ef179bc2983b18ddc9a48,0.011,2026-02-25 06:41:25,0xc107ca5fa97c6e6f33b398e4bf5a94815393403bb3b4fec068b9e192b8ca890a,0xc958aad5e80cac3f07e45c115c67adf6bc2be8eb5ed8ca1b0d99a684826c9c33
635,2026-02-23 06:29:37,2026-02-24 06:29:37,settled,1,1,0.01111,0.01111,0xc7aab24ede583b0dc9041343ae51466bb86a1ab7,0.01111,2026-02-23 06:30:03,0xc7aab24ede583b0dc9041343ae51466bb86a1ab7,0.01111,2026-02-24 06:30:03,0x3e731e292ebeb6be2322ff4e1d80ad6f9c646e66b596a79c96104bb2eefaee91,0xc107ca5fa97c6e6f33b398e4bf5a94815393403bb3b4fec068b9e192b8ca890a
634,2026-02-22 06:28:37,2026-02-23 06:28:37,settled,3,3,0.011,0.029,0xc7aab24ede583b0dc9041343ae51466bb86a1ab7,0.011,2026-02-23 06:03:17,0xc7aab24ede583b0dc9041343ae51466bb86a1ab7,0.011,2026-02-23 06:29:37,0xb07039137e3d71050c3fbef915d0646e3cda14bdabb7de2adf86142a85e3e529,0x3e731e292ebeb6be2322ff4e1d80ad6f9c646e66b596a79c96104bb2eefaee91
633,2026-02-21 06:26:53,2026-02-22 06:26:53,settled,5,5,0.02222,0.04427,0xc7aab24ede583b0dc9041343ae51466bb86a1ab7,0.02222,2026-02-22 05:28:53,0xc7aab24ede583b0dc9041343ae51466bb86a1ab7,0.02222,2026-02-22 06:28:37,0x61c5ac667fdf9958d41e9b5e82cbed9aa9dd3bb846219d1b030651f0b8f0437b,0xb07039137e3d71050c3fbef915d0646e3cda14bdabb7de2adf86142a85e3e529
632,2026-02-20 06:21:29,2026-02-21 06:21:29,settled,1,1,0.01234,0.01234,0x8e5caf3f39b83dbc7663f7fc2b929e21d55482af,0.01234,2026-02-20 06:21:57,0x8e5caf3f39b83dbc7663f7fc2b929e21d55482af,0.01234,2026-02-21 06:26:53,0x28ca4cbd01944f1e5cf494926d898def36477fc2f26c9c76160fc0b76afb2832,0x61c5ac667fdf9958d41e9b5e82cbed9aa9dd3bb846219d1b030651f0b8f0437b
631,2026-02-19 06:15:05,2026-02-20 06:15:05,settled,6,6,0.01494,0.04418,0x71ce5605ab649d97446ef179bc2983b18ddc9a48,0.01494,2026-02-20 06:14:33,0x71ce5605ab649d97446ef179bc2983b18ddc9a48,0.01494,2026-02-20 06:21:29,0x6e67157ba2ec9678423fba58a4a4e3e169710d26de1267d03abab9bb38dc5025,0x28ca4cbd01944f1e5cf494926d898def36477fc2f26c9c76160fc0b76afb2832
630,2026-02-18 05:56:53,2026-02-19 05:56:53,settled,7,4,0.02742,0.13179,0x14e8fddfa4a7c709c19a8c7da5205c3ae366355c,0.02742,2026-02-19 06:06:35,0x14e8fddfa4a7c709c19a8c7da5205c3ae366355c,0.02742,2026-02-19 06:15:05,0xe606629719c886495dbb95b0f2993cfca09a4ae4db6954e05d9e12e6955ce9e4,0x6e67157ba2ec9678423fba58a4a4e3e169710d26de1267d03abab9bb38dc5025
629,2026-02-17 05:52:17,2026-02-18 05:52:17,settled,4,3,0.0269,0.09257,0xc421401af43d217d8bf16f18ffd076f3c84219d9,0.0269,2026-02-18 05:51:01,0xc421401af43d217d8bf16f18ffd076f3c84219d9,0.0269,2026-02-18 05:56:53,0x2d62171c4d5ebbc70cad3ec656e9de3b433d0261e1229a1a29a8528c17266a38,0xe606629719c886495dbb95b0f2993cfca09a4ae4db6954e05d9e12e6955ce9e4
628,2026-02-16 05:47:05,2026-02-17 05:47:05,settled,5,4,0.0209,0.0453,0x833c829b5123c7af0b810a03084d5d3f0529d323,0.0209,2026-02-17 05:46:13,0x833c829b5123c7af0b810a03084d5d3f0529d323,0.0209,2026-02-17 05:52:17,0xc95b4d0a2e0e969614762d333094ebdfac2b677ad5d68ffdf8170bd794068a72,0x2d62171c4d5ebbc70cad3ec656e9de3b433d0261e1229a1a29a8528c17266a38
627,2026-02-15 05:31:39,2026-02-16 05:31:39,settled,15,7,0.02492,0.16802,0xd29c790466675153a50df7860b9efdb689a21cde,0.02492,2026-02-16 05:37:41,0xd29c790466675153a50df7860b9efdb689a21cde,0.02492,2026-02-16 05:47:05,0x86d1b150711bc4610eb20bf7a6acff83fe2cda5561b8b59c8325f646e6b457e1,0xc95b4d0a2e0e969614762d333094ebdfac2b677ad5d68ffdf8170bd794068a72
626,2026-02-14 05:17:27,2026-02-15 05:17:27,settled,8,4,0.02131,0.12403,0x71ce5605ab649d97446ef179bc2983b18ddc9a48,0.02131,2026-02-15 05:20:41,0x71ce5605ab649d97446ef179bc2983b18ddc9a48,0.02131,2026-02-15 05:31:39,0xe395b1eb9afa2b9cf5cb62054d13b77c65ce2f827f21313653457c5ae299b140,0x86d1b150711bc4610eb20bf7a6acff83fe2cda5561b8b59c8325f646e6b457e1
625,2026-02-13 05:07:13,2026-02-14 05:07:13,settled,15,7,0.0286,0.21747,0x8e5caf3f39b83dbc7663f7fc2b929e21d55482af,0.0286,2026-02-14 05:12:15,0x8e5caf3f39b83dbc7663f7fc2b929e21d55482af,0.0286,2026-02-14 05:17:27,0x08722c191337681fe017e9cccb055231a6656f0e473062bc95bea83270909e04,0xe395b1eb9afa2b9cf5cb62054d13b77c65ce2f827f21313653457c5ae299b140
624,2026-02-12 04:53:39,2026-02-13 04:53:39,settled,9,3,0.01952,0.11944,0x46e9beef5dc68dff095eca56dadf90247f1af7ef,0.01952,2026-02-13 05:02:01,0x46e9beef5dc68dff095eca56dadf90247f1af7ef,0.01952,2026-02-13 05:07:13,0x579ff1dc2617f3a8344ab486c420aa6cb1aa65f877f48d59816565faee62eb76,0x08722c191337681fe017e9cccb055231a6656f0e473062bc95bea83270909e04
623,2026-02-11 04:40:17,2026-02-12 04:40:17,settled,10,5,0.02363,0.15955,0x14e8fddfa4a7c709c19a8c7da5205c3ae366355c,0.02363,2026-02-12 04:48:27,0x14e8fddfa4a7c709c19a8c7da5205c3ae366355c,0.02363,2026-02-12 04:53:39,0x4bd68c48ee25b8028ce6c7d7d2ca93be992e081427e3d21f978f991b76eedbce,0x579ff1dc2617f3a8344ab486c420aa6cb1aa65f877f48d59816565faee62eb76
622,2026-02-10 04:26:01,2026-02-11 04:26:01,settled,11,7,0.03123,0.2229,0xca0edb47a8c9ef04dc2368946f46fb3d7c1a3202,0.03123,2026-02-11 04:33:33,0xca0edb47a8c9ef04dc2368946f46fb3d7c1a3202,0.03123,2026-02-11 04:40:17,0x4d15d96913daaab1ec32829b4bc8a95fbd44746dd397e57fd80f5119d31c80ea,0x4bd68c48ee25b8028ce6c7d7d2ca93be992e081427e3d21f978f991b76eedbce
621,2026-02-09 04:16:55,2026-02-10 04:16:55,settled,7,5,0.0242,0.11261,0xc7aab24ede583b0dc9041343ae51466bb86a1ab7,0.0242,2026-02-10 04:20:45,0xc7aab24ede583b0dc9041343ae51466bb86a1ab7,0.0242,2026-02-10 04:26:01,0xaa96ebfb4b2e2ffb481e51a7ab22395e2374f895993f4231b0c0d312949cd865,0x4d15d96913daaab1ec32829b4bc8a95fbd44746dd397e57fd80f5119d31c80ea
620,2026-02-08 04:16:43,2026-02-09 04:16:43,settled,5,5,0.01974,0.07848,0xc421401af43d217d8bf16f18ffd076f3c84219d9,0.01974,2026-02-09 04:06:15,0xc421401af43d217d8bf16f18ffd076f3c84219d9,0.01974,2026-02-09 04:16:55,0xa448139dd7b3e690ceb658eab50cecd469bc17492413c31402123e69434a0904,0xaa96ebfb4b2e2ffb481e51a7ab22395e2374f895993f4231b0c0d312949cd865
619,2026-02-07 04:10:31,2026-02-08 04:10:31,settled,8,3,0.02222,0.11714,0x8e5caf3f39b83dbc7663f7fc2b929e21d55482af,0.02222,2026-02-08 04:11:27,0x8e5caf3f39b83dbc7663f7fc2b929e21d55482af,0.02222,2026-02-08 04:16:43,0xf2221316d3b0545fad3480cec5e096f37a1fedc08a9e80b08b506a2b7308c860,0xa448139dd7b3e690ceb658eab50cecd469bc17492413c31402123e69434a0904
618,2026-02-06 04:02:23,2026-02-07 04:02:23,settled,5,3,0.011,0.03755,0x71ce5605ab649d97446ef179bc2983b18ddc9a48,0.011,2026-02-07 03:55:11,0x71ce5605ab649d97446ef179bc2983b18ddc9a48,0.011,2026-02-07 04:10:31,0x3665fd1ced39bac6f81847c9f0a2ab85c9f0afeb26d53486e02a862d1e28af61,0xf2221316d3b0545fad3480cec5e096f37a1fedc08a9e80b08b506a2b7308c860
617,2026-02-05 04:01:43,2026-02-06 04:01:43,settled,3,3,0.0242,0.0662,0x71ce5605ab649d97446ef179bc2983b18ddc9a48,0.0242,2026-02-05 23:38:01,0x71ce5605ab649d97446ef179bc2983b18ddc9a48,0.0242,2026-02-06 04:02:23,0x48cd560591ef180f8c164024b782b04fd6bc4774e2bedac2e2168f061155126d,0x3665fd1ced39bac6f81847c9f0a2ab85c9f0afeb26d53486e02a862d1e28af61
616,2026-02-04 04:00:41,2026-02-05 04:00:41,settled,3,3,0.01816,0.04966,0xc7aab24ede583b0dc9041343ae51466bb86a1ab7,0.01816,2026-02-05 03:50:41,0xc7aab24ede583b0dc9041343ae51466bb86a1ab7,0.01816,2026-02-05 04:01:43,0xacb23b1ef567461d9e95200e012dd52b6f69d960343e46aac605c8c8cc063c65,0x48cd560591ef180f8c164024b782b04fd6bc4774e2bedac2e2168f061155126d
615,2026-02-03 03:21:59,2026-02-04 03:21:59,settled,38,14,0.06666,0.6972,0xc421401af43d217d8bf16f18ffd076f3c84219d9,0.06666,2026-02-04 03:54:23,0xc421401af43d217d8bf16f18ffd076f3c84219d9,0.06666,2026-02-04 04:00:41,0xed2d0a4f2d6ae608038f0616403c05b2ce19a082b4955b8edefb897e8aa9896d,0xacb23b1ef567461d9e95200e012dd52b6f69d960343e46aac605c8c8cc063c65
614,2026-02-02 03:06:19,2026-02-03 03:06:19,settled,12,7,0.05851,0.36647,0x8e5caf3f39b83dbc7663f7fc2b929e21d55482af,0.05851,2026-02-03 03:16:47,0x8e5caf3f39b83dbc7663f7fc2b929e21d55482af,0.05851,2026-02-03 03:21:59,0x8ff9c219f286e110c59df5cf77a3e1541d700fbca9b8c6db8b94f89c7daf7a3a,0xed2d0a4f2d6ae608038f0616403c05b2ce19a082b4955b8edefb897e8aa9896d
613,2026-02-01 03:01:03,2026-02-02 03:01:03,settled,19,10,0.07468,0.48945,0xc7aab24ede583b0dc9041343ae51466bb86a1ab7,0.07468,2026-02-02 03:01:07,0xc7aab24ede583b0dc9041343ae51466bb86a1ab7,0.07468,2026-02-02 03:06:19,0xc669800e09f1707831348b0648853315b719972124c3ec6c9f008bba9c823e05,0x8ff9c219f286e110c59df5cf77a3e1541d700fbca9b8c6db8b94f89c7daf7a3a
612,2026-01-31 03:00:13,2026-02-01 03:00:13,settled,3,2,0.07624,0.20854,0x46e9beef5dc68dff095eca56dadf90247f1af7ef,0.07624,2026-01-31 11:12:11,0x46e9beef5dc68dff095eca56dadf90247f1af7ef,0.07624,2026-02-01 03:01:03,0x6f5bb4a229936084ad5b57e1137e0f392c67d8d0003e99029108339593ab1ace,0xc669800e09f1707831348b0648853315b719972124c3ec6c9f008bba9c823e05
611,2026-01-30 02:51:53,2026-01-31 02:51:53,settled,3,3,0.07701,0.15701,0x14e8fddfa4a7c709c19a8c7da5205c3ae366355c,0.07701,2026-01-31 01:00:43,0x14e8fddfa4a7c709c19a8c7da5205c3ae366355c,0.07701,2026-01-31 03:00:13,0xf762e9730f2ad9ca2fd09a516b9021fada207d1c3fb6430bc99ddaa95c052064,0x6f5bb4a229936084ad5b57e1137e0f392c67d8d0003e99029108339593ab1ace
610,2026-01-29 02:41:57,2026-01-30 02:41:57,settled,5,4,0.10253,0.42746,0xe068579e46ca32a7ed3d51f217fcc5a0d829fca0,0.10253,2026-01-30 02:37:27,0xe068579e46ca32a7ed3d51f217fcc5a0d829fca0,0.10253,2026-01-30 02:51:53,0x64a681b5d8a5439659975f6eb8f11799b00f7999b8b82c5f99c946d428c9b634,0xf762e9730f2ad9ca2fd09a516b9021fada207d1c3fb6430bc99ddaa95c052064
609,2026-01-28 02:36:17,2026-01-29 02:36:17,settled,3,3,0.0802,0.1222,0x46e9beef5dc68dff095eca56dadf90247f1af7ef,0.0802,2026-01-28 05:53:57,0x46e9beef5dc68dff095eca56dadf90247f1af7ef,0.0802,2026-01-29 02:41:57,0xa60ad4856076d9cd643664bb826ff17a0aab905259dc1b883598aa84d47a2f93,0x64a681b5d8a5439659975f6eb8f11799b00f7999b8b82c5f99c946d428c9b634
608,2026-01-27 02:26:13,2026-01-28 02:26:13,settled,5,5,0.0968,0.30261,0x86e36c9ba3c6a2542fd761bc2b4fd61a110ea6cd,0.0968,2026-01-28 02:25:49,0x86e36c9ba3c6a2542fd761bc2b4fd61a110ea6cd,0.0968,2026-01-28 02:36:17,0x29af2677e80c5b66fb2c72b73f20aafb5cbc579f5bb53026fc73ec33b57732d4,0xa60ad4856076d9cd643664bb826ff17a0aab905259dc1b883598aa84d47a2f93
607,2026-01-26 02:11:31,2026-01-27 02:11:31,settled,46,18,0.085,0.89224,0xe16f9db0e6ca8f2f9151ac581a78d9dd5a4bb1ef,0.085,2026-01-27 02:20:53,0xe16f9db0e6ca8f2f9151ac581a78d9dd5a4bb1ef,0.085,2026-01-27 02:26:13,0xdd43a530bfa766343a1c141a1c793831988f442a4951a84aa2d65fe7bfe3efb4,0x29af2677e80c5b66fb2c72b73f20aafb5cbc579f5bb53026fc73ec33b57732d4
606,2026-01-25 02:04:35,2026-01-26 02:04:35,settled,29,17,0.08073,0.42932,0xc5831df8214b36e27c0d5fa45eed8d160610dc90,0.08073,2026-01-26 01:57:25,0xc5831df8214b36e27c0d5fa45eed8d160610dc90,0.08073,2026-01-26 02:11:31,0xe3067188f714e719d34fb1bd29f35f34736e0ce1999ffb6d95cdbd1b37403748,0xdd43a530bfa766343a1c141a1c793831988f442a4951a84aa2d65fe7bfe3efb4
605,2026-01-24 01:52:47,2026-01-25 01:52:47,settled,26,11,0.1359,0.9819,0x86e36c9ba3c6a2542fd761bc2b4fd61a110ea6cd,0.1359,2026-01-25 01:59:23,0x86e36c9ba3c6a2542fd761bc2b4fd61a110ea6cd,0.1359,2026-01-25 02:04:35,0x06fea1251127e9639e5d571f7a1bda02c6643b6b76fb209a9ab153df3e353e73,0xe3067188f714e719d34fb1bd29f35f34736e0ce1999ffb6d95cdbd1b37403748
604,2026-01-23 01:52:25,2026-01-24 01:52:25,settled,6,5,0.18232,0.52137,0x46e9beef5dc68dff095eca56dadf90247f1af7ef,0.18232,2026-01-23 17:12:47,0x46e9beef5dc68dff095eca56dadf90247f1af7ef,0.18232,2026-01-24 01:52:47,0xd8f31d36afcf368d72f4a0f7b358b36b5856d7d96999c5c7fb73ff1a915ae617,0x06fea1251127e9639e5d571f7a1bda02c6643b6b76fb209a9ab153df3e353e73
603,2026-01-22 01:52:07,2026-01-23 01:52:07,settled,6,6,0.19818,0.6426,0xc5831df8214b36e27c0d5fa45eed8d160610dc90,0.19818,2026-01-23 00:18:25,0xc5831df8214b36e27c0d5fa45eed8d160610dc90,0.19818,2026-01-23 01:52:25,0xc134a46ad7bceaabd381287b09e9a3270063dfdf57548536fa6d856fbbb93ed3,0xd8f31d36afcf368d72f4a0f7b358b36b5856d7d96999c5c7fb73ff1a915ae617
602,2026-01-21 01:47:35,2026-01-22 01:47:35,settled,6,5,0.18,0.50711,0xc5831df8214b36e27c0d5fa45eed8d160610dc90,0.18,2026-01-22 01:42:35,0xc5831df8214b36e27c0d5fa45eed8d160610dc90,0.18,2026-01-22 01:52:07,0xa5c0d2145366c6329d5310c39498350bd72d3ddfcb2dd53f4b3da7d56d6f943f,0xc134a46ad7bceaabd381287b09e9a3270063dfdf57548536fa6d856fbbb93ed3
601,2026-01-20 01:32:05,2026-01-21 01:32:05,settled,14,7,0.23692,1.50392,0xffe16898fc0af80ee9bcf29d2b54a0f20f9498ad,0.23692,2026-01-21 01:40:01,0xffe16898fc0af80ee9bcf29d2b54a0f20f9498ad,0.23692,2026-01-21 01:47:35,0x325c8ddef5ae74fb2009c17813bd43b05d5662dfba75a1a5e2ea0dd52c4d33b5,0xa5c0d2145366c6329d5310c39498350bd72d3ddfcb2dd53f4b3da7d56d6f943f
600,2026-01-19 01:28:37,2026-01-20 01:28:37,settled,6,3,0.2046,0.79561,0x86e36c9ba3c6a2542fd761bc2b4fd61a110ea6cd,0.2046,2026-01-20 01:26:51,0x86e36c9ba3c6a2542fd761bc2b4fd61a110ea6cd,0.2046,2026-01-20 01:32:05,0x34c6b56279a313cbc81d9decc27842db66eee25c7036d608893ce0bced4faa8d,0x325c8ddef5ae74fb2009c17813bd43b05d5662dfba75a1a5e2ea0dd52c4d33b5
599,2026-01-18 01:26:59,2026-01-19 01:26:59,settled,4,3,0.21805,0.60647,0x46e9beef5dc68dff095eca56dadf90247f1af7ef,0.21805,2026-01-18 22:56:31,0x46e9beef5dc68dff095eca56dadf90247f1af7ef,0.21805,2026-01-19 01:28:37,0xcd0a6897e54e25237722bdd3ca22d21f23cbf95539240344349e1615e2104d5c,0x34c6b56279a313cbc81d9decc27842db66eee25c7036d608893ce0bced4faa8d
598,2026-01-17 01:26:57,2026-01-18 01:26:57,settled,8,5,0.19812,0.43055,0x98fd129b2183d2a80f9d8da156242ce3e0d53756,0.19812,2026-01-17 20:56:07,0x98fd129b2183d2a80f9d8da156242ce3e0d53756,0.19812,2026-01-18 01:26:59,0x9994b6ad734104e3035f3c199fdc1b4759503e211f584383f01ff18859313390,0xcd0a6897e54e25237722bdd3ca22d21f23cbf95539240344349e1615e2104d5c
597,2026-01-16 01:26:11,2026-01-17 01:26:11,settled,14,12,0.1947,0.40239,0x86e36c9ba3c6a2542fd761bc2b4fd61a110ea6cd,0.1947,2026-01-16 20:48:33,0x86e36c9ba3c6a2542fd761bc2b4fd61a110ea6cd,0.1947,2026-01-17 01:26:57,0x9779001e2fa95e2bfbf995c58c6d1001fa7b4761f11a5b4cfcf53b8342b66f6a,0x9994b6ad734104e3035f3c199fdc1b4759503e211f584383f01ff18859313390
596,2026-01-15 01:14:37,2026-01-16 01:14:37,settled,19,11,0.17441,1.02673,0xffe16898fc0af80ee9bcf29d2b54a0f20f9498ad,0.17441,2026-01-16 01:19:39,0xffe16898fc0af80ee9bcf29d2b54a0f20f9498ad,0.17441,2026-01-16 01:26:11,0xae903ebf76404904f3f2b09817305f74054fe338d36411e3b5eab58d9c24ddb6,0x9779001e2fa95e2bfbf995c58c6d1001fa7b4761f11a5b4cfcf53b8342b66f6a
595,2026-01-14 01:08:51,2026-01-15 01:08:51,settled,49,20,0.15691,1.6881,0xfd9d96082ea88c5cee50db6343077b8124965f71,0.15691,2026-01-15 01:09:13,0xfd9d96082ea88c5cee50db6343077b8124965f71,0.15691,2026-01-15 01:14:37,0x6ee1e80cc606e534e6fa9d9092a01cb94290b84559ba3a6469b2c212681feef7,0xae903ebf76404904f3f2b09817305f74054fe338d36411e3b5eab58d9c24ddb6
594,2026-01-13 01:08:39,2026-01-14 01:08:39,settled,6,6,0.15974,0.65995,0xc5831df8214b36e27c0d5fa45eed8d160610dc90,0.15974,2026-01-14 00:55:09,0xc5831df8214b36e27c0d5fa45eed8d160610dc90,0.15974,2026-01-14 01:08:51,0x22dd741f6a4cd7442adef4edd317596fa1f9a48d2a42229e28f50167148f11e7,0x6ee1e80cc606e534e6fa9d9092a01cb94290b84559ba3a6469b2c212681feef7
593,2026-01-12 01:08:17,2026-01-13 01:08:17,settled,6,5,0.14301,0.49602,0xca0edb47a8c9ef04dc2368946f46fb3d7c1a3202,0.14301,2026-01-12 23:34:19,0xca0edb47a8c9ef04dc2368946f46fb3d7c1a3202,0.14301,2026-01-13 01:08:39,0xedb60c22a757fc316d8b511fe71827b12c6f5531b9a9288e4be7b62fe060a35c,0x22dd741f6a4cd7442adef4edd317596fa1f9a48d2a42229e28f50167148f11e7
592,2026-01-11 01:06:41,2026-01-12 01:06:41,settled,13,4,0.16,1.08002,0x76d0e7a13248945ee9f808b4a472262b28778942,0.16,2026-01-12 01:03:09,0x76d0e7a13248945ee9f808b4a472262b28778942,0.16,2026-01-12 01:08:17,0x1bda55b7096a2b03ba5f7d05c2b581ef5556581eba33ad307715d45e8eea3f1f,0xedb60c22a757fc316d8b511fe71827b12c6f5531b9a9288e4be7b62fe060a35c
591,2026-01-10 00:43:31,2026-01-11 00:43:31,settled,26,10,0.3021,2.80923,0xffe16898fc0af80ee9bcf29d2b54a0f20f9498ad,0.3021,2026-01-11 01:01:25,0xffe16898fc0af80ee9bcf29d2b54a0f20f9498ad,0.3021,2026-01-11 01:06:41,0x077dd8302e353010633eb5c10283eb766f5ae45f5a75ae8ba5ba8c5611a6650b,0x1bda55b7096a2b03ba5f7d05c2b581ef5556581eba33ad307715d45e8eea3f1f
590,2026-01-09 00:34:31,2026-01-10 00:34:31,settled,58,21,0.16455,1.61384,0x76d0e7a13248945ee9f808b4a472262b28778942,0.16455,2026-01-10 00:38:19,0x76d0e7a13248945ee9f808b4a472262b28778942,0.16455,2026-01-10 00:43:31,0x875be581184c855641547daf148a091a709a3001740ee0ac26ea85a55a5a4400,0x077dd8302e353010633eb5c10283eb766f5ae45f5a75ae8ba5ba8c5611a6650b
