token_id,end_time_utc,block_number,tx_hash,log_index
590,2026-01-10 00:38:07,40607920,0xe1e08a04a95c2c587bdbe046a715764d45f005eb66302227bf869412983300a8,265
590,2026-01-10 00:38:19,40607926,0x1abeb87f6ed9bc81d3df14d0a920a572fc7552bf1399700814d3b645ca1db6bd,32
590,2026-01-10 00:43:09,40608071,0x1bfd3e67e9bdbd5438f7028740d75c3013ef8ffa23db6ef3d99f780ac39c1728,1207
590,2026-01-10 00:43:19,40608076,0xe3f96d4636c478d26772e195cbb29fd302856c1b54e6b14fcf4e9375f678f8fa,184
591,2026-01-11 00:47:35,40651404,0x9826ab5e682478537c6e877c5b221806a59d80b12e7d29950d60fcc8266465fe,656
591,2026-01-11 00:49:55,40651474,0x74d9c143d37aa7c479d383df7b55cc918c8c8064a54c8e3eede41932790bc231,845
591,2026-01-11 00:52:51,40651562,0x268489677a60f522a1f1ca2557a834fb0ef8738cab489232b8367dbf2e8f0942,531
591,2026-01-11 00:54:51,40651622,0x51950fd9caf0ef083ef6d8cd7daed4442414286505111e89e183d612efb3e518,466
591,2026-01-11 00:57:53,40651713,0xf10869619c1b6a4d834b6fe312d94ca603c74c083619c814ea00e45946345120,612
591,2026-01-11 01:01:49,40651831,0x52d92350082d1fcc79bb706ebb48eacd552c6f843311cdd87434ede4953cceb0,621
591,2026-01-11 01:06:25,40651969,0x420d35d685fb60c04c1d5557f4576e2da55909be81691cd553a6f4282d2fde21,921
592,2026-01-12 01:07:09,40695191,0xaa120542f24c5c850bba1978926cfb1e851ddf995d6d8721a699d44de1513d9a,1160
592,2026-01-12 01:08:09,40695221,0x7f59af52bc309f10755f3e3589079504d2e80fa097c41f7e21f8859fe2384a70,1157
595,2026-01-15 01:13:33,40824983,0x9d0a89571d1a52cf8c4fb8e8a5219cefdc7749b58bf24ded5cecd36c203e2919,1050
595,2026-01-15 01:14:13,40825003,0x4bf65c0045c682cae9d2f2c53af535e45fb110a8c3f23bcadc6e0501cd3448d7,940
596,2026-01-16 01:19:31,40868362,0xdf55944b193e1617f401a9b001bff0e3dba25d6b79d417af6d0d586557bcdfaf,1408
596,2026-01-16 01:20:01,40868377,0xa027c7cec6c5742cebaecd980130b94fea41771ad24b8a2d2203d4c4f66f8fb6,982
596,2026-01-16 01:24:39,40868516,0xc788d714d5e02d4bb03c92cf3e3deca4d9f1f6c48697b8c5e7ca94db7c0cff7f,840
600,2026-01-20 01:30:33,41041493,0xca4aafcc2e28ec4373ee33a9ba696eab794d189a36f3c2e83b410e13631dd04e,724
600,2026-01-20 01:31:51,41041532,0xa1225bb58bf79e3d84d259f98c90e7625cc82bf583495b0da99f02eb3e8dbfb3,354
601,2026-01-21 01:35:53,41084853,0xa87de4e8215a6556a5a3d75e0ea95bbfabd47a4a1e89c0d50a61ee892f216895,708
601,2026-01-21 01:36:21,41084867,0x274b787be1e02982822e4fc40d68061d5ff339cd07c52ec67e06ff0ac86ca507,662
601,2026-01-21 01:36:53,41084883,0x5386a6a281ecadbb0531e59873c05166f274d96794995c9c2d14ffca7448cda4,457
601,2026-01-21 01:37:15,41084894,0x0f71efbc27b065cd539cff1c963c3fe339efd2d7ecb76a34b48a1e988aeb241e,546
601,2026-01-21 01:38:49,41084941,0x9fbff547d258c221b99e19aa9eb423c4d3ce8fad4148050d6558d29f6ff5c762,810
601,2026-01-21 01:40:51,41085002,0x3e09a8de3987eef930829a4e0ed2b06a4f8f295c24f0fc19757680655efa9c59,825
601,2026-01-21 01:45:01,41085127,0x50684fd0377908e6ee47dc4e78d260fb638929e75d349a4a49713f1d80e32e71,874
605,2026-01-25 01:53:49,41258191,0x9f0acc6e8b8ceac81703457f5d91606d32913fff0808acd5785c13914c1f449e,1210
605,2026-01-25 01:54:37,41258215,0xd791db6619870b62041f268eabcf1b304bb8d469df3c62260836072964da1c20,662
605,2026-01-25 01:55:51,41258252,0xbaee92aee864ed108c1fb957512d078f78fb6e1badc5104e4865a3d5f76fb23a,794
605,2026-01-25 01:56:41,41258277,0x2f63a3e4dd6c6fdf51a100e9a5b81da2f4bc17062a21d9dd4e29839a7cab85cc,950
605,2026-01-25 02:00:13,41258383,0xc5aefac3a7466a7c37c0006542fc36c93ce687a4d4042c3a7c6aabc0ecce454f,569
605,2026-01-25 02:04:23,41258508,0xbdf51dba8abb8ede029ba3287b75d0f10831b4062fa16b100e76b0d2b3aecd33,772
607,2026-01-27 02:11:39,41345126,0x31a89329df5bb9de30b2193c36094fa4eacd82495c634ff69b9364633971e17c,321
607,2026-01-27 02:13:15,41345174,0xf60785521ff8c6811d01fe82b322da671c82bfabb2d7b1c870a1c53a0474e84a,930
607,2026-01-27 02:14:13,41345203,0xbd761ffcd8f77802d4ef952b77f729b2caf844c3e67faf666e90a3df3d03df84,366
607,2026-01-27 02:15:17,41345235,0x3b409797881a2d88ee5cf1083016e57db844b96648d46e0260e67cf5744480d4,946
607,2026-01-27 02:16:27,41345270,0x924cea12262750d466fa7fd4dcaf0c87a5384afc738ec270cc7b4ae3acc565ae,1246
607,2026-01-27 02:16:49,41345281,0x48ec61361086efd2c723bb5d2a952f1aa712cb4adf98f6cc15e7d479926a73aa,331
607,2026-01-27 02:17:19,41345296,0x2a26e3d8310f6a36650cb8a355b330829ed63161cd8ba9a3c0188989d5f7beff,923
607,2026-01-27 02:19:19,41345356,0x25bfadc9fb3ad985d560c1663559d415b99745920fe910eb6e6e1c06ff99e453,397
607,2026-01-27 02:21:25,41345419,0x306c9ee6658307517d192f6c80a33d079f5012d79a6d6ed5b01bb0608fea040b,65
607,2026-01-27 02:22:21,41345447,0x79519dc81c4c867663b8fa439b92d6152d81e74f162f41b81dc7c16ad2fc0825,579
607,2026-01-27 02:24:09,41345501,0x78613f2d5a5236358f96e3f2ce842fbe5991aa906b74c8a75a54ebd531efc7de,624
607,2026-01-27 02:25:53,41345553,0xd3d056ea6b8c04589356456de99ec3035b930aa0a9ca663df6fdf8ed7949f0b8,1155
608,2026-01-28 02:30:49,41388901,0xf674f718110d2ac280010fcb7f86283b2e44a132ceb6b5255a12ad0343c4f19b,263
610,2026-01-30 02:42:27,41475650,0x10a00fbe58a4bad4c7c4f55c96bef863cc98939e5892a42657221bab57edb0ba,265
613,2026-02-02 03:01:05,41605809,0xf5c9d80004db3a7c37c391e4994fd72f585bb364c30f0680d8fef4b53586f591,831
613,2026-02-02 03:02:01,41605837,0x13beee17c81f1cd81565f3be6c9ecad18749e2ff9c25df3fa5f8ab21d85563e5,163
613,2026-02-02 03:02:37,41605855,0xc63615887a8dab2ea4981607b15ff59e75c5318803efe100206aac75a1610e3e,881
613,2026-02-02 03:04:17,41605905,0xbd7d7187df8bd0d7537c8aa6686c5886aba3d3156a7c42be807e0246333e3bc6,291
613,2026-02-02 03:04:51,41605922,0x293cf8956ca9a3c276d1bd219b84ffb7831c40d73acdf51f89b39769539ac073,242
613,2026-02-02 03:05:31,41605942,0x2feb3e17bd06b9e2b5939d6363b071b52862410e3163120acc6c6c541e324e69,1187
613,2026-02-02 03:06:07,41605960,0x1a48641b7c716745257b1bc6c32f55f3e18146b859b72dc370399ba1246c68a5,270
614,2026-02-03 03:10:57,41649305,0x2c6ae98948d12ec58dbfdcdcc7fdfb8bb2c1d38f5972f6a0f2b6ea28e39a6e15,593
614,2026-02-03 03:14:25,41649409,0x14edd48ff966c9ebc9e0ab7aa71aac1f48b8b80ec13865571f7a3892b2df1972,1123
614,2026-02-03 03:18:57,41649545,0x2a3603a3fa7790d88177a96e64c76007b69e4d30b73440c5f2c5e43793e01ce5,200
614,2026-02-03 03:21:47,41649630,0x75d7f924b1f697c91ee0215d646177b9a89617d12530e73babd7d0480e90a3a4,884
615,2026-02-04 03:25:59,41692956,0x393311a919eb2c9df14978bf9865278bcc585b06be6f9fe71a285c425573a2d8,642
615,2026-02-04 03:26:19,41692966,0x91fe7ac5abcf178e1326e5d111a6ed80e3a824cf8d553774cbaf5ee5ad80d4eb,924
615,2026-02-04 03:27:43,41693008,0x403b75c26baf9a68cde624a12ca4d27ff3c93a01542466227cbf59d67eaa871f,995
615,2026-02-04 03:29:15,41693054,0x635de17371536e44eb1452bf12a4444511b36c91ee704f2b316a353a04e5a19d,955
615,2026-02-04 03:33:29,41693181,0xcb9ad62b12dd8d9b733a09cefe9f29e8acebe261bae1b3b09417e9f1f154d956,468
615,2026-02-04 03:34:05,41693199,0x9abe10948694451295b253ca9dc4b9606aeeaa73b293a8c60bf3fd1eb627b1b2,358
615,2026-02-04 03:37:19,41693296,0x49f58c701b30a1becb723550d72b48c1de4b5ed595e19dd1057b6443a35c3603,685
615,2026-02-04 03:39:07,41693350,0x9e67898cd541408197a1b2659aa5f434b615a33733a685512ed7e5b5d91d39e7,1004
615,2026-02-04 03:43:21,41693477,0x4dc9beedfbee07b63f0619856de7f4b84c5b34c6ab55f481dbdb71654d9496c1,1511
615,2026-02-04 03:45:41,41693547,0x2ca481625c3d8a904ece43033e5d33049235b1ac88416dbeb3108ec23278033a,329
615,2026-02-04 03:49:59,41693676,0x9c8fc915a79abc1a1d9748f03dd395981ab150bfaf7861891639285de310b46a,1581
615,2026-02-04 03:51:57,41693735,0x9337df188283b0ca82ecb5910ce00d8085af7480d60bed3e7e85b0c0bdfd48f0,441
615,2026-02-04 03:55:59,41693856,0x2559e26600b0fafa48cde3e57f642dd385d549f7bad8ab180037cb67518528d9,676
615,2026-02-04 03:59:23,41693958,0x823152a4f6db0f79cf255b6c5a56699c7ab43ac1283fc8a46f586a4f879a554d,630
619,2026-02-08 04:11:49,41867131,0xa9fb26cb363893bbe561c4007aa02796dc86f7cf5816e6a052a787347a262c6d,881
619,2026-02-08 04:12:51,41867162,0xfd2333e6c0c7149b16eb8471064099714b5bb15139f32365c0f3b802ef1288dd,781
619,2026-02-08 04:15:01,41867227,0x32fced309151f903fa376eab4454a62b0d16430feceb18088da1c788b45113ee,530
619,2026-02-08 04:15:29,41867241,0x172c035cccf87bb50fae674b29786df967379136ff696536196c53b45a1793f0,482
619,2026-02-08 04:16:27,41867270,0x4fafb8ee473026397c13a0bb7cd7088a850de2af4d28e12bb06b97f975a17793,230
621,2026-02-10 04:21:21,41953817,0x90791de40bbfbdcf7a1d94e93a818b4ca97a617aab3eea6470201fae4e218bfc,263
621,2026-02-10 04:25:45,41953949,0xe152b0146e58906ee3530e8c3ff76360bf03ad77e57aa25f85a62a7480183487,440
622,2026-02-11 04:28:21,41997227,0x440faa015e49e69636975966374082c4beaee4d7ae8c8c55ef3face333004702,1576
622,2026-02-11 04:31:11,41997312,0xa2d59a22ac299b1fa18a57360db108ccc4e09b05ab3beeb9dacca58bf401660f,334
622,2026-02-11 04:31:45,41997329,0xf722d2da1a35275154608b353bc9a1dda96a9854d6f39bcb8d54c6f6165e79de,908
622,2026-02-11 04:33:45,41997389,0xd82c4b0a7dc389046fc6e05f50fa2994bf748dd0a39b893b766016e02299185b,464
622,2026-02-11 04:38:33,41997533,0xfdb94bef3ea472cb47a45de0e84f4b777d99e00a00d5dbb2f2f536968c67c00d,536
623,2026-02-12 04:44:21,42040907,0x2f75f61a84718af1e411121ba81149ba6e39df63e66fa592ae074cd791ade752,580
623,2026-02-12 04:44:53,42040923,0x4c9b507648e5f1b9da973fea3cba73651a4432ce77b6f33b0c936f173c4e76c2,267
623,2026-02-12 04:48:25,42041029,0xe334b354a7e59cd5a1e00c44d23f4bea938fc65d962849c3136e1851c6ba41f2,865
623,2026-02-12 04:48:37,42041035,0x726bfdcd96998e6bfb7a3416ed907ac58855016d6375610ed70c3b3c3127c602,1167
623,2026-02-12 04:53:03,42041168,0xe146e43bb17abb60b97d488b2aecbdfc39a00c0e8c652377b532a6c303a74f0a,476
623,2026-02-12 04:53:27,42041180,0xcdbf69488d54939ea8a102a70eff387609802299b12f7005b88491656ccec34c,246
624,2026-02-13 04:57:41,42084507,0x881c8a1bc6a3acb12d62c717e3a167795a70fc446d3f74f0e04538f57afc6a15,383
624,2026-02-13 04:58:03,42084518,0xa5079258aa47f8440685c634d699de91225a220ada60d806a45cc52c23bd6623,570
624,2026-02-13 05:01:41,42084627,0xa6e32a1051b5878bddb5aa2dcfd73950dd3083af3470f11e6da3180e0b9c0bda,574
624,2026-02-13 05:02:29,42084651,0x0c53127f1d5a63f12abd0cfccd3b30393eda710d377776dea356729b6b5516c3,565
624,2026-02-13 05:06:49,42084781,0x745c8b35fa4522f3e22edc899eb78abeaed60d814661ab735c080fc272589630,1061
624,2026-02-13 05:07:01,42084787,0x69315b06fccf6f95d0888bb5ba3021e7f10c41beabb13059cd0111b55388f920,642
625,2026-02-14 05:09:37,42128065,0x604375f30322981429d810a746e1796cedbfc7ccb7dc8e789c2b4f9931c338e5,477
625,2026-02-14 05:10:53,42128103,0x56c9d4b5ae140cb0034938c1af5e0db9812a8209093cb22882729410b469d878,401
625,2026-02-14 05:11:19,42128116,0x1f35d2501245a86b6d88578c1d01cdce9f34f5514f4b6685d6b437b63ec111ad,674
625,2026-02-14 05:12:19,42128146,0x458236d761a213e7537eafeedaad7186b406054273b52801faf517eb00e72721,1086
625,2026-02-14 05:12:59,42128166,0xce747302385910f48c95ef6bc3fd878445962f40517779cf67db270adec9bc54,451
625,2026-02-14 05:17:15,42128294,0x993aab55c4c9f6d27f2840ed0167777675c3afc2805ed9cbf133d23b635b0153,709
626,2026-02-15 05:21:19,42171616,0x9dbc12a67041c2e4cb6a128809358903c4f30fc51336705e3226b6ebf84b2cb6,1028
626,2026-02-15 05:21:43,42171628,0x1e2699a46700a48f272fd6a02c2546d7e073263be770d6bcf40dbde509f2415c,382
626,2026-02-15 05:25:41,42171747,0x906d68bd0804e637c904e28101287d797bb3753461b5c5f2c7c62fa6eb2305ed,859
627,2026-02-16 05:34:57,42215225,0x9a4fbea18b110cc55d89394be572bb14ae78ccc04ad9ecfdd042d43ce495b9c8,392
627,2026-02-16 05:35:19,42215236,0xa1c13ccaa017c15660cbbf0c1f7572de280c0325aacc49eacfbd09ea7f6497cd,855
627,2026-02-16 05:37:55,42215314,0xbaff986ca43c24704a150c4b97d2ad9b77d84c4fdc8993a71f0a763f363fc405,313
627,2026-02-16 05:38:11,42215322,0x4a00c20b8d7fef00d7cd91a3ec3da11a8f5d48f26d183704e5f6b1426010d297,724
627,2026-02-16 05:41:41,42215427,0x2e1480082432239de9da543ada3c0335f94416ab849ff7954eb3f4d3e024b1bf,1155
627,2026-02-16 05:42:41,42215457,0x54c040fd2f88926897083cf0226b7454183e513bcbeecb81aaeec6f577709ed2,935
628,2026-02-17 05:51:13,42258913,0xf17a6227f6652e3c00e629b9a81b35555c12d04596248903e18e73805ba79da7,479
629,2026-02-18 05:56:01,42302257,0xe04df69254e1f9fbb645b1f338c68fb233945ae20e31dd229e1a881265508a88,680
630,2026-02-19 06:00:21,42345587,0xed69615eaec90a1d4d5f866e98f136e91754e10a77c80867d1a635d4cc0a8935,894
630,2026-02-19 06:01:53,42345633,0x0fdc46f88e2c4c8696f4e178b9985dfb82a21e39f8358b3ecc8398ace5478eb6,682
630,2026-02-19 06:03:25,42345679,0x8ced3898dbcb16b2062dc88c0f026e380459b24723aeba5c4ea4174038ead125,364
630,2026-02-19 06:07:09,42345791,0xe3c395632b0caee21da6baf3af5e92ab6b221e6f7bcbb33be6356afae2565c76,773
630,2026-02-19 06:11:35,42345924,0x9ba61c37613545eb0abca8815928d7000e7b4447b369f64d5fad45871e7e9b47,686
631,2026-02-20 06:19:33,42389363,0x530df15e155caae7483d8a08a1c5fa3cbed0361f7ec32d1281b2ab19d78e1bb2,786
636,2026-02-25 06:34:49,42605821,0x697cf073c8e325d0667ecfdc2f668181f140d8528a0458a91d6b67a286991ea1,311
639,2026-02-28 06:52:01,42735937,0xd8091bc79fb2551aebdfaa8a727abb16742b25d9a020fd03887b821609202a72,119
639,2026-02-28 06:54:53,42736023,0xda9ce5ee99eca0c4fe49bfeb7b2199856b5cf22e09f5c24fe26ba6b708ebcef1,142
640,2026-03-01 06:56:15,42779264,0x3eecc5608802494a64e70498012ce371f201bb944b909ca6ec84b24bccb080d4,101
642,2026-03-03 07:33:01,42866767,0x20aee6f70580266e70bf4d96fa1d46e215f38894d7e33cc3aca0d57bdb9ebb4b,748
642,2026-03-03 07:33:45,42866789,0x2f691c1513372a1bdca9d9097d79589319b78185e2670db0f997398ae0d89eae,401
642,2026-03-03 07:35:51,42866852,0xeff9c3c8b1c5054e7b724f63a2508ea8e469d20095ea8f5bf1a71ad8d82c04dc,969
642,2026-03-03 07:36:11,42866862,0xbf7f96bd825bb05d79027ab055dc59f750e52ae8264907878b611244d19f057d,467
642,2026-03-03 07:37:41,42866907,0xf90e19d1b24250a819b0e33ac865b418b271e46adc1893b44a3d5604a26f12d9,622
642,2026-03-03 07:39:05,42866949,0x08e5f19ecd5f24c1578546401f32703701ae32d65b299827950a628067ad6527,832
645,2026-03-06 07:58:19,42997126,0xd5ac6efbd28a33b773fa0f72f2fb9ae6a686d01bf099e6aa197cc5d28b741762,495
645,2026-03-06 07:58:49,42997141,0x965c14848f9b762f10dc683a1d0ba6b673544d0e5d5860763aae12f2ab90214d,537
645,2026-03-06 08:00:11,42997182,0x71d48d8976a258d709b0ac56e27c6427a44e9bcc9c4c76d5031222607ec25f3d,609
646,2026-03-07 08:04:23,43040508,0x403f3922104f837972c80a3da4a8ef1a8071e97980e4d242af63ecefef38fe60,629
646,2026-03-07 08:05:19,43040536,0x338d8c236754450e73633901e215ee3b7270e051a9d1b99225a414bfb070517e,1221
647,2026-03-08 08:08:51,43083842,0x5eeb06eaa7702be8c8cd8be06fe94218989b671b10b74bae73278423df541d6e,338
647,2026-03-08 08:09:15,43083854,0x01a0af73ac167abb415edaea360e99ccbe0ed703502a9d45b8240887786175a9,427
647,2026-03-08 08:10:13,43083883,0xaa3f84d68c2dfbb37f29c8d3476a38fd006278144fd3d5160a2b7f59277e33ef,280
647,2026-03-08 08:11:31,43083922,0x065e0c1a618da31684ed99d3d4d390b79b1601d6059fe66efdeb63783bc1e4af,774
647,2026-03-08 08:13:13,43083973,0x537ed8859ee428fcfafdab18d459741eee846ac6408c163cffd7f9ef6d2dc5a7,742
647,2026-03-08 08:14:29,43084011,0xaaa2a941ee98a4a29fa48c640151352fdbe37d11bc7306e1eb81bb17d873a648,425
647,2026-03-08 08:16:01,43084057,0x6cfb5828602d390a225b3cb8b0a19fcfc278099a9bbbd09869f55b1516ba5702,456
648,2026-03-09 08:18:17,43127325,0x9536b1638cb6aa99884b6a924bab0c6f06e2f772efb756b0e75d8cbcad29b6ca,203
648,2026-03-09 08:18:49,43127341,0xa36c270a041bdf14e15655e133ba8f42ae210814280c8092bc8e709ca046c3a5,902
649,2026-03-10 08:20:43,43170598,0xc1762bb5ddc0ddf5b0264e9e243dfad0dbac071cdd818c6eab98169176542137,573
649,2026-03-10 08:21:31,43170622,0x1b20f13bc6f093d673378756a4657a1848ae3fed83e800191615091cd0904500,664
649,2026-03-10 08:22:41,43170657,0x5022f5828b96368ffae2c6c8c2b9c0b10fa8587b91b0b67073f45f284fd73fd0,264
649,2026-03-10 08:23:01,43170667,0x5267b921e7922480bc090e87f9c41a70edb8006abbc1130151d4b3dfe3b546c6,526
649,2026-03-10 08:23:45,43170689,0x860f93c6de05e04df068185d51a78626d47b056a8fcb84f1a36e28d52d24d65c,602
651,2026-03-12 08:31:51,43257332,0xb5d3b3294a013b9528c934529eb0ea4e1a3219db5839e8a4170ecde31eb40925,422
653,2026-03-14 09:33:29,43345581,0x9a62d1c605fe1580c2250639fab59547d5f0f0d073e6cc02e272ff3599b326bc,795
656,2026-03-17 13:44:49,43482721,0x24b6d81b319f4bd9119e2b9518c84a90e74780c96a2c3fe8e12f177196a9ee6c,282
658,2026-03-19 14:32:17,43570545,0xc2ee07653e2253ed32196308b930d05ccfcbbcd350ec44046052caf077b64a39,1018
658,2026-03-19 14:32:29,43570551,0x871dab49e119f51ba01f652dd49a5aaf48e9f7e2ad0191d6a3af77c95cf89409,870
658,2026-03-19 14:35:29,43570641,0x286619fc87b844bb022a9e59d1753c4f8655b66713b87666cabb8fbb105a376f,404
658,2026-03-19 14:35:45,43570649,0x7666707bd5fc166169a755c746f5eb54b94c2c22dc018f8eca339c23f2166dcd,203
658,2026-03-19 14:36:47,43570680,0x8bfe44caed3e7a783c6efbc597b53b1f0a14bce12d076e143a486ba378b36af2,576
658,2026-03-19 14:37:07,43570690,0xffea1c95b78c2841bf71653a5ba913495846a59f12eef5b65464313a8525d3fd,295
658,2026-03-19 14:37:51,43570712,0xdd52b1f20a07c6b16f290eed3f8a6b926d9cfdfe299ca9c38362d037edb2d1e6,503
658,2026-03-19 14:38:37,43570735,0x86ab3f4281d04ebd880630a5a00881e011e5c5427d0dd2ce19ad7b8202b61378,530
659,2026-03-20 14:39:43,43613968,0x138256c0f45166f2f1409c7d56a8097b7061b70565c0d810c293965593d3b95f,502
659,2026-03-20 14:40:11,43613982,0x44d50c459a6f488c5fe3bf679968604dbbe681c4f8e033532bc859939392418f,657
659,2026-03-20 14:40:53,43614003,0x9073239911a3c0acab9805e560d4e345b723c358e861bb799a46df0a0ccc9085,641
659,2026-03-20 14:42:01,43614037,0x19d62d3203afa12afc20ff79727c2152520a0f3ae745373398b9caf287085370,172
659,2026-03-20 14:44:23,43614108,0x4d5e26dce38cf2c7485bc404cb683f8069ca86ad0c4d66b4608bd06285676c53,127
659,2026-03-20 14:45:49,43614151,0xb646efc244b4165db079351bc3bc00dab8f101ab0d7700fb8c152084134b8819,1071
660,2026-03-21 14:48:41,43657437,0x8ff9e4017321120859bc5ea75976912fbbe2fd763b82e38eff880ce8505f57b5,834
660,2026-03-21 14:48:57,43657445,0x194f555f12651b9d569c772af00949455a0d52d918ef85c20868bba56816f999,207
660,2026-03-21 14:49:35,43657464,0xa01177d2b7ac6c4484dfda3900a59cb7a0a20b6a8dc62d52bc7c435e093515b8,248
660,2026-03-21 14:50:27,43657490,0x2ed0a9e82cc2795857f3a5001f1c8f26ceeaaa00432a1d797a16636d66fe1d36,529
660,2026-03-21 14:50:45,43657499,0xf07c826d2d752a27a3ab89b1905485d8472066b855f878c3e8ded504d18e73d0,783
660,2026-03-21 14:53:35,43657584,0x4ca1a9dddeeb7cef4e022566a5e653825354058a6d1325a7fd855b0985ba1629,231
660,2026-03-21 14:54:07,43657600,0x8aafa00555c97bf584c63e2851695a2f6aef0903040eee3c74f9f967a125decc,763
660,2026-03-21 14:56:21,43657667,0x342e67fc2434bd39ed41c62866d0fe99ae03992239039dd44ae7acd6163fd2be,870
660,2026-03-21 14:59:31,43657762,0xd7d303b6e3251a90374d17fda24ac526f8281fb451e6276f741693534d3394b8,573
660,2026-03-21 15:01:55,43657834,0x844727fca32cd9ac8574ad962c6b5575aa84fcd034a6555f353637623ca9ba5c,730
660,2026-03-21 15:06:11,43657962,0x219a5774f34e1ede925bd41880bb486a5295aacd77c90d6af6135dd4ea70e2d3,901
660,2026-03-21 15:09:51,43658072,0xdea0702008d6dd84ee600ab193700cb0f0774bc055771e19a7b1bc8a185935cb,350
661,2026-03-22 15:11:59,43701336,0xfaef176c13c2007823864969b6108db04bb87821e50c92e9af3e06433a4e2ba7,907
661,2026-03-22 15:16:25,43701469,0x4841e4a5d24ba8a881f5a888bc4ae9d5771b9906b7540a05336f33131e63ad99,355
661,2026-03-22 15:18:37,43701535,0x7424705ac30940fa6fd9abe77b90fb10cdae8d80c60e2e42d222e18c304886ba,389
661,2026-03-22 15:23:07,43701670,0xfa561c739abe8469493e593569c5c2ccaebe4c695d457ff6b7b011a16b08a2bc,676
662,2026-03-23 15:23:45,43744889,0x82ce219e7e78208f92683e824150fc6357f509407561fdc2acf73bf7ec796264,574
662,2026-03-23 15:27:25,43744999,0x2c45fa6f30a3fec0d8f0e881e319da5de46092343781d9b33f2217944badb4e3,524
662,2026-03-23 15:27:49,43745011,0x3941a93a2607b80393f600453e11da83956076e02ab398e5449bf1509b8fb60f,598
662,2026-03-23 15:28:47,43745040,0x7cdf3b509a56be738b12f89eafd19c374af5828d18cb001424586e4be16b6b5d,428
662,2026-03-23 15:29:57,43745075,0x073f8542d1c6254bb637cc5a726cb2477c2717883ded3d777497f16ce0ffdda5,243
662,2026-03-23 15:31:31,43745122,0x01e2eb3ea53400885f33ffabf89a989b860a172c1e21ada69ae1ce9e601c333c,570
662,2026-03-23 15:36:29,43745271,0x09a7f182a9ef25905c11ab10b60afeeed9ccccaadc64f79fc273bc7d5200e741,2244
663,2026-03-24 15:43:09,43788671,0x3e097e9f015d95c0a6176627bdf15b7e8ac16c41ceaccb51d1dd0a2cca3719bb,193
663,2026-03-24 15:45:31,43788742,0xcb1c504e4cf6cd02d24c4d5a5fbc5666923ebf18ecaf725153546d31f7e37a7b,656
664,2026-03-25 15:48:01,43832017,0x9c572077fb61c7bf5128f22af6aedb3249e1d90d1ca20c28b62d091c67712825,567
664,2026-03-25 15:50:37,43832095,0xcd6c1be2cfe3d2f68c0bff9afa8357e147e2ed70f0d6c370a10b886367417d60,814
664,2026-03-25 15:51:23,43832118,0x312499f44b70998e4f2832ee8c9fab563dcfc7ea0b152070988ea36d6995fab7,789
664,2026-03-25 15:55:05,43832229,0x62e0f8cbd212e13f0b7e376ea37bf02c170111081c36b932dfd1194ebe9e9769,1010
664,2026-03-25 15:55:57,43832255,0x8fde535a9159ea5124d3f18f4e8768b3abc4eb1a852d37f6c49a95d23764499c,486
664,2026-03-25 15:57:59,43832316,0x647885087b21b8a7c301aeb2d351e64374d42d9bd21e88146b4295d35aa67a19,1085
664,2026-03-25 16:02:23,43832448,0x006333a6ab6758f7736fed9e8c5de3061264668169b393d6e86da5a3a6e5670d,379
664,2026-03-25 16:03:07,43832470,0xf052017d63c95a50b5e8c100f9bbb38aa8d46cc3b2dc9a433757bdf6c871d6d2,603
665,2026-03-26 16:06:03,43875758,0xf04d423a055e3b38ba7fa96993a9ed891867515564e71e00b3200397cd29be8b,960
665,2026-03-26 16:06:23,43875768,0x1b3f51bdcaec388d818d9f7775d310e72167013304af0f8ca1488351d69f7f33,739
665,2026-03-26 16:09:33,43875863,0x14d34a29868e0f07b3ae72c3cc965aea1917e51bb8ed863977b2085b78961141,349
665,2026-03-26 16:09:55,43875874,0x5cebd96e2978ee632b32b24a39292130b867b32c8083da3b85edb55957b24662,804
665,2026-03-26 16:13:43,43875988,0x8deb627d59b79dc88e6593d31846f0832bd2b66a7f51e570887b81075c8f0642,586
665,2026-03-26 16:18:11,43876122,0x1454de22b9da3351d52ffff3ad310922c3ab2c7b06fb0f1757089e3c02702dd0,646
665,2026-03-26 16:18:43,43876138,0x45d903bd8cbbe3df28789ea199fc5fc7ab5d933af37bd8a575c3d4c081a50ea4,599
665,2026-03-26 16:22:35,43876254,0xc2f59591ad47c52ca85e359ddcd17668afc62f8b3cee2245d75e63c68f21b904,673
665,2026-03-26 16:26:07,43876360,0xed7aa4bb0620be6b38bc8814ea622ae36e08442d6c62d983d980a65aef3f3de5,543
665,2026-03-26 16:30:13,43876483,0xd674a791ce5495b7fd46d3d8920fd82ef4a8e719bab200cdce53e739b1c8edc8,406
666,2026-03-27 16:43:41,43920087,0x0e790e0c7b314da700b33eb4b524dce96f0f98a6cb89460d04ddba8ae386e219,423
666,2026-03-27 16:48:19,43920226,0x879724a275cd055547454a839730fab1ece3aefc841a50903f76e543798dadfb,644
668,2026-03-29 16:59:43,44006968,0x782b93b80f7574688ad8b6bc01728f252ef232d977a1b129a7df0a681553d600,698
669,2026-03-30 17:04:25,44050309,0xa6d049337df3510b8c6fe55b3f057d2db637fcbe2ed0943cae1180205d352da9,1513
669,2026-03-30 17:05:09,44050331,0xe1ea6ca45433ca0d6ecc1a4f39cf1e5707fabff5c5decdb793f35f50950c9fc1,240
671,2026-04-01 17:06:35,44136774,0x9922b6970d65ddcbf4590ee7d0a39bf247d0121e5933988508555e7adf19d90f,766
671,2026-04-01 17:07:55,44136814,0x66c2a4374abbb3e5182ccf49c367dec1d9e7d5c6a28a3f9dded1591f92e8a57c,619
671,2026-04-01 17:10:25,44136889,0xaa9b3b8176f53e0c649dbb4746035fab4b0a98431aed3572c4ec4052d84996c9,598
671,2026-04-01 17:12:39,44136956,0x9468fc2f8c7e9a7db1278700861af2ab916f418a4909b1cf95716879b54aa5cc,804
671,2026-04-01 17:14:13,44137003,0x9faebbc5771c0447dfb3e459be9a6bc46b49e2be69ebe9232def6422247c2e29,408
672,2026-04-02 17:19:01,44180347,0x02dbe12c7088e4a4bfeb06e27fc05ce2da59c4f4a93d5875f84e1cd6f6a432fc,355
672,2026-04-02 17:19:43,44180368,0x77e83fa302fce0db31247ea086b155179886527aac2688a98cac9b05ea0d5e4c,470
672,2026-04-02 17:23:55,44180494,0xc3d605ca8b95b4bf3a6f6408729192034398b6c1a4f8e6291dd5a3eb6efd55a2,600
672,2026-04-02 17:24:25,44180509,0xe6b0b108fed0835659b4694ae10ded442db3434343bf40399093933c75bf592b,1061
672,2026-04-02 17:25:05,44180529,0xbe0d8537f4591df599f535c2193a0bf1392cd8ff79c1240ba0fce8d8f837be2b,222
673,2026-04-03 17:25:25,44223739,0xd6bd61ab720714480f6d44f81a00af45464747474d945cf78eef60caf2621d45,822
673,2026-04-03 17:26:39,44223776,0x74f07f2f830e7092e5a55b3f77ebc4edf9319c889db25900b9f31171b6e19bfb,619
673,2026-04-03 17:28:29,44223831,0xb58b0f6252c9fa148f00d3608457ba749c39c9741b0ef4e3b5aa74bbed68ffd1,734
673,2026-04-03 17:30:07,44223880,0x567e7f9967d3aba70f5b8f6f16cd64aa06cae4471ea3e5218c83c7d5e97b2294,819
673,2026-04-03 17:31:27,44223920,0xb987f4983adbd8b6a99510069eaac910ef32cca9bcc5c107727073478f25b411,634
673,2026-04-03 17:32:33,44223953,0x529557469227eb424bdc6ad671d00f3b817969698478649cbd8c0f7ee79dc6c0,852
674,2026-04-04 17:35:53,44267253,0x99ceef6b901cdece7198bd2b94013bc70c38787e9a8cf3ea132a59e8baf30c03,737
676,2026-04-06 17:48:51,44354042,0xba82374a4a0b9e4aa86c9d17da054519637c168d8825d0801d9f8a1656c9d4b2,563
676,2026-04-06 17:51:41,44354127,0xbf150d9b2833f26a89b7fb2a6f2e9e2ff8cfd95c260f9238b12461bbd71f9890,713
676,2026-04-06 17:53:01,44354167,0x9053fbbbbe10b283c2cd30f135f2b2fff19056dd2df7f736ab72d047a456c71f,459
676,2026-04-06 17:54:25,44354209,0x491e6efd5932a38e18b94107c8ae3684e3c925a4a92d6c8fb92f9ace8f190486,659
677,2026-04-07 17:59:45,44397569,0x1f11e56b131a3f0cc80afa04adc7bb0cd2f0702cfe0acf00c2adc5d9b1a80e4c,448
677,2026-04-07 18:03:55,44397694,0x564b80403a630ec5e5bdcf2236b673a4e601f85db79706408ac0f553c660db2d,500
677,2026-04-07 18:08:05,44397819,0x47b205cf9ebe798435b59482e4ded79daaa71ca44a366d0506d8bdf8d01164d0,146
677,2026-04-07 18:12:25,44397949,0x1b3f48e74d02cbea132d3f816946b50bb79cd8ae28bbaaf04374f7f37811be68,825
678,2026-04-08 18:13:49,44441191,0xb3203ffaf7f142757c135b1860065e6c22e44fe7eb20d7a5c204b3d79f618004,169
678,2026-04-08 18:15:43,44441248,0x582f30ceb4596778e63677a2181d6233d073d549b803e42339b7f47f77499900,789
678,2026-04-08 18:18:33,44441333,0xf46023d4e0f3fd87da12d66b062aa40e8223a52a6ee5f625a9886e18b1bab6c1,598
680,2026-04-10 18:23:41,44527887,0x249528cebe45c0fabc4d93fbadbbae198a742775375369bf69bf7869dbf0ac4c,598
680,2026-04-10 18:27:45,44528009,0xff8e205549aa50d56d6062781401d435058f92cc93b988ec23144986aca5dfd1,1076
680,2026-04-10 18:28:11,44528022,0xd8f834dfb790a612829db179c36dcf7dab5a337d1634ab04c61155005141552b,498
680,2026-04-10 18:30:31,44528092,0xd29793f99c79555dea9905a874cc1f239bf1fc8e796d99d474dd05547c87d22a,215
683,2026-04-13 19:31:37,44659525,0x05f1183add9c0546db5ba4bcd8744aad61ac25393921c1da205579b53d1df99e,269
683,2026-04-13 19:32:25,44659549,0xc38cff74215c16f234eedec1617a0b6e3ce9c3568b2fb49b20a06e7ec0344c1e,334
683,2026-04-13 19:36:59,44659686,0xbdf330deb0188df87ccf2606c7fe61ac54d993c6bc1672f51035917165901fa4,519
683,2026-04-13 19:37:47,44659710,0xc4b3050e68df257d7beaf26f3a448a02701d13b6d8f9c9da5e100eb3a9e055d6,268
683,2026-04-13 19:41:23,44659818,0x9ef2689b07f80a770c41d06bca6ae681c73fe116fb2853e635dfeeb558417c3c,387
683,2026-04-13 19:44:05,44659899,0x21fe6f9683ec0e921f4f9b88c68e3ad52af2ec23d7a6aeebb308e38891444ea9,542
683,2026-04-13 19:45:13,44659933,0xcd9c7dbb70689b9293a333d1db4949f9f88f8f124a33da1b51b9a844cdcaa846,258
683,2026-04-13 19:47:03,44659988,0xf1e2eb794c014fa43f35854d52a26ebaf7953b1a9a96ddc1e12c5025365c0e53,205
683,2026-04-13 19:47:49,44660011,0x0dac09d9dbf7a40c7e5e384dcb5015148ae6c3a9333bbf44dcd403b89b691f56,172
683,2026-04-13 19:48:25,44660029,0xe0dc49f2d03703b5a54f967d2b10ea797c02a8fb41555c40e55a603b092b319b,773
685,2026-04-15 20:34:01,44747797,0x4691883276c26c0bcde9d8a91c31280aa4fdeb1340bcd901ea1030afa11bec74,193
687,2026-04-17 20:54:13,44834803,0x78d8a25d7a69d4b242cfdeef2561953dc7228a9f2d08857a87030be603495a27,258
687,2026-04-17 20:57:01,44834887,0xf0166fc67a429391ea4b08924916f279ec11d1e7da8a9194a8fb5d7c6a98db46,703
692,2026-04-22 21:16:05,45051459,0x21ad6320b26e043969c4be453238ad8c9f7e1acb798468f962c46eeb6e3a26a7,178
695,2026-04-25 21:28:49,45181441,0xd08eb6a37b04676e4c9f68a5924e0c98252d98b64e9f470202d0592d6914fd01,297
696,2026-04-26 21:33:45,45224789,0x0f6cd0b9fd9ed0962c98fc11eff4e5d15b8bdb925f8d168e9da9962ff9a3fcdf,233
698,2026-04-28 21:37:41,45311307,0x3244c015245c9442c477606c63bff71ed267fcdc2430ef3f90536add6f2bc54c,451
698,2026-04-28 21:38:57,45311345,0x4a78aaf939d038dfe378fc9a41447ba2dea1d94dd1e1519cbe7c8c162c5e65d8,223
699,2026-04-29 21:39:59,45354576,0x3893aecb331b1ea41aeb3c61af8453340c2808268afa455006a1fcdbc257b4f7,296
699,2026-04-29 21:40:59,45354606,0x62b75ddbbdbb0a3010b693a10a4456b61ecad08151d77123dd6f9dbb6c39705a,155
699,2026-04-29 21:44:53,45354723,0xa9bfbafd7fb4a3b4fe5ea70a896fee07bcb1f6c0f7481aff3e8dc23e19bb42e3,165
699,2026-04-29 21:49:37,45354865,0x3c9a562f64f7a300a469a452fc97d1ee976dc7fa80a3ba82d90ce035912c4653,13
699,2026-04-29 21:54:01,45354997,0x6c22852bb8a93232b9c9516905c789565d67426e75a72bccc0c636c11cf8d650,1002
700,2026-04-30 21:57:51,45398312,0x96cc9308e3ed7f72db722ce1fc0ec75e6ae03c4c41107167e2c46a783e24d6c4,107
700,2026-04-30 22:00:47,45398400,0x278ea6731ea1ac4f2a08b6a3259b0a18b5ce8c94a9356e885100c1e3ce7594f8,113
700,2026-04-30 22:04:03,45398498,0x6bed12f04425885216382d416297c8d6e1ef32eacc153c3ad3419129163aa060,386
701,2026-05-01 22:04:47,45441720,0x6a850b74daceff7ff752ac7aa80a701d184955158e66c4068d0cbed7638350a6,77
701,2026-05-01 22:05:13,45441733,0x3f868d111938e2ae5299bbee4316257f04e900869844a47ddd6b740012f78839,324
701,2026-05-01 22:10:07,45441880,0x5670f550a8e8dcaa9e295144e74f839c380d463f3e5544362fd1bba1d0ef4b19,93
701,2026-05-01 22:12:55,45441964,0xd21aa2b32c99d1df89adaffd53fa4cc4babedd0ea3e8b5d3a690211042bfca12,291
702,2026-05-02 22:13:21,45485177,0xc32e49fe0efc81bfe39dd70edfbb552a9ab11f5a1e22c26b7136cfefa9f2d1c5,47
702,2026-05-02 22:15:01,45485227,0x58d24f8138a722dc786076a1f39bde1ab3a5307ced900ff592221bedd9cc75c7,364
702,2026-05-02 22:16:09,45485261,0x41c836df9893fb617bd531590be249d9e6074d393f2c76f02e2c61729a7989c4,501
702,2026-05-02 22:20:13,45485383,0xb70b3c8b7eb45ab2062913b1dca5d5d9a2f1d7247bb865cdb8f89456528a3995,388
702,2026-05-02 22:20:43,45485398,0xe702d478d9bbaf523a5727e8ff0d2c56f0b5e357eaa074f1f65ac934043c39b2,263
702,2026-05-02 22:23:27,45485480,0x9a5a399d9e3e9772b4b77bca89637e64e776bf8a2dcf7d2c6eb32597c4e30e71,232
702,2026-05-02 22:24:01,45485497,0xa7eab32dbef3324e4566d6fa36e84d5fc7cd20d37767fc84e843689086647088,148
705,2026-05-05 22:33:49,45615391,0xd03dd7d0124e597cde64cfd4f2a0cefc27e6b9ab8780ceec7bc3e2ad4b453484,297
705,2026-05-05 22:35:31,45615442,0x3e1a49533027ccbddc0efda77b5ba0f7aeb81649a530e07749b4d1ba0cf6180f,514
707,2026-05-08 02:58:37,45709735,0x53f88c393f9a1c935fbdc67faf079ffd3661f2ede768c6fe15c4fd8ddfd34da2,179
709,2026-05-10 03:01:13,45796213,0x40de24827e35639daa10af6274820ad9570010ab428d1c1b33a4e865b9695959,74
709,2026-05-10 03:01:55,45796234,0x88b0988ec1a7171a59c64b59a083fa36af41ee6aa01538fe5e19a4e11dc7f82d,291
709,2026-05-10 03:02:39,45796256,0xb45fea1fad89c24a04bd6fad6573cf0333419c103074d1645bddd0ce5215995f,422
709,2026-05-10 03:06:41,45796377,0x3f3c47ae3027e049f13a23179732600a7cf874e77b40bd5b3c424714b856cd92,138
709,2026-05-10 03:10:01,45796477,0x56b73938ea3e94969ce031114513a50a8c9892bb931e0eb36db39574d7440a70,308
709,2026-05-10 03:10:27,45796490,0x905c63c7ff85b5943f343ad12acdca237ed15af3a175a5c88c716fd3a7ba4ddf,274
712,2026-05-13 03:14:57,45926225,0x6cba7acd7844ddf5a7aa86bb98c634ac3321284bc7766c5a60b313e00b5ba02c,105
712,2026-05-13 03:15:39,45926246,0xb06cc9aed62fc53c62f7911e593b87c6ded8ff025ea31f7b694dad64a811b84d,198
713,2026-05-14 03:16:15,45969464,0x2effeb5828166e58c5ca4ca981d9eb2492d1ef01aa278f203063d19d82570224,74
713,2026-05-14 03:19:31,45969562,0xb50da047de39b707d26369aec8147e205ac53140d85256491135246f331f2d63,89
713,2026-05-14 03:24:07,45969700,0x1106f15e33284586d4bd91009547098ad20b5cb1dc3016a793b84e332a42b24d,250
714,2026-05-15 03:26:45,46012979,0x012510f0bcadf4ea02cebbf453ecc770bbb591ff41396ae50407299ad9b5c3d6,410
714,2026-05-15 03:30:43,46013098,0x48688277c134344fe9e9c29a40d46d829c896aaca10f7fa35b4075a82456e1dd,181
714,2026-05-15 03:31:39,46013126,0xa1f33cf88b7613a4c999eddf07bdd444307b9220578eb5f82c7ca72ab99af84a,494
714,2026-05-15 03:34:29,46013211,0xd403fe51277ca74f3c2bd7135448fdb4af808c2a589b3bfa178729a33c5255e0,311
714,2026-05-15 03:35:55,46013254,0xb7f76362a3b4ebbc6378248dfce1f5b4e81ac0cffc0c30953c325e11db036589,138
714,2026-05-15 03:39:29,46013361,0xba10bb50975c9a96e858fc19db118c8c7fc7b245df3dc957e9076e3cb4eaa3bc,287
716,2026-05-17 03:55:17,46100235,0x6022f24cab161657743e2d2780935f48aee015a77ad65c8a94c5079f67c6cad6,299
722,2026-05-23 14:59:11,46379352,0x867d7a9fc0f953b4a2c703dec93552404145d648b6104f3b64edc77b3c4e1a57,123
722,2026-05-23 15:04:05,46379499,0x17ad37f297a890a03ca5ab377322e2d1f6d04fd8a109d6b9e6ade6638537dd75,1680
723,2026-05-24 15:14:15,46423004,0x5a637fc1e9876427dd1119e550bd398438c0054c3d28a3b09a4b22468a471b49,516
730,2026-06-01 19:16:05,46775859,0xfb210ca207028cfc79809d17cb1fd7611f8fee391454ba9b04cd10622da38001,372
731,2026-06-02 19:25:59,46819356,0x738a87af6d906d0f23711257f5a04c044fa7e1e8d279a75d91773203a44a7706,214
731,2026-06-02 19:28:01,46819417,0x32fe85a825f385aa05c326d2caed179963b05a87c29a7069aa1ddef257e99d0e,334
731,2026-06-02 19:29:25,46819459,0x6fed2ead69c563e37f1ba8021ec65fb480870c70a283620464a8a3aad5ec00a8,374
731,2026-06-02 19:30:31,46819492,0x6ada4861cadb491f29a57ef550bb4f7889eeb54a2689fdffbf1be7d797b38da9,90
731,2026-06-02 19:32:11,46819542,0x86abe0666227c98feff030de73cbf4ca6ed4590bc8d18ea3a03a3a828f27ed40,567
731,2026-06-02 19:33:01,46819567,0x2ff84565e9084797035c3713eaac5c9e196d4815536d47fe1abccfb794a5ee35,54
731,2026-06-02 19:34:19,46819606,0x7a59b49727c2451fbae2550f2904ed55a9d8c935c9eabf7e043048e8adddd00d,118
732,2026-06-03 19:40:43,46862998,0x2197f912989dfe6ba63a74d73e12e83040e5bac67215980bc7050410fef54e7d,438
736,2026-06-07 20:06:45,47036579,0x3566e8990148d787e80853426bcb40a0619b5f2508296039dcfacdff3e862567,261
736,2026-06-07 20:07:17,47036595,0x5b14503876ca7239a784f9087a4c02793806576d1bbe02897bf759217277e17f,462
737,2026-06-08 20:14:45,47080019,0x1554b33ab7a11775fba80370abb35263614d94e11937a8803ac44b36a0c0231b,449
741,2026-06-12 21:19:29,47254761,0xf39e89a27ed17abbe578224a4c171c21d6750da66a42c77d5a315f3c4465b285,614
741,2026-06-12 21:19:55,47254774,0x0c49612cb00831ea9c671ff85be822940156c4e3f9cfdbaad0ea2f789d677794,136
741,2026-06-12 21:21:25,47254819,0x4b51c6eb5749887a16937791ac5f5dca34ee4adc32590487a63568e242d5d679,378
741,2026-06-12 21:22:01,47254837,0x740b1f5658b757217bf7695aed67017c36964722bf0869ba7bc73a5f215c7bef,138
741,2026-06-12 21:25:53,47254953,0xe3dc3ed36fec552dadb336037fc6269d4167553160ef65fe03f992a6767f0086,412
741,2026-06-12 21:26:13,47254963,0x0b2b9acef7f753f072c5aeb61063cd0176ceccb6dbaf9390950443a304993ab3,257
741,2026-06-12 21:30:49,47255101,0x79a93395e7eb7301633352382d68bd56588abf5c74c7123181d2d29ac9b8474d,320
741,2026-06-12 21:31:07,47255110,0x0a6e861832379a52b1c4bb14785160b95073a9a38def6e032e0c79bfc123a25a,333
742,2026-06-13 21:31:29,47298321,0x1c638afff00dc7bf4c9259ba56ff9b3410320b5069800dd3d15f90fab58e98fc,369
742,2026-06-13 21:35:39,47298446,0xd1962fbb06aef5cc1664a86ae630211dca54b4b30a770ca2032c3fdc00395ddd,162
742,2026-06-13 21:36:47,47298480,0x8a3d995c3d2cf2b74afa0c3c5a4748d6dd561b29b000239271f106004747ff83,307
743,2026-06-14 21:40:47,47341800,0x6ca3f1f577a7c30e3a0e6120e90a38b6452e7c3822d5238ccb708a95940969dc,114
746,2026-06-17 23:31:07,47474710,0xac6875c75b2dcfcff72f114fb06cf960ca7e1a54aab9de65a729205570218930,125
748,2026-06-19 23:46:07,47561560,0x6a5e7c92fb1bed050c515b8e135eaa67cbe6231ffbe0f2cc05f264155600c14f,7
757,2026-06-29 00:21:29,47951421,0x66fd3200f8f2998d9ee3d771a8bb4f85ff374fd4de24a1857d15d2919591d120,534
758,2026-06-30 00:22:43,47994658,0xe2e2304ccbb6dcc075caa1ab693aea97b0b3730cfed25dc3d1c7b3b3d8148973,363
763,2026-07-05 02:19:39,48214166,0x785dd33d28df579bbb07212df418429949a836ccb55b065cb5b3d0310139c9db,309
764,2026-07-06 02:21:01,48257407,0xe9f06b6d80c4250478ee730e019f79a06d7757b2214fa7140aee8b0d8763bd5b,174
772,2026-07-14 08:06:53,48613383,0x88792dc50b461a8e5ec9ee0856ec2277c2606f650c51bb6fa115f48de5e6557c,308
777,2026-07-19 12:59:37,48838165,0xd1c5ae2401ee4c254f739c1afcb9388329a3f8149b0df179c478e45b697e402d,1
778,2026-07-20 13:06:17,48881565,0x6a0d522fbf15fc5338b780962a26080d30114a1d9d0097c7c477f77dd112b631,351
780,2026-07-22 16:55:51,48974852,0xc5f636612713a34642e8ed84c526abd14db4d8eac5fad6f2926efd73efe51baf,698
783,2026-07-25 22:57:11,49115292,0xe2b45d77cba9d353d5ed326c1da2528fdf8d4a25dffcfb5149a11d064066890c,21
789,2026-08-01 13:12:23,49400148,0x757b3096d26747c6e706c2a60d545d157e14c4ede65b764edcb0ad94c62ab4b2,198
799,2026-08-11 15:56:59,49837086,0x5717a95a54210e70f0243b7fc98e82f85bb846cff6f62d37351d4966f8f9c8b4,258
799,2026-08-11 16:00:23,49837188,0x5eaf0e5bd2badee803194b9256510e4efd01f70adc14fd73b93d70c3d8e902e9,48
