winner_wallet,winner_display,winner_url,farcaster_username,season6_wins_confirmed,season6_xp_confirmed,season6_raw_sup_earned_to_date,season6_raw_sup_projected_full,season6_capped_sup_projected_full,season6_cap_sup,season6_cap_remaining_sup,season6_cap_limited,season6_raw_usd_earned_to_date,season6_raw_usd_projected_full,season6_capped_usd_projected_full,first_s6_win_time_utc,latest_s6_win_time_utc,season6_wallet_note,season6_token_ids
0x4119cfa20129f9ea739590ea914cdfbc0c0772cb,@i-am-rael.eth,https://farcaster.xyz/i-am-rael.eth,i-am-rael.eth,4,400,14514.015633,28231.453004,12500,12500,0,true,126.24,245.56,108.72,2026-06-06T20:03:33Z,2026-06-19T23:46:43Z,wallet-level estimate; cap overflow redistribution not assumed,"735,742,747,748"
0x76d0e7a13248945ee9f808b4a472262b28778942,@0xael.eth,https://farcaster.xyz/0xael.eth,0xael.eth,4,400,1121.800352,14839.237723,12500,12500,0,true,9.76,129.07,108.72,2026-07-07T02:32:27Z,2026-07-11T06:03:31Z,wallet-level estimate; cap overflow redistribution not assumed,"765,767,768,769"
0xd1ab146981d50adcfe18433500e852af396ea7b1,@pare,https://farcaster.xyz/pare,pare,3,300,9946.553788,20234.631817,12500,12500,0,true,86.52,176,108.72,2026-06-04T19:59:03Z,2026-07-02T01:56:55Z,wallet-level estimate; cap overflow redistribution not assumed,"733,756,760"
0xa2648350f3566e4f18a9519734928d08d3ea08c4,@badadan,https://farcaster.xyz/badadan,badadan,3,300,7553.480391,17841.55842,12500,12500,0,true,65.7,155.19,108.72,2026-06-12T21:31:21Z,2026-07-04T02:16:27Z,wallet-level estimate; cap overflow redistribution not assumed,"741,744,762"
0x71ce5605ab649d97446ef179bc2983b18ddc9a48,@cryptomill,https://farcaster.xyz/cryptomill,cryptomill,3,300,5558.797375,15846.875403,12500,12500,0,true,48.35,137.84,108.72,2026-06-14T23:26:39Z,2026-07-08T04:45:43Z,wallet-level estimate; cap overflow redistribution not assumed,"743,751,766"
0x7732f594c38d4940e1076aa9f6f53065b7915953,@bitcoinvestor,https://farcaster.xyz/bitcoinvestor,bitcoinvestor,3,300,5269.244275,15557.322303,12500,12500,0,true,45.83,135.32,108.72,2026-06-17T23:41:57Z,2026-07-06T02:22:31Z,wallet-level estimate; cap overflow redistribution not assumed,"746,750,764"
0x23d660548cd61432537592dcea15b059605c9242,@kenshiking.eth,https://farcaster.xyz/kenshiking.eth,kenshiking.eth,2,200,9080.265215,15938.983901,12500,12500,0,true,78.98,138.64,108.72,2026-06-09T20:37:53Z,2026-06-10T21:15:59Z,wallet-level estimate; cap overflow redistribution not assumed,"738,739"
0x412b7153504217b405af821bdcdc5f21c71e3cbc,@shalexvivek,https://farcaster.xyz/shalexvivek,shalexvivek,1,100,11917.038535,15346.397877,12500,12500,0,true,103.65,133.48,108.72,2026-06-02T19:37:21Z,2026-06-02T19:37:21Z,wallet-level estimate; cap overflow redistribution not assumed,731
0xdbb811ec62338db94858ec21ef1d56b658111922,@floam,https://farcaster.xyz/floam,floam,1,100,9146.493266,12575.852609,12500,12500,0,true,79.56,109.38,108.72,2026-06-03T19:41:49Z,2026-06-03T19:41:49Z,wallet-level estimate; cap overflow redistribution not assumed,732
0x833c829b5123c7af0b810a03084d5d3f0529d323,@metasalary,https://farcaster.xyz/metasalary,metasalary,2,200,4397.820376,11256.539062,11256.539062,12500,1243.460938,false,38.25,97.91,97.91,2026-06-16T23:27:35Z,2026-06-25T23:57:17Z,wallet-level estimate; cap overflow redistribution not assumed,"745,754"
0x3516006709b775e01b48dfb5fad355a4e793e347,@staraptor.eth,https://farcaster.xyz/staraptor.eth,staraptor.eth,1,100,6825.611233,10254.970575,10254.970575,12500,2245.029425,false,59.37,89.2,89.2,2026-06-05T20:03:17Z,2026-06-05T20:03:17Z,wallet-level estimate; cap overflow redistribution not assumed,734
0xca0edb47a8c9ef04dc2368946f46fb3d7c1a3202,@skunkape,https://farcaster.xyz/skunkape,skunkape,2,200,2771.924734,9630.64342,9630.64342,12500,2869.35658,false,24.11,83.77,83.77,2026-06-23T23:56:45Z,2026-07-01T00:25:21Z,wallet-level estimate; cap overflow redistribution not assumed,"752,759"
0xd29c790466675153a50df7860b9efdb689a21cde,@thec1,https://farcaster.xyz/thec1,thec1,1,100,5579.959145,9009.318487,9009.318487,12500,3490.681513,false,48.53,78.36,78.36,2026-06-07T20:10:25Z,2026-06-07T20:10:25Z,wallet-level estimate; cap overflow redistribution not assumed,736
0x16219b2c3a11c5833ace1a8b9ddf64c48ddbe3f7,0x1621…e3f7,https://basescan.org/address/0x16219b2c3a11c5833ace1a8b9ddf64c48ddbe3f7,,2,200,1719.918994,8578.63768,8578.63768,12500,3921.36232,false,14.96,74.62,74.62,2026-06-30T00:23:19Z,2026-07-05T02:20:03Z,wallet-level estimate; cap overflow redistribution not assumed,"758,763"
0xa9b0ff77f30d9876378a94155d2153caa68e03e3,0xa9b0…03e3,https://basescan.org/address/0xa9b0ff77f30d9876378a94155d2153caa68e03e3,,1,100,5118.148321,8547.507664,8547.507664,12500,3952.492336,false,44.52,74.35,74.35,2026-06-08T20:15:03Z,2026-06-08T20:15:03Z,wallet-level estimate; cap overflow redistribution not assumed,737
0x46e9beef5dc68dff095eca56dadf90247f1af7ef,@stemo.eth,https://farcaster.xyz/stemo.eth,stemo.eth,1,100,4055.955747,7485.31509,7485.31509,12500,5014.68491,false,35.28,65.11,65.11,2026-06-11T21:16:27Z,2026-06-11T21:16:27Z,wallet-level estimate; cap overflow redistribution not assumed,740
0xea89fa73f8e6283c37a72267290bc7829464893f,@zenonseeker,https://farcaster.xyz/zenonseeker,zenonseeker,1,100,2192.182013,5621.541355,5621.541355,12500,6878.458645,false,19.07,48.9,48.9,2026-06-20T23:46:57Z,2026-06-20T23:46:57Z,wallet-level estimate; cap overflow redistribution not assumed,749
0x50eac8369154231a7ca59a73ccaf1131e7904d4b,@melinoe,https://farcaster.xyz/melinoe,melinoe,1,100,1650.676751,5080.036094,5080.036094,12500,7419.963906,false,14.36,44.19,44.19,2026-06-24T23:57:01Z,2026-06-24T23:57:01Z,wallet-level estimate; cap overflow redistribution not assumed,753
0x75a5e92a54336141f7a4d3e87eebf57e0cf4239d,@oddlyaugmented.eth,https://farcaster.xyz/oddlyaugmented.eth,oddlyaugmented.eth,1,100,1414.63896,4843.998302,4843.998302,12500,7656.001698,false,12.3,42.13,42.13,2026-06-27T00:07:53Z,2026-06-27T00:07:53Z,wallet-level estimate; cap overflow redistribution not assumed,755
0x9f080983c678c6639f9a4de8f1feace2b2a1a54c,@biang-kerok.eth,https://farcaster.xyz/biang-kerok.eth,biang-kerok.eth,1,100,1196.832894,4626.192237,4626.192237,12500,7873.807763,false,10.41,40.24,40.24,2026-06-29T00:22:15Z,2026-06-29T00:22:15Z,wallet-level estimate; cap overflow redistribution not assumed,757
0x182a4e4759e9f841682dc7d89b5cccd6ccb6a82d,@aliyaindah,https://farcaster.xyz/aliyaindah,aliyaindah,1,100,801.450186,4230.809529,4230.809529,12500,8269.190471,false,6.97,36.8,36.8,2026-07-03T02:10:29Z,2026-07-03T02:10:29Z,wallet-level estimate; cap overflow redistribution not assumed,761
0xffe16898fc0af80ee9bcf29d2b54a0f20f9498ad,@vaibhavmule,https://farcaster.xyz/vaibhavmule,vaibhavmule,1,100,74.613366,3503.972709,3503.972709,12500,8996.027291,false,0.65,30.48,30.48,2026-07-12T06:05:59Z,2026-07-12T06:05:59Z,wallet-level estimate; cap overflow redistribution not assumed,770
