token_id,start_time,end_time,block_number,transaction_hash,log_index,block_time_utc
590,1767918871,1768005271,40564762,0x875be581184c855641547daf148a091a709a3001740ee0ac26ea85a55a5a4400,2108,2026-01-09T00:34:31Z
591,1768005811,1768092211,40608232,0x077dd8302e353010633eb5c10283eb766f5ae45f5a75ae8ba5ba8c5611a6650b,635,2026-01-10T00:43:31Z
592,1768093601,1768180001,40652127,0x1bda55b7096a2b03ba5f7d05c2b581ef5556581eba33ad307715d45e8eea3f1f,1414,2026-01-11T01:06:41Z
593,1768180097,1768266497,40695375,0xedb60c22a757fc316d8b511fe71827b12c6f5531b9a9288e4be7b62fe060a35c,763,2026-01-12T01:08:17Z
594,1768266519,1768352919,40738586,0x22dd741f6a4cd7442adef4edd317596fa1f9a48d2a42229e28f50167148f11e7,592,2026-01-13T01:08:39Z
595,1768352931,1768439331,40781792,0x6ee1e80cc606e534e6fa9d9092a01cb94290b84559ba3a6469b2c212681feef7,972,2026-01-14T01:08:51Z
596,1768439677,1768526077,40825165,0xae903ebf76404904f3f2b09817305f74054fe338d36411e3b5eab58d9c24ddb6,899,2026-01-15T01:14:37Z
597,1768526771,1768613171,40868712,0x9779001e2fa95e2bfbf995c58c6d1001fa7b4761f11a5b4cfcf53b8342b66f6a,114,2026-01-16T01:26:11Z
598,1768613217,1768699617,40911935,0x9994b6ad734104e3035f3c199fdc1b4759503e211f584383f01ff18859313390,789,2026-01-17T01:26:57Z
599,1768699619,1768786019,40955136,0xcd0a6897e54e25237722bdd3ca22d21f23cbf95539240344349e1615e2104d5c,815,2026-01-18T01:26:59Z
600,1768786117,1768872517,40998385,0x34c6b56279a313cbc81d9decc27842db66eee25c7036d608893ce0bced4faa8d,785,2026-01-19T01:28:37Z
601,1768872725,1768959125,41041689,0x325c8ddef5ae74fb2009c17813bd43b05d5662dfba75a1a5e2ea0dd52c4d33b5,1073,2026-01-20T01:32:05Z
602,1768960055,1769046455,41085354,0xa5c0d2145366c6329d5310c39498350bd72d3ddfcb2dd53f4b3da7d56d6f943f,720,2026-01-21T01:47:35Z
603,1769046727,1769133127,41128690,0xc134a46ad7bceaabd381287b09e9a3270063dfdf57548536fa6d856fbbb93ed3,584,2026-01-22T01:52:07Z
604,1769133145,1769219545,41171899,0xd8f31d36afcf368d72f4a0f7b358b36b5856d7d96999c5c7fb73ff1a915ae617,416,2026-01-23T01:52:25Z
605,1769219567,1769305967,41215110,0x06fea1251127e9639e5d571f7a1bda02c6643b6b76fb209a9ab153df3e353e73,671,2026-01-24T01:52:47Z
606,1769306675,1769393075,41258664,0xe3067188f714e719d34fb1bd29f35f34736e0ce1999ffb6d95cdbd1b37403748,731,2026-01-25T02:04:35Z
607,1769393491,1769479891,41302072,0xdd43a530bfa766343a1c141a1c793831988f442a4951a84aa2d65fe7bfe3efb4,1614,2026-01-26T02:11:31Z
608,1769480773,1769567173,41345713,0x29af2677e80c5b66fb2c72b73f20aafb5cbc579f5bb53026fc73ec33b57732d4,418,2026-01-27T02:26:13Z
609,1769567777,1769654177,41389215,0xa60ad4856076d9cd643664bb826ff17a0aab905259dc1b883598aa84d47a2f93,528,2026-01-28T02:36:17Z
610,1769654517,1769740917,41432585,0x64a681b5d8a5439659975f6eb8f11799b00f7999b8b82c5f99c946d428c9b634,203,2026-01-29T02:41:57Z
611,1769741513,1769827913,41476083,0xf762e9730f2ad9ca2fd09a516b9021fada207d1c3fb6430bc99ddaa95c052064,659,2026-01-30T02:51:53Z
612,1769828413,1769914813,41519533,0x6f5bb4a229936084ad5b57e1137e0f392c67d8d0003e99029108339593ab1ace,331,2026-01-31T03:00:13Z
613,1769914863,1770001263,41562758,0xc669800e09f1707831348b0648853315b719972124c3ec6c9f008bba9c823e05,555,2026-02-01T03:01:03Z
614,1770001579,1770087979,41606116,0x8ff9c219f286e110c59df5cf77a3e1541d700fbca9b8c6db8b94f89c7daf7a3a,568,2026-02-02T03:06:19Z
615,1770088919,1770175319,41649786,0xed2d0a4f2d6ae608038f0616403c05b2ce19a082b4955b8edefb897e8aa9896d,821,2026-02-03T03:21:59Z
616,1770177641,1770264041,41694147,0xacb23b1ef567461d9e95200e012dd52b6f69d960343e46aac605c8c8cc063c65,1981,2026-02-04T04:00:41Z
617,1770264103,1770350503,41737378,0x48cd560591ef180f8c164024b782b04fd6bc4774e2bedac2e2168f061155126d,731,2026-02-05T04:01:43Z
618,1770350543,1770436943,41780598,0x3665fd1ced39bac6f81847c9f0a2ab85c9f0afeb26d53486e02a862d1e28af61,692,2026-02-06T04:02:23Z
619,1770437431,1770523831,41824042,0xf2221316d3b0545fad3480cec5e096f37a1fedc08a9e80b08b506a2b7308c860,1024,2026-02-07T04:10:31Z
620,1770524203,1770610603,41867428,0xa448139dd7b3e690ceb658eab50cecd469bc17492413c31402123e69434a0904,563,2026-02-08T04:16:43Z
621,1770610615,1770697015,41910634,0xaa96ebfb4b2e2ffb481e51a7ab22395e2374f895993f4231b0c0d312949cd865,618,2026-02-09T04:16:55Z
622,1770697561,1770783961,41954107,0x4d15d96913daaab1ec32829b4bc8a95fbd44746dd397e57fd80f5119d31c80ea,217,2026-02-10T04:26:01Z
623,1770784817,1770871217,41997735,0x4bd68c48ee25b8028ce6c7d7d2ca93be992e081427e3d21f978f991b76eedbce,839,2026-02-11T04:40:17Z
624,1770872019,1770958419,42041336,0x579ff1dc2617f3a8344ab486c420aa6cb1aa65f877f48d59816565faee62eb76,868,2026-02-12T04:53:39Z
625,1770959233,1771045633,42084943,0x08722c191337681fe017e9cccb055231a6656f0e473062bc95bea83270909e04,1321,2026-02-13T05:07:13Z
626,1771046247,1771132647,42128450,0xe395b1eb9afa2b9cf5cb62054d13b77c65ce2f827f21313653457c5ae299b140,902,2026-02-14T05:17:27Z
627,1771133499,1771219899,42172076,0x86d1b150711bc4610eb20bf7a6acff83fe2cda5561b8b59c8325f646e6b457e1,1294,2026-02-15T05:31:39Z
628,1771220825,1771307225,42215739,0xc95b4d0a2e0e969614762d333094ebdfac2b677ad5d68ffdf8170bd794068a72,926,2026-02-16T05:47:05Z
629,1771307537,1771393937,42259095,0x2d62171c4d5ebbc70cad3ec656e9de3b433d0261e1229a1a29a8528c17266a38,648,2026-02-17T05:52:17Z
630,1771394213,1771480613,42302433,0xe606629719c886495dbb95b0f2993cfca09a4ae4db6954e05d9e12e6955ce9e4,602,2026-02-18T05:56:53Z
631,1771481705,1771568105,42346179,0x6e67157ba2ec9678423fba58a4a4e3e169710d26de1267d03abab9bb38dc5025,590,2026-02-19T06:15:05Z
632,1771568489,1771654889,42389571,0x28ca4cbd01944f1e5cf494926d898def36477fc2f26c9c76160fc0b76afb2832,360,2026-02-20T06:21:29Z
633,1771655213,1771741613,42432933,0x61c5ac667fdf9958d41e9b5e82cbed9aa9dd3bb846219d1b030651f0b8f0437b,998,2026-02-21T06:26:53Z
634,1771741717,1771828117,42476185,0xb07039137e3d71050c3fbef915d0646e3cda14bdabb7de2adf86142a85e3e529,381,2026-02-22T06:28:37Z
635,1771828177,1771914577,42519415,0x3e731e292ebeb6be2322ff4e1d80ad6f9c646e66b596a79c96104bb2eefaee91,284,2026-02-23T06:29:37Z
636,1771914603,1772001003,42562628,0xc107ca5fa97c6e6f33b398e4bf5a94815393403bb3b4fec068b9e192b8ca890a,634,2026-02-24T06:30:03Z
637,1772001685,1772088085,42606169,0xc958aad5e80cac3f07e45c115c67adf6bc2be8eb5ed8ca1b0d99a684826c9c33,534,2026-02-25T06:41:25Z
638,1772088405,1772174805,42649529,0x47225c1442d007cf6e959c33cc2a4b9537508f10586f3d65546b9bc158af3a25,626,2026-02-26T06:46:45Z
639,1772174903,1772261303,42692778,0xdbd5a5133acdf90f930b48ce1f5c6d57d737f1974d43d38436aa0617d226ade7,440,2026-02-27T06:48:23Z
640,1772261755,1772348155,42736204,0x2f0b4dac1b201f9caf30f0f1618f44ab4143c18ee3d62ca619e2300b317522c4,658,2026-02-28T06:55:55Z
641,1772348353,1772434753,42779503,0x744be070f74b589f7239ccc117baf6368209314ed546a47d00e18a8cd5c3d873,627,2026-03-01T06:59:13Z
642,1772436601,1772523001,42823627,0x6518c51c831f8ae06b5841c13627516cfd3422452994ecfee954bddb4eed9b6e,886,2026-03-02T07:30:01Z
643,1772523743,1772610143,42867198,0x0cda7a5577643ce286fec661e3ac09af3bad4721427431b54b5fbd71ddbd8d16,307,2026-03-03T07:42:23Z
644,1772610757,1772697157,42910705,0x98ac03e19e015a5d58848994b1bfc2d9a0efbf2a030ae5620187f5447fbd24e8,707,2026-03-04T07:52:37Z
645,1772697403,1772783803,42954028,0xd80d4f8c31b800ca25a9f16bbefbc583dbff527cc4d47432555cd62592b34554,797,2026-03-05T07:56:43Z
646,1772784027,1772870427,42997340,0x79ccf924c106907b21afd71aa45495a51beb96b7da7b09ca2f94429135b55117,953,2026-03-06T08:00:27Z
647,1772870731,1772957131,43040692,0x67d9fcd08e312c367d1f3b22c97500ddb1a02b671f291ccb47a750f92ebfbe04,965,2026-03-07T08:05:31Z
648,1772957771,1773044171,43084212,0xaf1c2aa8bc9b7eb7d917cf923790e1963c2b85dcddad6a720ebe3615b76533ee,830,2026-03-08T08:16:11Z
649,1773044359,1773130759,43127506,0xfe9b367d7fd5f2109c95d126408af2c8135469f5e399215fa84a0da302c343c1,614,2026-03-09T08:19:19Z
650,1773131123,1773217523,43170888,0xa4ea24adf6bd6a53510ea7445d9557db3c4cc8c16af45f71e1bab84ff6d6e823,455,2026-03-10T08:25:23Z
651,1773217677,1773304077,43214165,0xb10e1c930e13020625583d420b85dc31fcb92a87666d5ab601e15af304ad1e6f,577,2026-03-11T08:27:57Z
652,1773306097,1773392497,43258375,0x970d1dcc155c650767147ad00a0e94c0d34baf90d2713c4ea223c16d27790b8d,120,2026-03-12T09:01:37Z
653,1773394207,1773480607,43302430,0x6bfa161e8f59bedd874f27e611b1e6552e2b0d049961410d15d95e031fff9205,1139,2026-03-13T09:30:07Z
654,1773494559,1773580959,43352606,0x3fa6a05c09ea415f7606574b81786bb7cad7f0a314ae1d528180f9e497c0a95b,973,2026-03-14T13:22:39Z
655,1773582021,1773668421,43396337,0xa752e820fbcf6768af149440e5d5e89e28f3372d4325e345ecc29f8bfc3cefcd,422,2026-03-15T13:40:21Z
656,1773668437,1773754837,43439545,0x5164717a195822754cef96202156ad988a32c58c640fcb1ccb1d3c6e955f8dce,258,2026-03-16T13:40:37Z
657,1773757827,1773844227,43484240,0x0371db7306759898199507380627f0111968e18b95fb801d478acc0496580dd0,945,2026-03-17T14:30:27Z
658,1773844245,1773930645,43527449,0x8e1fa54b62e6ff566fe80e76b43970bfaf3502514bd991e18198c07a60c7a4a0,1744,2026-03-18T14:30:45Z
659,1773931129,1774017529,43570891,0x4b9e96283b89e2444ed4e7850a52bb235800c672ada22f58a8ce44f787f742cd,212,2026-03-19T14:38:49Z
660,1774017961,1774104361,43614307,0x098d9afeffed2a29a09f1e8b2801b1a4fbe5a552cb55aa5ea93bd05ec5993c22,671,2026-03-20T14:46:01Z
661,1774105827,1774192227,43658240,0x4a22213fbfeddb72fcdcf2ff895832a9416dec9cf580e2d2ba50a2d2be4426d3,284,2026-03-21T15:10:27Z
662,1774193003,1774279403,43701828,0xf3950982275da81bc9837fc00580e9128884769266cf018b58941a6bd9100a98,745,2026-03-22T15:23:23Z
663,1774280319,1774366719,43745486,0x47f030af3c3659ac62ed97ed883a4efece0c6c96b850aa472f304842fc482e52,407,2026-03-23T15:38:39Z
664,1774367153,1774453553,43788903,0x3c8c5dee4707b9005b4b3c04f7f19a4b65f64727bf21943c73f322489e3be41f,424,2026-03-24T15:45:53Z
665,1774454601,1774541001,43832627,0x7a8943e88ae94b4aedd8d48b1204e78b178f965de5c812d84a14260a91d47350,581,2026-03-25T16:03:21Z
666,1774543407,1774629807,43877030,0xc24f2ab61eb5b6e9b7e06e88d49959c910cb712d0f0d1abdd5740c8c9e3e995f,239,2026-03-26T16:43:27Z
667,1774630125,1774716525,43920389,0xb722838af9349940b31a52c458b79ba6a0748f5a56753a4f72fb4730972fc8d4,696,2026-03-27T16:48:45Z
668,1774716939,1774803339,43963796,0x8da47851b222b930846989b188f4ee8894fb0985292cef1295f9eaf85ea2500a,715,2026-03-28T16:55:39Z
669,1774803751,1774890151,44007202,0x0e83e187c8963582324a510d59668bd3b629705972680ad823107e4811be27ab,803,2026-03-29T17:02:31Z
670,1774890335,1774976735,44050494,0x0c4f42c88c390615b6b764d55ed78cf55f5991e8af2928febeefaf2c2129c1a0,369,2026-03-30T17:05:35Z
671,1774976747,1775063147,44093700,0x1a48be448adc549d8ad039c61549df80c7aa437f4533e17af2f5147f26c57f45,405,2026-03-31T17:05:47Z
672,1775063685,1775150085,44137169,0x4ef2eeb681d1bcc3e0ab3f2e1d66621bce2d06a4bfe268548af24a1cf7743f2d,622,2026-04-01T17:14:45Z
673,1775150723,1775237123,44180688,0xb02c441bd33b0b3b25e4bcfbd23755a8d62f751eba0928b2561167abeaf0a345,741,2026-04-02T17:25:23Z
674,1775237569,1775323969,44224111,0x9790f43075ae04a3710790c6a088a8ed4f262c14ddd14a24bbe90fb72bec0968,782,2026-04-03T17:32:49Z
675,1775324285,1775410685,44267469,0x3a7f224cb830f070f06c19ddd2fc80e4661cdd7a16dc0cd66e660122ec407ac6,721,2026-04-04T17:38:05Z
676,1775411283,1775497683,44310968,0x206e9182e305750cf2646d99a6bdfd117ca5124760b0e722f25fdfac4f2c2602,759,2026-04-05T17:48:03Z
677,1775498297,1775584697,44354475,0xeea63316bc1f5653e33fcad5a41c2d3bc0501b2fd4ac3e00443e2fc05bfa5164,556,2026-04-06T17:58:17Z
678,1775585565,1775671965,44398109,0x2ed33ef5a3b1fa1a9c83ea896f7523984f586b1bbd1c1da44b19a8ba8ddb5644,991,2026-04-07T18:12:45Z
679,1775672329,1775758729,44441491,0x58af0895de47e30e852342264188a66ddda922c3710cedc64071c93939ce6fa9,335,2026-04-08T18:18:49Z
680,1775758829,1775845229,44484741,0xa84dc9788bf2a59c5d5a7de30b376e806bdc9066dd111a661bd32d45b1a8c3ab,275,2026-04-09T18:20:29Z
681,1775845881,1775932281,44528267,0xe26300d6ddb9edcf9b88ecfef32f4528ff232e05e61ed9e5497cfb32ac520226,698,2026-04-10T18:31:21Z
682,1775932305,1776018705,44571479,0xb294e26df9003b173ea526b5f8a1fc9eba27de24b56256250258c4eebb8ba608,564,2026-04-11T18:31:45Z
683,1776022181,1776108581,44616417,0x9026888695a3f7580be9098668e9a15074cb8fde21f1979955aeac31805f8aa2,609,2026-04-12T19:29:41Z
684,1776109727,1776196127,44660190,0x23428a409c5403dc8ac558571d97a4edec71e44afdfdee8150090cc884778a73,448,2026-04-13T19:48:47Z
685,1776198563,1776284963,44704608,0x65c46a3ac644b4a5ea467233570313906375e07a466529d0b5c6246794191527,356,2026-04-14T20:29:23Z
686,1776285259,1776371659,44747956,0x44cb3d3e9e448836e1ad645ebf5a4904090a57c9d85248bd5110f7522fd107e1,113,2026-04-15T20:34:19Z
687,1776372605,1776459005,44791629,0x89f9c2b70d8bab48e8a485d02a91f176cd55d849e62c746676bcd9565504c7b8,518,2026-04-16T20:50:05Z
688,1776459435,1776545835,44835044,0x5e1a4ac5fb080ef4ab7ee914dc14b367344db9fa2cbd5ab663ae01337ed29865,234,2026-04-17T20:57:15Z
689,1776545849,1776632249,44878251,0x8f9fa9d4df53aaed0e9c51a8c8d684970dfae0ee11bb9eb41812d1ddbab99ab5,283,2026-04-18T20:57:29Z
690,1776632259,1776718659,44921456,0x7885961e48b4af70b01fc46cdad31afafa9b3f0ebe8fa3e7bd8bee1005f44fe0,244,2026-04-19T20:57:39Z
691,1776718673,1776805073,44964663,0xa35d7bb44dd2f6ee9b8e3eed1a2cae5e0f874f27149e208de8c1fe5c93b24de1,460,2026-04-20T20:57:53Z
692,1776805955,1776892355,45008304,0x27f8defacfefa4c153d4a58801a7deb02bdb9ae1258cbd1e82f28c3c9301975b,232,2026-04-21T21:12:35Z
693,1776892577,1776978977,45051615,0xc75b534c180f6b865913845d2781927915550252d30bf1542ed3426bca0531c8,448,2026-04-22T21:16:17Z
694,1776979073,1777065473,45094863,0x3f59db9b231b7b953114fe28a6897dc5a7f95ba3c26938c12019b83b9558176b,127,2026-04-23T21:17:53Z
695,1777065903,1777152303,45138278,0x5d8b790f91cb7549b75e110941f8c1ebffcf349b88a73bc8bad5857a0c7f55bf,316,2026-04-24T21:25:03Z
696,1777152541,1777238941,45181597,0x6069b5518ed83b759e71a01ae282ee88004b87ba27020ba6ac68b367bbdf2d40,1095,2026-04-25T21:29:01Z
697,1777239241,1777325641,45224947,0x336a93c0317990ca9c234e81e86e5c98e3fc043c69838f8b6ead0df7107d0509,210,2026-04-26T21:34:01Z
698,1777325657,1777412057,45268155,0x1bf99e1c9fee3abb19c83bd12bb7c2ea2ac398ed81749239f75dfb410d5c58cb,287,2026-04-27T21:34:17Z
699,1777412397,1777498797,45311525,0x37ec09dda56b77b119e82289ba3ece931b95677d0ece7099cf3c3b4ef2217acb,379,2026-04-28T21:39:57Z
700,1777499663,1777586063,45355158,0xcc5516a3968ec3a1197aa6aabe5652626078ea38a83c2dab40fa3d962e03d77b,146,2026-04-29T21:54:23Z
701,1777586661,1777673061,45398657,0x56079d3c7b12faa1b68f31934f6129b9a4d0e9ce7facef18ca35946b7d29f467,137,2026-04-30T22:04:21Z
702,1777673591,1777759991,45442122,0xf6cb06c6828ae89f992113f98ef4f1da3e29ac15d014c3080fe366935e24744f,143,2026-05-01T22:13:11Z
703,1777760653,1777847053,45485653,0x74276d032ef740c74187f00ba5afc17492f6cf79bc048f18eef69c4f8dedb40b,363,2026-05-02T22:24:13Z
704,1777847527,1777933927,45529090,0x581eef048d77317186446342d285033b86aed31249dab94c9dcf881b807a4a46,492,2026-05-03T22:32:07Z
705,1777933953,1778020353,45572303,0xd636b6e8420b7614437af465a74d48b83deff76da29cf05f729b447192a9defe,143,2026-05-04T22:32:33Z
706,1778020557,1778106957,45615605,0x42aadc77b04786b46aecc25a1ec2454944e5f58e53693d643cbe31ab1c4a3971,150,2026-05-05T22:35:57Z
707,1778122429,1778208829,45666541,0x17183e1f5b1bc223a36cd7c49bf2ad98bd150ed9f0f3ce8e6b7714c34b462504,686,2026-05-07T02:53:49Z
708,1778209245,1778295645,45709949,0x4f993befa02edf6b162e16c8e854f3264ae5ce2d29a8bbac63fa71dd34304206,261,2026-05-08T03:00:45Z
709,1778295669,1778382069,45753161,0x609ad0852601c9176503eb49b45a4b473fe126be2dd5fcdd8a36892d50ddef39,287,2026-05-09T03:01:09Z
710,1778382709,1778469109,45796681,0x40909440b3b04e35dc90fdec05959d1c8b98683b9c168f02c04cef887d0cb4d9,853,2026-05-10T03:11:49Z
711,1778469163,1778555563,45839908,0x948f1c73103f0af14e50dc3f68050f20b3dcae2f383cdf259d22553b3cbfda2c,499,2026-05-11T03:12:43Z
712,1778555583,1778641983,45883118,0xb795a62203ccc169e59931a1c0a3a23b88a607046413d8d06d69d013494ca4b4,356,2026-05-12T03:13:03Z
713,1778642161,1778728561,45926407,0x67b9ab34a91f77fdf079362f5ef0eed2a5503b1ff24a2085d206bfc0c35be8e4,566,2026-05-13T03:16:01Z
714,1778729075,1778815475,45969864,0xe28e75e1994b7d1c090def0c0b74619b252c76b89dec36adfafd851e96f65e45,268,2026-05-14T03:24:35Z
715,1778816965,1778903365,46013809,0xb0dc5a20f656b654b21e5edb81dd96fc88d450bf52ca297dfaac3c87d1e232bc,595,2026-05-15T03:49:25Z
716,1778903549,1778989949,46057101,0x61dc277510787cc95eeadbc246ff5eb3707494de38cc8d0aeb5a39e74df1edad,433,2026-05-16T03:52:29Z
717,1778990149,1779076549,46100401,0x0f04f9cbb78bb9dc433c029ba06a701db3e63d7db661ef7f098743ff0cae59ad,396,2026-05-17T03:55:49Z
718,1779076615,1779163015,46143634,0x08d1de16badbcae190e13c02c64818c5ebbed8d8c0477f2e25884c2d5163c76e,403,2026-05-18T03:56:55Z
719,1779202487,1779288887,46206570,0xf72b90f7c188775bce13f7b9c577d3d9aae5869e16f76e9d771ea65f62f5c0d4,329,2026-05-19T14:54:47Z
720,1779288915,1779375315,46249784,0x178445d9bdc61a9f8170da647829ffb162fb8c817c571cadf218eb4fdc702f23,1162,2026-05-20T14:55:15Z
721,1779375509,1779461909,46293081,0x52383a8afa8fe46f0d5f52d73ad97a4af00f1f069ea7779227c346cb0cca4d2f,748,2026-05-21T14:58:29Z
722,1779461931,1779548331,46336292,0x6dec5c839b0277a38605e72be08b741a15e6755bf7d34adf9eb44d98b53a15e6,209,2026-05-22T14:58:51Z
723,1779549041,1779635441,46379847,0xb1fa0f5c9dc01718f6f75e9180396e64071dc39d305b2d70e741c1f2d4ed7b2e,784,2026-05-23T15:10:41Z
724,1779636629,1779723029,46423641,0xa371adf04d31bc48732abe5be9f184ac72d723838956d3bf72d7724e1856d8ee,850,2026-05-24T15:30:29Z
725,1779811439,1779897839,46511046,0xfedcbff43d8e3938621ee44bcf968e39d8ee22389e309e268bdb9c9a26bfe293,284,2026-05-26T16:03:59Z
726,1779898225,1779984625,46554439,0x7968d69d6ca67f11b3d8f57235e5b3fad4a2bd309a20026d6019e814d1768d5f,419,2026-05-27T16:10:25Z
727,1779993415,1780079815,46602034,0xf9541014ebee8c7c90b9ba3bc511c9e80f167d3b0a90abc747b58ac2a07f5ee7,167,2026-05-28T18:36:55Z
