token_id,end_time,block_number,transaction_hash,log_index,block_time_utc
590,1768005487,40607920,0xe1e08a04a95c2c587bdbe046a715764d45f005eb66302227bf869412983300a8,265,2026-01-10T00:33:07Z
590,1768005499,40607926,0x1abeb87f6ed9bc81d3df14d0a920a572fc7552bf1399700814d3b645ca1db6bd,32,2026-01-10T00:33:19Z
590,1768005789,40608071,0x1bfd3e67e9bdbd5438f7028740d75c3013ef8ffa23db6ef3d99f780ac39c1728,1207,2026-01-10T00:38:09Z
590,1768005799,40608076,0xe3f96d4636c478d26772e195cbb29fd302856c1b54e6b14fcf4e9375f678f8fa,184,2026-01-10T00:38:19Z
591,1768092455,40651404,0x9826ab5e682478537c6e877c5b221806a59d80b12e7d29950d60fcc8266465fe,656,2026-01-11T00:42:35Z
591,1768092595,40651474,0x74d9c143d37aa7c479d383df7b55cc918c8c8064a54c8e3eede41932790bc231,845,2026-01-11T00:44:55Z
591,1768092771,40651562,0x268489677a60f522a1f1ca2557a834fb0ef8738cab489232b8367dbf2e8f0942,531,2026-01-11T00:47:51Z
591,1768092891,40651622,0x51950fd9caf0ef083ef6d8cd7daed4442414286505111e89e183d612efb3e518,466,2026-01-11T00:49:51Z
591,1768093073,40651713,0xf10869619c1b6a4d834b6fe312d94ca603c74c083619c814ea00e45946345120,612,2026-01-11T00:52:53Z
591,1768093309,40651831,0x52d92350082d1fcc79bb706ebb48eacd552c6f843311cdd87434ede4953cceb0,621,2026-01-11T00:56:49Z
591,1768093585,40651969,0x420d35d685fb60c04c1d5557f4576e2da55909be81691cd553a6f4282d2fde21,921,2026-01-11T01:01:25Z
592,1768180029,40695191,0xaa120542f24c5c850bba1978926cfb1e851ddf995d6d8721a699d44de1513d9a,1160,2026-01-12T01:02:09Z
592,1768180089,40695221,0x7f59af52bc309f10755f3e3589079504d2e80fa097c41f7e21f8859fe2384a70,1157,2026-01-12T01:03:09Z
595,1768439613,40824983,0x9d0a89571d1a52cf8c4fb8e8a5219cefdc7749b58bf24ded5cecd36c203e2919,1050,2026-01-15T01:08:33Z
595,1768439653,40825003,0x4bf65c0045c682cae9d2f2c53af535e45fb110a8c3f23bcadc6e0501cd3448d7,940,2026-01-15T01:09:13Z
596,1768526371,40868362,0xdf55944b193e1617f401a9b001bff0e3dba25d6b79d417af6d0d586557bcdfaf,1408,2026-01-16T01:14:31Z
596,1768526401,40868377,0xa027c7cec6c5742cebaecd980130b94fea41771ad24b8a2d2203d4c4f66f8fb6,982,2026-01-16T01:15:01Z
596,1768526679,40868516,0xc788d714d5e02d4bb03c92cf3e3deca4d9f1f6c48697b8c5e7ca94db7c0cff7f,840,2026-01-16T01:19:39Z
600,1768872633,41041493,0xca4aafcc2e28ec4373ee33a9ba696eab794d189a36f3c2e83b410e13631dd04e,724,2026-01-20T01:25:33Z
600,1768872711,41041532,0xa1225bb58bf79e3d84d259f98c90e7625cc82bf583495b0da99f02eb3e8dbfb3,354,2026-01-20T01:26:51Z
601,1768959353,41084853,0xa87de4e8215a6556a5a3d75e0ea95bbfabd47a4a1e89c0d50a61ee892f216895,708,2026-01-21T01:30:53Z
601,1768959381,41084867,0x274b787be1e02982822e4fc40d68061d5ff339cd07c52ec67e06ff0ac86ca507,662,2026-01-21T01:31:21Z
601,1768959413,41084883,0x5386a6a281ecadbb0531e59873c05166f274d96794995c9c2d14ffca7448cda4,457,2026-01-21T01:31:53Z
601,1768959435,41084894,0x0f71efbc27b065cd539cff1c963c3fe339efd2d7ecb76a34b48a1e988aeb241e,546,2026-01-21T01:32:15Z
601,1768959529,41084941,0x9fbff547d258c221b99e19aa9eb423c4d3ce8fad4148050d6558d29f6ff5c762,810,2026-01-21T01:33:49Z
601,1768959651,41085002,0x3e09a8de3987eef930829a4e0ed2b06a4f8f295c24f0fc19757680655efa9c59,825,2026-01-21T01:35:51Z
601,1768959901,41085127,0x50684fd0377908e6ee47dc4e78d260fb638929e75d349a4a49713f1d80e32e71,874,2026-01-21T01:40:01Z
605,1769306029,41258191,0x9f0acc6e8b8ceac81703457f5d91606d32913fff0808acd5785c13914c1f449e,1210,2026-01-25T01:48:49Z
605,1769306077,41258215,0xd791db6619870b62041f268eabcf1b304bb8d469df3c62260836072964da1c20,662,2026-01-25T01:49:37Z
605,1769306151,41258252,0xbaee92aee864ed108c1fb957512d078f78fb6e1badc5104e4865a3d5f76fb23a,794,2026-01-25T01:50:51Z
605,1769306201,41258277,0x2f63a3e4dd6c6fdf51a100e9a5b81da2f4bc17062a21d9dd4e29839a7cab85cc,950,2026-01-25T01:51:41Z
605,1769306413,41258383,0xc5aefac3a7466a7c37c0006542fc36c93ce687a4d4042c3a7c6aabc0ecce454f,569,2026-01-25T01:55:13Z
605,1769306663,41258508,0xbdf51dba8abb8ede029ba3287b75d0f10831b4062fa16b100e76b0d2b3aecd33,772,2026-01-25T01:59:23Z
607,1769479899,41345126,0x31a89329df5bb9de30b2193c36094fa4eacd82495c634ff69b9364633971e17c,321,2026-01-27T02:06:39Z
607,1769479995,41345174,0xf60785521ff8c6811d01fe82b322da671c82bfabb2d7b1c870a1c53a0474e84a,930,2026-01-27T02:08:15Z
607,1769480053,41345203,0xbd761ffcd8f77802d4ef952b77f729b2caf844c3e67faf666e90a3df3d03df84,366,2026-01-27T02:09:13Z
607,1769480117,41345235,0x3b409797881a2d88ee5cf1083016e57db844b96648d46e0260e67cf5744480d4,946,2026-01-27T02:10:17Z
607,1769480187,41345270,0x924cea12262750d466fa7fd4dcaf0c87a5384afc738ec270cc7b4ae3acc565ae,1246,2026-01-27T02:11:27Z
607,1769480209,41345281,0x48ec61361086efd2c723bb5d2a952f1aa712cb4adf98f6cc15e7d479926a73aa,331,2026-01-27T02:11:49Z
607,1769480239,41345296,0x2a26e3d8310f6a36650cb8a355b330829ed63161cd8ba9a3c0188989d5f7beff,923,2026-01-27T02:12:19Z
607,1769480359,41345356,0x25bfadc9fb3ad985d560c1663559d415b99745920fe910eb6e6e1c06ff99e453,397,2026-01-27T02:14:19Z
607,1769480485,41345419,0x306c9ee6658307517d192f6c80a33d079f5012d79a6d6ed5b01bb0608fea040b,65,2026-01-27T02:16:25Z
607,1769480541,41345447,0x79519dc81c4c867663b8fa439b92d6152d81e74f162f41b81dc7c16ad2fc0825,579,2026-01-27T02:17:21Z
607,1769480649,41345501,0x78613f2d5a5236358f96e3f2ce842fbe5991aa906b74c8a75a54ebd531efc7de,624,2026-01-27T02:19:09Z
607,1769480753,41345553,0xd3d056ea6b8c04589356456de99ec3035b930aa0a9ca663df6fdf8ed7949f0b8,1155,2026-01-27T02:20:53Z
608,1769567449,41388901,0xf674f718110d2ac280010fcb7f86283b2e44a132ceb6b5255a12ad0343c4f19b,263,2026-01-28T02:25:49Z
610,1769740947,41475650,0x10a00fbe58a4bad4c7c4f55c96bef863cc98939e5892a42657221bab57edb0ba,265,2026-01-30T02:37:27Z
613,1770001265,41605809,0xf5c9d80004db3a7c37c391e4994fd72f585bb364c30f0680d8fef4b53586f591,831,2026-02-02T02:56:05Z
613,1770001321,41605837,0x13beee17c81f1cd81565f3be6c9ecad18749e2ff9c25df3fa5f8ab21d85563e5,163,2026-02-02T02:57:01Z
613,1770001357,41605855,0xc63615887a8dab2ea4981607b15ff59e75c5318803efe100206aac75a1610e3e,881,2026-02-02T02:57:37Z
613,1770001457,41605905,0xbd7d7187df8bd0d7537c8aa6686c5886aba3d3156a7c42be807e0246333e3bc6,291,2026-02-02T02:59:17Z
613,1770001491,41605922,0x293cf8956ca9a3c276d1bd219b84ffb7831c40d73acdf51f89b39769539ac073,242,2026-02-02T02:59:51Z
613,1770001531,41605942,0x2feb3e17bd06b9e2b5939d6363b071b52862410e3163120acc6c6c541e324e69,1187,2026-02-02T03:00:31Z
613,1770001567,41605960,0x1a48641b7c716745257b1bc6c32f55f3e18146b859b72dc370399ba1246c68a5,270,2026-02-02T03:01:07Z
614,1770088257,41649305,0x2c6ae98948d12ec58dbfdcdcc7fdfb8bb2c1d38f5972f6a0f2b6ea28e39a6e15,593,2026-02-03T03:05:57Z
614,1770088465,41649409,0x14edd48ff966c9ebc9e0ab7aa71aac1f48b8b80ec13865571f7a3892b2df1972,1123,2026-02-03T03:09:25Z
614,1770088737,41649545,0x2a3603a3fa7790d88177a96e64c76007b69e4d30b73440c5f2c5e43793e01ce5,200,2026-02-03T03:13:57Z
614,1770088907,41649630,0x75d7f924b1f697c91ee0215d646177b9a89617d12530e73babd7d0480e90a3a4,884,2026-02-03T03:16:47Z
615,1770175559,41692956,0x393311a919eb2c9df14978bf9865278bcc585b06be6f9fe71a285c425573a2d8,642,2026-02-04T03:20:59Z
615,1770175579,41692966,0x91fe7ac5abcf178e1326e5d111a6ed80e3a824cf8d553774cbaf5ee5ad80d4eb,924,2026-02-04T03:21:19Z
615,1770175663,41693008,0x403b75c26baf9a68cde624a12ca4d27ff3c93a01542466227cbf59d67eaa871f,995,2026-02-04T03:22:43Z
615,1770175755,41693054,0x635de17371536e44eb1452bf12a4444511b36c91ee704f2b316a353a04e5a19d,955,2026-02-04T03:24:15Z
615,1770176009,41693181,0xcb9ad62b12dd8d9b733a09cefe9f29e8acebe261bae1b3b09417e9f1f154d956,468,2026-02-04T03:28:29Z
615,1770176045,41693199,0x9abe10948694451295b253ca9dc4b9606aeeaa73b293a8c60bf3fd1eb627b1b2,358,2026-02-04T03:29:05Z
615,1770176239,41693296,0x49f58c701b30a1becb723550d72b48c1de4b5ed595e19dd1057b6443a35c3603,685,2026-02-04T03:32:19Z
615,1770176347,41693350,0x9e67898cd541408197a1b2659aa5f434b615a33733a685512ed7e5b5d91d39e7,1004,2026-02-04T03:34:07Z
615,1770176601,41693477,0x4dc9beedfbee07b63f0619856de7f4b84c5b34c6ab55f481dbdb71654d9496c1,1511,2026-02-04T03:38:21Z
615,1770176741,41693547,0x2ca481625c3d8a904ece43033e5d33049235b1ac88416dbeb3108ec23278033a,329,2026-02-04T03:40:41Z
615,1770176999,41693676,0x9c8fc915a79abc1a1d9748f03dd395981ab150bfaf7861891639285de310b46a,1581,2026-02-04T03:44:59Z
615,1770177117,41693735,0x9337df188283b0ca82ecb5910ce00d8085af7480d60bed3e7e85b0c0bdfd48f0,441,2026-02-04T03:46:57Z
615,1770177359,41693856,0x2559e26600b0fafa48cde3e57f642dd385d549f7bad8ab180037cb67518528d9,676,2026-02-04T03:50:59Z
615,1770177563,41693958,0x823152a4f6db0f79cf255b6c5a56699c7ab43ac1283fc8a46f586a4f879a554d,630,2026-02-04T03:54:23Z
619,1770523909,41867131,0xa9fb26cb363893bbe561c4007aa02796dc86f7cf5816e6a052a787347a262c6d,881,2026-02-08T04:06:49Z
619,1770523971,41867162,0xfd2333e6c0c7149b16eb8471064099714b5bb15139f32365c0f3b802ef1288dd,781,2026-02-08T04:07:51Z
619,1770524101,41867227,0x32fced309151f903fa376eab4454a62b0d16430feceb18088da1c788b45113ee,530,2026-02-08T04:10:01Z
619,1770524129,41867241,0x172c035cccf87bb50fae674b29786df967379136ff696536196c53b45a1793f0,482,2026-02-08T04:10:29Z
619,1770524187,41867270,0x4fafb8ee473026397c13a0bb7cd7088a850de2af4d28e12bb06b97f975a17793,230,2026-02-08T04:11:27Z
621,1770697281,41953817,0x90791de40bbfbdcf7a1d94e93a818b4ca97a617aab3eea6470201fae4e218bfc,263,2026-02-10T04:16:21Z
621,1770697545,41953949,0xe152b0146e58906ee3530e8c3ff76360bf03ad77e57aa25f85a62a7480183487,440,2026-02-10T04:20:45Z
622,1770784101,41997227,0x440faa015e49e69636975966374082c4beaee4d7ae8c8c55ef3face333004702,1576,2026-02-11T04:23:21Z
622,1770784271,41997312,0xa2d59a22ac299b1fa18a57360db108ccc4e09b05ab3beeb9dacca58bf401660f,334,2026-02-11T04:26:11Z
622,1770784305,41997329,0xf722d2da1a35275154608b353bc9a1dda96a9854d6f39bcb8d54c6f6165e79de,908,2026-02-11T04:26:45Z
622,1770784425,41997389,0xd82c4b0a7dc389046fc6e05f50fa2994bf748dd0a39b893b766016e02299185b,464,2026-02-11T04:28:45Z
622,1770784713,41997533,0xfdb94bef3ea472cb47a45de0e84f4b777d99e00a00d5dbb2f2f536968c67c00d,536,2026-02-11T04:33:33Z
623,1770871461,42040907,0x2f75f61a84718af1e411121ba81149ba6e39df63e66fa592ae074cd791ade752,580,2026-02-12T04:39:21Z
623,1770871493,42040923,0x4c9b507648e5f1b9da973fea3cba73651a4432ce77b6f33b0c936f173c4e76c2,267,2026-02-12T04:39:53Z
623,1770871705,42041029,0xe334b354a7e59cd5a1e00c44d23f4bea938fc65d962849c3136e1851c6ba41f2,865,2026-02-12T04:43:25Z
623,1770871717,42041035,0x726bfdcd96998e6bfb7a3416ed907ac58855016d6375610ed70c3b3c3127c602,1167,2026-02-12T04:43:37Z
623,1770871983,42041168,0xe146e43bb17abb60b97d488b2aecbdfc39a00c0e8c652377b532a6c303a74f0a,476,2026-02-12T04:48:03Z
623,1770872007,42041180,0xcdbf69488d54939ea8a102a70eff387609802299b12f7005b88491656ccec34c,246,2026-02-12T04:48:27Z
624,1770958661,42084507,0x881c8a1bc6a3acb12d62c717e3a167795a70fc446d3f74f0e04538f57afc6a15,383,2026-02-13T04:52:41Z
624,1770958683,42084518,0xa5079258aa47f8440685c634d699de91225a220ada60d806a45cc52c23bd6623,570,2026-02-13T04:53:03Z
624,1770958901,42084627,0xa6e32a1051b5878bddb5aa2dcfd73950dd3083af3470f11e6da3180e0b9c0bda,574,2026-02-13T04:56:41Z
624,1770958949,42084651,0x0c53127f1d5a63f12abd0cfccd3b30393eda710d377776dea356729b6b5516c3,565,2026-02-13T04:57:29Z
624,1770959209,42084781,0x745c8b35fa4522f3e22edc899eb78abeaed60d814661ab735c080fc272589630,1061,2026-02-13T05:01:49Z
624,1770959221,42084787,0x69315b06fccf6f95d0888bb5ba3021e7f10c41beabb13059cd0111b55388f920,642,2026-02-13T05:02:01Z
625,1771045777,42128065,0x604375f30322981429d810a746e1796cedbfc7ccb7dc8e789c2b4f9931c338e5,477,2026-02-14T05:04:37Z
625,1771045853,42128103,0x56c9d4b5ae140cb0034938c1af5e0db9812a8209093cb22882729410b469d878,401,2026-02-14T05:05:53Z
625,1771045879,42128116,0x1f35d2501245a86b6d88578c1d01cdce9f34f5514f4b6685d6b437b63ec111ad,674,2026-02-14T05:06:19Z
625,1771045939,42128146,0x458236d761a213e7537eafeedaad7186b406054273b52801faf517eb00e72721,1086,2026-02-14T05:07:19Z
625,1771045979,42128166,0xce747302385910f48c95ef6bc3fd878445962f40517779cf67db270adec9bc54,451,2026-02-14T05:07:59Z
625,1771046235,42128294,0x993aab55c4c9f6d27f2840ed0167777675c3afc2805ed9cbf133d23b635b0153,709,2026-02-14T05:12:15Z
626,1771132879,42171616,0x9dbc12a67041c2e4cb6a128809358903c4f30fc51336705e3226b6ebf84b2cb6,1028,2026-02-15T05:16:19Z
626,1771132903,42171628,0x1e2699a46700a48f272fd6a02c2546d7e073263be770d6bcf40dbde509f2415c,382,2026-02-15T05:16:43Z
626,1771133141,42171747,0x906d68bd0804e637c904e28101287d797bb3753461b5c5f2c7c62fa6eb2305ed,859,2026-02-15T05:20:41Z
627,1771220097,42215225,0x9a4fbea18b110cc55d89394be572bb14ae78ccc04ad9ecfdd042d43ce495b9c8,392,2026-02-16T05:29:57Z
627,1771220119,42215236,0xa1c13ccaa017c15660cbbf0c1f7572de280c0325aacc49eacfbd09ea7f6497cd,855,2026-02-16T05:30:19Z
627,1771220275,42215314,0xbaff986ca43c24704a150c4b97d2ad9b77d84c4fdc8993a71f0a763f363fc405,313,2026-02-16T05:32:55Z
627,1771220291,42215322,0x4a00c20b8d7fef00d7cd91a3ec3da11a8f5d48f26d183704e5f6b1426010d297,724,2026-02-16T05:33:11Z
627,1771220501,42215427,0x2e1480082432239de9da543ada3c0335f94416ab849ff7954eb3f4d3e024b1bf,1155,2026-02-16T05:36:41Z
627,1771220561,42215457,0x54c040fd2f88926897083cf0226b7454183e513bcbeecb81aaeec6f577709ed2,935,2026-02-16T05:37:41Z
628,1771307473,42258913,0xf17a6227f6652e3c00e629b9a81b35555c12d04596248903e18e73805ba79da7,479,2026-02-17T05:46:13Z
629,1771394161,42302257,0xe04df69254e1f9fbb645b1f338c68fb233945ae20e31dd229e1a881265508a88,680,2026-02-18T05:51:01Z
630,1771480821,42345587,0xed69615eaec90a1d4d5f866e98f136e91754e10a77c80867d1a635d4cc0a8935,894,2026-02-19T05:55:21Z
630,1771480913,42345633,0x0fdc46f88e2c4c8696f4e178b9985dfb82a21e39f8358b3ecc8398ace5478eb6,682,2026-02-19T05:56:53Z
630,1771481005,42345679,0x8ced3898dbcb16b2062dc88c0f026e380459b24723aeba5c4ea4174038ead125,364,2026-02-19T05:58:25Z
630,1771481229,42345791,0xe3c395632b0caee21da6baf3af5e92ab6b221e6f7bcbb33be6356afae2565c76,773,2026-02-19T06:02:09Z
630,1771481495,42345924,0x9ba61c37613545eb0abca8815928d7000e7b4447b369f64d5fad45871e7e9b47,686,2026-02-19T06:06:35Z
631,1771568373,42389363,0x530df15e155caae7483d8a08a1c5fa3cbed0361f7ec32d1281b2ab19d78e1bb2,786,2026-02-20T06:14:33Z
636,1772001289,42605821,0x697cf073c8e325d0667ecfdc2f668181f140d8528a0458a91d6b67a286991ea1,311,2026-02-25T06:29:49Z
639,1772261521,42735937,0xd8091bc79fb2551aebdfaa8a727abb16742b25d9a020fd03887b821609202a72,119,2026-02-28T06:47:01Z
639,1772261693,42736023,0xda9ce5ee99eca0c4fe49bfeb7b2199856b5cf22e09f5c24fe26ba6b708ebcef1,142,2026-02-28T06:49:53Z
640,1772348175,42779264,0x3eecc5608802494a64e70498012ce371f201bb944b909ca6ec84b24bccb080d4,101,2026-03-01T06:51:15Z
642,1772523181,42866767,0x20aee6f70580266e70bf4d96fa1d46e215f38894d7e33cc3aca0d57bdb9ebb4b,748,2026-03-03T07:28:01Z
642,1772523225,42866789,0x2f691c1513372a1bdca9d9097d79589319b78185e2670db0f997398ae0d89eae,401,2026-03-03T07:28:45Z
642,1772523351,42866852,0xeff9c3c8b1c5054e7b724f63a2508ea8e469d20095ea8f5bf1a71ad8d82c04dc,969,2026-03-03T07:30:51Z
642,1772523371,42866862,0xbf7f96bd825bb05d79027ab055dc59f750e52ae8264907878b611244d19f057d,467,2026-03-03T07:31:11Z
642,1772523461,42866907,0xf90e19d1b24250a819b0e33ac865b418b271e46adc1893b44a3d5604a26f12d9,622,2026-03-03T07:32:41Z
642,1772523545,42866949,0x08e5f19ecd5f24c1578546401f32703701ae32d65b299827950a628067ad6527,832,2026-03-03T07:34:05Z
645,1772783899,42997126,0xd5ac6efbd28a33b773fa0f72f2fb9ae6a686d01bf099e6aa197cc5d28b741762,495,2026-03-06T07:53:19Z
645,1772783929,42997141,0x965c14848f9b762f10dc683a1d0ba6b673544d0e5d5860763aae12f2ab90214d,537,2026-03-06T07:53:49Z
645,1772784011,42997182,0x71d48d8976a258d709b0ac56e27c6427a44e9bcc9c4c76d5031222607ec25f3d,609,2026-03-06T07:55:11Z
646,1772870663,43040508,0x403f3922104f837972c80a3da4a8ef1a8071e97980e4d242af63ecefef38fe60,629,2026-03-07T07:59:23Z
646,1772870719,43040536,0x338d8c236754450e73633901e215ee3b7270e051a9d1b99225a414bfb070517e,1221,2026-03-07T08:00:19Z
647,1772957331,43083842,0x5eeb06eaa7702be8c8cd8be06fe94218989b671b10b74bae73278423df541d6e,338,2026-03-08T08:03:51Z
647,1772957355,43083854,0x01a0af73ac167abb415edaea360e99ccbe0ed703502a9d45b8240887786175a9,427,2026-03-08T08:04:15Z
647,1772957413,43083883,0xaa3f84d68c2dfbb37f29c8d3476a38fd006278144fd3d5160a2b7f59277e33ef,280,2026-03-08T08:05:13Z
647,1772957491,43083922,0x065e0c1a618da31684ed99d3d4d390b79b1601d6059fe66efdeb63783bc1e4af,774,2026-03-08T08:06:31Z
647,1772957593,43083973,0x537ed8859ee428fcfafdab18d459741eee846ac6408c163cffd7f9ef6d2dc5a7,742,2026-03-08T08:08:13Z
647,1772957669,43084011,0xaaa2a941ee98a4a29fa48c640151352fdbe37d11bc7306e1eb81bb17d873a648,425,2026-03-08T08:09:29Z
647,1772957761,43084057,0x6cfb5828602d390a225b3cb8b0a19fcfc278099a9bbbd09869f55b1516ba5702,456,2026-03-08T08:11:01Z
648,1773044297,43127325,0x9536b1638cb6aa99884b6a924bab0c6f06e2f772efb756b0e75d8cbcad29b6ca,203,2026-03-09T08:13:17Z
648,1773044329,43127341,0xa36c270a041bdf14e15655e133ba8f42ae210814280c8092bc8e709ca046c3a5,902,2026-03-09T08:13:49Z
649,1773130843,43170598,0xc1762bb5ddc0ddf5b0264e9e243dfad0dbac071cdd818c6eab98169176542137,573,2026-03-10T08:15:43Z
649,1773130891,43170622,0x1b20f13bc6f093d673378756a4657a1848ae3fed83e800191615091cd0904500,664,2026-03-10T08:16:31Z
649,1773130961,43170657,0x5022f5828b96368ffae2c6c8c2b9c0b10fa8587b91b0b67073f45f284fd73fd0,264,2026-03-10T08:17:41Z
649,1773130981,43170667,0x5267b921e7922480bc090e87f9c41a70edb8006abbc1130151d4b3dfe3b546c6,526,2026-03-10T08:18:01Z
649,1773131025,43170689,0x860f93c6de05e04df068185d51a78626d47b056a8fcb84f1a36e28d52d24d65c,602,2026-03-10T08:18:45Z
651,1773304311,43257332,0xb5d3b3294a013b9528c934529eb0ea4e1a3219db5839e8a4170ecde31eb40925,422,2026-03-12T08:26:51Z
653,1773480809,43345581,0x9a62d1c605fe1580c2250639fab59547d5f0f0d073e6cc02e272ff3599b326bc,795,2026-03-14T09:28:29Z
656,1773755089,43482721,0x24b6d81b319f4bd9119e2b9518c84a90e74780c96a2c3fe8e12f177196a9ee6c,282,2026-03-17T13:39:49Z
658,1773930737,43570545,0xc2ee07653e2253ed32196308b930d05ccfcbbcd350ec44046052caf077b64a39,1018,2026-03-19T14:27:17Z
658,1773930749,43570551,0x871dab49e119f51ba01f652dd49a5aaf48e9f7e2ad0191d6a3af77c95cf89409,870,2026-03-19T14:27:29Z
658,1773930929,43570641,0x286619fc87b844bb022a9e59d1753c4f8655b66713b87666cabb8fbb105a376f,404,2026-03-19T14:30:29Z
658,1773930945,43570649,0x7666707bd5fc166169a755c746f5eb54b94c2c22dc018f8eca339c23f2166dcd,203,2026-03-19T14:30:45Z
658,1773931007,43570680,0x8bfe44caed3e7a783c6efbc597b53b1f0a14bce12d076e143a486ba378b36af2,576,2026-03-19T14:31:47Z
658,1773931027,43570690,0xffea1c95b78c2841bf71653a5ba913495846a59f12eef5b65464313a8525d3fd,295,2026-03-19T14:32:07Z
658,1773931071,43570712,0xdd52b1f20a07c6b16f290eed3f8a6b926d9cfdfe299ca9c38362d037edb2d1e6,503,2026-03-19T14:32:51Z
658,1773931117,43570735,0x86ab3f4281d04ebd880630a5a00881e011e5c5427d0dd2ce19ad7b8202b61378,530,2026-03-19T14:33:37Z
659,1774017583,43613968,0x138256c0f45166f2f1409c7d56a8097b7061b70565c0d810c293965593d3b95f,502,2026-03-20T14:34:43Z
659,1774017611,43613982,0x44d50c459a6f488c5fe3bf679968604dbbe681c4f8e033532bc859939392418f,657,2026-03-20T14:35:11Z
659,1774017653,43614003,0x9073239911a3c0acab9805e560d4e345b723c358e861bb799a46df0a0ccc9085,641,2026-03-20T14:35:53Z
659,1774017721,43614037,0x19d62d3203afa12afc20ff79727c2152520a0f3ae745373398b9caf287085370,172,2026-03-20T14:37:01Z
659,1774017863,43614108,0x4d5e26dce38cf2c7485bc404cb683f8069ca86ad0c4d66b4608bd06285676c53,127,2026-03-20T14:39:23Z
659,1774017949,43614151,0xb646efc244b4165db079351bc3bc00dab8f101ab0d7700fb8c152084134b8819,1071,2026-03-20T14:40:49Z
660,1774104521,43657437,0x8ff9e4017321120859bc5ea75976912fbbe2fd763b82e38eff880ce8505f57b5,834,2026-03-21T14:43:41Z
660,1774104537,43657445,0x194f555f12651b9d569c772af00949455a0d52d918ef85c20868bba56816f999,207,2026-03-21T14:43:57Z
660,1774104575,43657464,0xa01177d2b7ac6c4484dfda3900a59cb7a0a20b6a8dc62d52bc7c435e093515b8,248,2026-03-21T14:44:35Z
660,1774104627,43657490,0x2ed0a9e82cc2795857f3a5001f1c8f26ceeaaa00432a1d797a16636d66fe1d36,529,2026-03-21T14:45:27Z
660,1774104645,43657499,0xf07c826d2d752a27a3ab89b1905485d8472066b855f878c3e8ded504d18e73d0,783,2026-03-21T14:45:45Z
660,1774104815,43657584,0x4ca1a9dddeeb7cef4e022566a5e653825354058a6d1325a7fd855b0985ba1629,231,2026-03-21T14:48:35Z
660,1774104847,43657600,0x8aafa00555c97bf584c63e2851695a2f6aef0903040eee3c74f9f967a125decc,763,2026-03-21T14:49:07Z
660,1774104981,43657667,0x342e67fc2434bd39ed41c62866d0fe99ae03992239039dd44ae7acd6163fd2be,870,2026-03-21T14:51:21Z
660,1774105171,43657762,0xd7d303b6e3251a90374d17fda24ac526f8281fb451e6276f741693534d3394b8,573,2026-03-21T14:54:31Z
660,1774105315,43657834,0x844727fca32cd9ac8574ad962c6b5575aa84fcd034a6555f353637623ca9ba5c,730,2026-03-21T14:56:55Z
660,1774105571,43657962,0x219a5774f34e1ede925bd41880bb486a5295aacd77c90d6af6135dd4ea70e2d3,901,2026-03-21T15:01:11Z
660,1774105791,43658072,0xdea0702008d6dd84ee600ab193700cb0f0774bc055771e19a7b1bc8a185935cb,350,2026-03-21T15:04:51Z
661,1774192319,43701336,0xfaef176c13c2007823864969b6108db04bb87821e50c92e9af3e06433a4e2ba7,907,2026-03-22T15:06:59Z
661,1774192585,43701469,0x4841e4a5d24ba8a881f5a888bc4ae9d5771b9906b7540a05336f33131e63ad99,355,2026-03-22T15:11:25Z
661,1774192717,43701535,0x7424705ac30940fa6fd9abe77b90fb10cdae8d80c60e2e42d222e18c304886ba,389,2026-03-22T15:13:37Z
661,1774192987,43701670,0xfa561c739abe8469493e593569c5c2ccaebe4c695d457ff6b7b011a16b08a2bc,676,2026-03-22T15:18:07Z
662,1774279425,43744889,0x82ce219e7e78208f92683e824150fc6357f509407561fdc2acf73bf7ec796264,574,2026-03-23T15:18:45Z
662,1774279645,43744999,0x2c45fa6f30a3fec0d8f0e881e319da5de46092343781d9b33f2217944badb4e3,524,2026-03-23T15:22:25Z
662,1774279669,43745011,0x3941a93a2607b80393f600453e11da83956076e02ab398e5449bf1509b8fb60f,598,2026-03-23T15:22:49Z
662,1774279727,43745040,0x7cdf3b509a56be738b12f89eafd19c374af5828d18cb001424586e4be16b6b5d,428,2026-03-23T15:23:47Z
662,1774279797,43745075,0x073f8542d1c6254bb637cc5a726cb2477c2717883ded3d777497f16ce0ffdda5,243,2026-03-23T15:24:57Z
662,1774279891,43745122,0x01e2eb3ea53400885f33ffabf89a989b860a172c1e21ada69ae1ce9e601c333c,570,2026-03-23T15:26:31Z
662,1774280189,43745271,0x09a7f182a9ef25905c11ab10b60afeeed9ccccaadc64f79fc273bc7d5200e741,2244,2026-03-23T15:31:29Z
663,1774366989,43788671,0x3e097e9f015d95c0a6176627bdf15b7e8ac16c41ceaccb51d1dd0a2cca3719bb,193,2026-03-24T15:38:09Z
663,1774367131,43788742,0xcb1c504e4cf6cd02d24c4d5a5fbc5666923ebf18ecaf725153546d31f7e37a7b,656,2026-03-24T15:40:31Z
664,1774453681,43832017,0x9c572077fb61c7bf5128f22af6aedb3249e1d90d1ca20c28b62d091c67712825,567,2026-03-25T15:43:01Z
664,1774453837,43832095,0xcd6c1be2cfe3d2f68c0bff9afa8357e147e2ed70f0d6c370a10b886367417d60,814,2026-03-25T15:45:37Z
664,1774453883,43832118,0x312499f44b70998e4f2832ee8c9fab563dcfc7ea0b152070988ea36d6995fab7,789,2026-03-25T15:46:23Z
664,1774454105,43832229,0x62e0f8cbd212e13f0b7e376ea37bf02c170111081c36b932dfd1194ebe9e9769,1010,2026-03-25T15:50:05Z
664,1774454157,43832255,0x8fde535a9159ea5124d3f18f4e8768b3abc4eb1a852d37f6c49a95d23764499c,486,2026-03-25T15:50:57Z
664,1774454279,43832316,0x647885087b21b8a7c301aeb2d351e64374d42d9bd21e88146b4295d35aa67a19,1085,2026-03-25T15:52:59Z
664,1774454543,43832448,0x006333a6ab6758f7736fed9e8c5de3061264668169b393d6e86da5a3a6e5670d,379,2026-03-25T15:57:23Z
664,1774454587,43832470,0xf052017d63c95a50b5e8c100f9bbb38aa8d46cc3b2dc9a433757bdf6c871d6d2,603,2026-03-25T15:58:07Z
665,1774541163,43875758,0xf04d423a055e3b38ba7fa96993a9ed891867515564e71e00b3200397cd29be8b,960,2026-03-26T16:01:03Z
665,1774541183,43875768,0x1b3f51bdcaec388d818d9f7775d310e72167013304af0f8ca1488351d69f7f33,739,2026-03-26T16:01:23Z
665,1774541373,43875863,0x14d34a29868e0f07b3ae72c3cc965aea1917e51bb8ed863977b2085b78961141,349,2026-03-26T16:04:33Z
665,1774541395,43875874,0x5cebd96e2978ee632b32b24a39292130b867b32c8083da3b85edb55957b24662,804,2026-03-26T16:04:55Z
665,1774541623,43875988,0x8deb627d59b79dc88e6593d31846f0832bd2b66a7f51e570887b81075c8f0642,586,2026-03-26T16:08:43Z
665,1774541891,43876122,0x1454de22b9da3351d52ffff3ad310922c3ab2c7b06fb0f1757089e3c02702dd0,646,2026-03-26T16:13:11Z
665,1774541923,43876138,0x45d903bd8cbbe3df28789ea199fc5fc7ab5d933af37bd8a575c3d4c081a50ea4,599,2026-03-26T16:13:43Z
665,1774542155,43876254,0xc2f59591ad47c52ca85e359ddcd17668afc62f8b3cee2245d75e63c68f21b904,673,2026-03-26T16:17:35Z
665,1774542367,43876360,0xed7aa4bb0620be6b38bc8814ea622ae36e08442d6c62d983d980a65aef3f3de5,543,2026-03-26T16:21:07Z
665,1774542613,43876483,0xd674a791ce5495b7fd46d3d8920fd82ef4a8e719bab200cdce53e739b1c8edc8,406,2026-03-26T16:25:13Z
666,1774629821,43920087,0x0e790e0c7b314da700b33eb4b524dce96f0f98a6cb89460d04ddba8ae386e219,423,2026-03-27T16:38:41Z
666,1774630099,43920226,0x879724a275cd055547454a839730fab1ece3aefc841a50903f76e543798dadfb,644,2026-03-27T16:43:19Z
668,1774803583,44006968,0x782b93b80f7574688ad8b6bc01728f252ef232d977a1b129a7df0a681553d600,698,2026-03-29T16:54:43Z
669,1774890265,44050309,0xa6d049337df3510b8c6fe55b3f057d2db637fcbe2ed0943cae1180205d352da9,1513,2026-03-30T16:59:25Z
669,1774890309,44050331,0xe1ea6ca45433ca0d6ecc1a4f39cf1e5707fabff5c5decdb793f35f50950c9fc1,240,2026-03-30T17:00:09Z
671,1775063195,44136774,0x9922b6970d65ddcbf4590ee7d0a39bf247d0121e5933988508555e7adf19d90f,766,2026-04-01T17:01:35Z
671,1775063275,44136814,0x66c2a4374abbb3e5182ccf49c367dec1d9e7d5c6a28a3f9dded1591f92e8a57c,619,2026-04-01T17:02:55Z
671,1775063425,44136889,0xaa9b3b8176f53e0c649dbb4746035fab4b0a98431aed3572c4ec4052d84996c9,598,2026-04-01T17:05:25Z
671,1775063559,44136956,0x9468fc2f8c7e9a7db1278700861af2ab916f418a4909b1cf95716879b54aa5cc,804,2026-04-01T17:07:39Z
671,1775063653,44137003,0x9faebbc5771c0447dfb3e459be9a6bc46b49e2be69ebe9232def6422247c2e29,408,2026-04-01T17:09:13Z
672,1775150341,44180347,0x02dbe12c7088e4a4bfeb06e27fc05ce2da59c4f4a93d5875f84e1cd6f6a432fc,355,2026-04-02T17:14:01Z
672,1775150383,44180368,0x77e83fa302fce0db31247ea086b155179886527aac2688a98cac9b05ea0d5e4c,470,2026-04-02T17:14:43Z
672,1775150635,44180494,0xc3d605ca8b95b4bf3a6f6408729192034398b6c1a4f8e6291dd5a3eb6efd55a2,600,2026-04-02T17:18:55Z
672,1775150665,44180509,0xe6b0b108fed0835659b4694ae10ded442db3434343bf40399093933c75bf592b,1061,2026-04-02T17:19:25Z
672,1775150705,44180529,0xbe0d8537f4591df599f535c2193a0bf1392cd8ff79c1240ba0fce8d8f837be2b,222,2026-04-02T17:20:05Z
673,1775237125,44223739,0xd6bd61ab720714480f6d44f81a00af45464747474d945cf78eef60caf2621d45,822,2026-04-03T17:20:25Z
673,1775237199,44223776,0x74f07f2f830e7092e5a55b3f77ebc4edf9319c889db25900b9f31171b6e19bfb,619,2026-04-03T17:21:39Z
673,1775237309,44223831,0xb58b0f6252c9fa148f00d3608457ba749c39c9741b0ef4e3b5aa74bbed68ffd1,734,2026-04-03T17:23:29Z
673,1775237407,44223880,0x567e7f9967d3aba70f5b8f6f16cd64aa06cae4471ea3e5218c83c7d5e97b2294,819,2026-04-03T17:25:07Z
673,1775237487,44223920,0xb987f4983adbd8b6a99510069eaac910ef32cca9bcc5c107727073478f25b411,634,2026-04-03T17:26:27Z
673,1775237553,44223953,0x529557469227eb424bdc6ad671d00f3b817969698478649cbd8c0f7ee79dc6c0,852,2026-04-03T17:27:33Z
674,1775324153,44267253,0x99ceef6b901cdece7198bd2b94013bc70c38787e9a8cf3ea132a59e8baf30c03,737,2026-04-04T17:30:53Z
676,1775497731,44354042,0xba82374a4a0b9e4aa86c9d17da054519637c168d8825d0801d9f8a1656c9d4b2,563,2026-04-06T17:43:51Z
676,1775497901,44354127,0xbf150d9b2833f26a89b7fb2a6f2e9e2ff8cfd95c260f9238b12461bbd71f9890,713,2026-04-06T17:46:41Z
676,1775497981,44354167,0x9053fbbbbe10b283c2cd30f135f2b2fff19056dd2df7f736ab72d047a456c71f,459,2026-04-06T17:48:01Z
676,1775498065,44354209,0x491e6efd5932a38e18b94107c8ae3684e3c925a4a92d6c8fb92f9ace8f190486,659,2026-04-06T17:49:25Z
677,1775584785,44397569,0x1f11e56b131a3f0cc80afa04adc7bb0cd2f0702cfe0acf00c2adc5d9b1a80e4c,448,2026-04-07T17:54:45Z
677,1775585035,44397694,0x564b80403a630ec5e5bdcf2236b673a4e601f85db79706408ac0f553c660db2d,500,2026-04-07T17:58:55Z
677,1775585285,44397819,0x47b205cf9ebe798435b59482e4ded79daaa71ca44a366d0506d8bdf8d01164d0,146,2026-04-07T18:03:05Z
677,1775585545,44397949,0x1b3f48e74d02cbea132d3f816946b50bb79cd8ae28bbaaf04374f7f37811be68,825,2026-04-07T18:07:25Z
678,1775672029,44441191,0xb3203ffaf7f142757c135b1860065e6c22e44fe7eb20d7a5c204b3d79f618004,169,2026-04-08T18:08:49Z
678,1775672143,44441248,0x582f30ceb4596778e63677a2181d6233d073d549b803e42339b7f47f77499900,789,2026-04-08T18:10:43Z
678,1775672313,44441333,0xf46023d4e0f3fd87da12d66b062aa40e8223a52a6ee5f625a9886e18b1bab6c1,598,2026-04-08T18:13:33Z
680,1775845421,44527887,0x249528cebe45c0fabc4d93fbadbbae198a742775375369bf69bf7869dbf0ac4c,598,2026-04-10T18:18:41Z
680,1775845665,44528009,0xff8e205549aa50d56d6062781401d435058f92cc93b988ec23144986aca5dfd1,1076,2026-04-10T18:22:45Z
680,1775845691,44528022,0xd8f834dfb790a612829db179c36dcf7dab5a337d1634ab04c61155005141552b,498,2026-04-10T18:23:11Z
680,1775845831,44528092,0xd29793f99c79555dea9905a874cc1f239bf1fc8e796d99d474dd05547c87d22a,215,2026-04-10T18:25:31Z
683,1776108697,44659525,0x05f1183add9c0546db5ba4bcd8744aad61ac25393921c1da205579b53d1df99e,269,2026-04-13T19:26:37Z
683,1776108745,44659549,0xc38cff74215c16f234eedec1617a0b6e3ce9c3568b2fb49b20a06e7ec0344c1e,334,2026-04-13T19:27:25Z
683,1776109019,44659686,0xbdf330deb0188df87ccf2606c7fe61ac54d993c6bc1672f51035917165901fa4,519,2026-04-13T19:31:59Z
683,1776109067,44659710,0xc4b3050e68df257d7beaf26f3a448a02701d13b6d8f9c9da5e100eb3a9e055d6,268,2026-04-13T19:32:47Z
683,1776109283,44659818,0x9ef2689b07f80a770c41d06bca6ae681c73fe116fb2853e635dfeeb558417c3c,387,2026-04-13T19:36:23Z
683,1776109445,44659899,0x21fe6f9683ec0e921f4f9b88c68e3ad52af2ec23d7a6aeebb308e38891444ea9,542,2026-04-13T19:39:05Z
683,1776109513,44659933,0xcd9c7dbb70689b9293a333d1db4949f9f88f8f124a33da1b51b9a844cdcaa846,258,2026-04-13T19:40:13Z
683,1776109623,44659988,0xf1e2eb794c014fa43f35854d52a26ebaf7953b1a9a96ddc1e12c5025365c0e53,205,2026-04-13T19:42:03Z
683,1776109669,44660011,0x0dac09d9dbf7a40c7e5e384dcb5015148ae6c3a9333bbf44dcd403b89b691f56,172,2026-04-13T19:42:49Z
683,1776109705,44660029,0xe0dc49f2d03703b5a54f967d2b10ea797c02a8fb41555c40e55a603b092b319b,773,2026-04-13T19:43:25Z
685,1776285241,44747797,0x4691883276c26c0bcde9d8a91c31280aa4fdeb1340bcd901ea1030afa11bec74,193,2026-04-15T20:29:01Z
687,1776459253,44834803,0x78d8a25d7a69d4b242cfdeef2561953dc7228a9f2d08857a87030be603495a27,258,2026-04-17T20:49:13Z
687,1776459421,44834887,0xf0166fc67a429391ea4b08924916f279ec11d1e7da8a9194a8fb5d7c6a98db46,703,2026-04-17T20:52:01Z
692,1776892565,45051459,0x21ad6320b26e043969c4be453238ad8c9f7e1acb798468f962c46eeb6e3a26a7,178,2026-04-22T21:11:05Z
695,1777152529,45181441,0xd08eb6a37b04676e4c9f68a5924e0c98252d98b64e9f470202d0592d6914fd01,297,2026-04-25T21:23:49Z
696,1777239225,45224789,0x0f6cd0b9fd9ed0962c98fc11eff4e5d15b8bdb925f8d168e9da9962ff9a3fcdf,233,2026-04-26T21:28:45Z
698,1777412261,45311307,0x3244c015245c9442c477606c63bff71ed267fcdc2430ef3f90536add6f2bc54c,451,2026-04-28T21:32:41Z
698,1777412337,45311345,0x4a78aaf939d038dfe378fc9a41447ba2dea1d94dd1e1519cbe7c8c162c5e65d8,223,2026-04-28T21:33:57Z
699,1777498799,45354576,0x3893aecb331b1ea41aeb3c61af8453340c2808268afa455006a1fcdbc257b4f7,296,2026-04-29T21:34:59Z
699,1777498859,45354606,0x62b75ddbbdbb0a3010b693a10a4456b61ecad08151d77123dd6f9dbb6c39705a,155,2026-04-29T21:35:59Z
699,1777499093,45354723,0xa9bfbafd7fb4a3b4fe5ea70a896fee07bcb1f6c0f7481aff3e8dc23e19bb42e3,165,2026-04-29T21:39:53Z
699,1777499377,45354865,0x3c9a562f64f7a300a469a452fc97d1ee976dc7fa80a3ba82d90ce035912c4653,13,2026-04-29T21:44:37Z
699,1777499641,45354997,0x6c22852bb8a93232b9c9516905c789565d67426e75a72bccc0c636c11cf8d650,1002,2026-04-29T21:49:01Z
700,1777586271,45398312,0x96cc9308e3ed7f72db722ce1fc0ec75e6ae03c4c41107167e2c46a783e24d6c4,107,2026-04-30T21:52:51Z
700,1777586447,45398400,0x278ea6731ea1ac4f2a08b6a3259b0a18b5ce8c94a9356e885100c1e3ce7594f8,113,2026-04-30T21:55:47Z
700,1777586643,45398498,0x6bed12f04425885216382d416297c8d6e1ef32eacc153c3ad3419129163aa060,386,2026-04-30T21:59:03Z
701,1777673087,45441720,0x6a850b74daceff7ff752ac7aa80a701d184955158e66c4068d0cbed7638350a6,77,2026-05-01T21:59:47Z
701,1777673113,45441733,0x3f868d111938e2ae5299bbee4316257f04e900869844a47ddd6b740012f78839,324,2026-05-01T22:00:13Z
701,1777673407,45441880,0x5670f550a8e8dcaa9e295144e74f839c380d463f3e5544362fd1bba1d0ef4b19,93,2026-05-01T22:05:07Z
701,1777673575,45441964,0xd21aa2b32c99d1df89adaffd53fa4cc4babedd0ea3e8b5d3a690211042bfca12,291,2026-05-01T22:07:55Z
702,1777760001,45485177,0xc32e49fe0efc81bfe39dd70edfbb552a9ab11f5a1e22c26b7136cfefa9f2d1c5,47,2026-05-02T22:08:21Z
702,1777760101,45485227,0x58d24f8138a722dc786076a1f39bde1ab3a5307ced900ff592221bedd9cc75c7,364,2026-05-02T22:10:01Z
702,1777760169,45485261,0x41c836df9893fb617bd531590be249d9e6074d393f2c76f02e2c61729a7989c4,501,2026-05-02T22:11:09Z
702,1777760413,45485383,0xb70b3c8b7eb45ab2062913b1dca5d5d9a2f1d7247bb865cdb8f89456528a3995,388,2026-05-02T22:15:13Z
702,1777760443,45485398,0xe702d478d9bbaf523a5727e8ff0d2c56f0b5e357eaa074f1f65ac934043c39b2,263,2026-05-02T22:15:43Z
702,1777760607,45485480,0x9a5a399d9e3e9772b4b77bca89637e64e776bf8a2dcf7d2c6eb32597c4e30e71,232,2026-05-02T22:18:27Z
702,1777760641,45485497,0xa7eab32dbef3324e4566d6fa36e84d5fc7cd20d37767fc84e843689086647088,148,2026-05-02T22:19:01Z
705,1778020429,45615391,0xd03dd7d0124e597cde64cfd4f2a0cefc27e6b9ab8780ceec7bc3e2ad4b453484,297,2026-05-05T22:28:49Z
705,1778020531,45615442,0x3e1a49533027ccbddc0efda77b5ba0f7aeb81649a530e07749b4d1ba0cf6180f,514,2026-05-05T22:30:31Z
707,1778209117,45709735,0x53f88c393f9a1c935fbdc67faf079ffd3661f2ede768c6fe15c4fd8ddfd34da2,179,2026-05-08T02:53:37Z
709,1778382073,45796213,0x40de24827e35639daa10af6274820ad9570010ab428d1c1b33a4e865b9695959,74,2026-05-10T02:56:13Z
709,1778382115,45796234,0x88b0988ec1a7171a59c64b59a083fa36af41ee6aa01538fe5e19a4e11dc7f82d,291,2026-05-10T02:56:55Z
709,1778382159,45796256,0xb45fea1fad89c24a04bd6fad6573cf0333419c103074d1645bddd0ce5215995f,422,2026-05-10T02:57:39Z
709,1778382401,45796377,0x3f3c47ae3027e049f13a23179732600a7cf874e77b40bd5b3c424714b856cd92,138,2026-05-10T03:01:41Z
709,1778382601,45796477,0x56b73938ea3e94969ce031114513a50a8c9892bb931e0eb36db39574d7440a70,308,2026-05-10T03:05:01Z
709,1778382627,45796490,0x905c63c7ff85b5943f343ad12acdca237ed15af3a175a5c88c716fd3a7ba4ddf,274,2026-05-10T03:05:27Z
712,1778642097,45926225,0x6cba7acd7844ddf5a7aa86bb98c634ac3321284bc7766c5a60b313e00b5ba02c,105,2026-05-13T03:09:57Z
712,1778642139,45926246,0xb06cc9aed62fc53c62f7911e593b87c6ded8ff025ea31f7b694dad64a811b84d,198,2026-05-13T03:10:39Z
713,1778728575,45969464,0x2effeb5828166e58c5ca4ca981d9eb2492d1ef01aa278f203063d19d82570224,74,2026-05-14T03:11:15Z
713,1778728771,45969562,0xb50da047de39b707d26369aec8147e205ac53140d85256491135246f331f2d63,89,2026-05-14T03:14:31Z
713,1778729047,45969700,0x1106f15e33284586d4bd91009547098ad20b5cb1dc3016a793b84e332a42b24d,250,2026-05-14T03:19:07Z
714,1778815605,46012979,0x012510f0bcadf4ea02cebbf453ecc770bbb591ff41396ae50407299ad9b5c3d6,410,2026-05-15T03:21:45Z
714,1778815843,46013098,0x48688277c134344fe9e9c29a40d46d829c896aaca10f7fa35b4075a82456e1dd,181,2026-05-15T03:25:43Z
714,1778815899,46013126,0xa1f33cf88b7613a4c999eddf07bdd444307b9220578eb5f82c7ca72ab99af84a,494,2026-05-15T03:26:39Z
714,1778816069,46013211,0xd403fe51277ca74f3c2bd7135448fdb4af808c2a589b3bfa178729a33c5255e0,311,2026-05-15T03:29:29Z
714,1778816155,46013254,0xb7f76362a3b4ebbc6378248dfce1f5b4e81ac0cffc0c30953c325e11db036589,138,2026-05-15T03:30:55Z
714,1778816369,46013361,0xba10bb50975c9a96e858fc19db118c8c7fc7b245df3dc957e9076e3cb4eaa3bc,287,2026-05-15T03:34:29Z
716,1778990117,46100235,0x6022f24cab161657743e2d2780935f48aee015a77ad65c8a94c5079f67c6cad6,299,2026-05-17T03:50:17Z
722,1779548351,46379352,0x867d7a9fc0f953b4a2c703dec93552404145d648b6104f3b64edc77b3c4e1a57,123,2026-05-23T14:54:11Z
722,1779548645,46379499,0x17ad37f297a890a03ca5ab377322e2d1f6d04fd8a109d6b9e6ade6638537dd75,1680,2026-05-23T14:59:05Z
723,1779635655,46423004,0x5a637fc1e9876427dd1119e550bd398438c0054c3d28a3b09a4b22468a471b49,516,2026-05-24T15:09:15Z
