token_id,winner,amount_raw,amount_eth,block_number,transaction_hash,log_index,block_time_utc
590,0x76d0e7a13248945ee9f808b4a472262b28778942,164550000000000000,0.16455,40608232,0x077dd8302e353010633eb5c10283eb766f5ae45f5a75ae8ba5ba8c5611a6650b,621,2026-01-10T00:43:31Z
591,0xffe16898fc0af80ee9bcf29d2b54a0f20f9498ad,302100000000000000,0.3021,40652127,0x1bda55b7096a2b03ba5f7d05c2b581ef5556581eba33ad307715d45e8eea3f1f,1400,2026-01-11T01:06:41Z
592,0x76d0e7a13248945ee9f808b4a472262b28778942,160000000000000000,0.16,40695375,0xedb60c22a757fc316d8b511fe71827b12c6f5531b9a9288e4be7b62fe060a35c,749,2026-01-12T01:08:17Z
593,0xca0edb47a8c9ef04dc2368946f46fb3d7c1a3202,143010000000000000,0.14301,40738586,0x22dd741f6a4cd7442adef4edd317596fa1f9a48d2a42229e28f50167148f11e7,578,2026-01-13T01:08:39Z
594,0xc5831df8214b36e27c0d5fa45eed8d160610dc90,159740000000000000,0.15974,40781792,0x6ee1e80cc606e534e6fa9d9092a01cb94290b84559ba3a6469b2c212681feef7,958,2026-01-14T01:08:51Z
595,0xfd9d96082ea88c5cee50db6343077b8124965f71,156910000000000000,0.15691,40825165,0xae903ebf76404904f3f2b09817305f74054fe338d36411e3b5eab58d9c24ddb6,885,2026-01-15T01:14:37Z
596,0xffe16898fc0af80ee9bcf29d2b54a0f20f9498ad,174410000000000000,0.17441,40868712,0x9779001e2fa95e2bfbf995c58c6d1001fa7b4761f11a5b4cfcf53b8342b66f6a,100,2026-01-16T01:26:11Z
597,0x86e36c9ba3c6a2542fd761bc2b4fd61a110ea6cd,194700000000000000,0.1947,40911935,0x9994b6ad734104e3035f3c199fdc1b4759503e211f584383f01ff18859313390,775,2026-01-17T01:26:57Z
598,0x98fd129b2183d2a80f9d8da156242ce3e0d53756,198120000000000000,0.19812,40955136,0xcd0a6897e54e25237722bdd3ca22d21f23cbf95539240344349e1615e2104d5c,801,2026-01-18T01:26:59Z
599,0x46e9beef5dc68dff095eca56dadf90247f1af7ef,218050000000000000,0.21805,40998385,0x34c6b56279a313cbc81d9decc27842db66eee25c7036d608893ce0bced4faa8d,771,2026-01-19T01:28:37Z
600,0x86e36c9ba3c6a2542fd761bc2b4fd61a110ea6cd,204600000000000000,0.2046,41041689,0x325c8ddef5ae74fb2009c17813bd43b05d5662dfba75a1a5e2ea0dd52c4d33b5,1059,2026-01-20T01:32:05Z
601,0xffe16898fc0af80ee9bcf29d2b54a0f20f9498ad,236920000000000000,0.23692,41085354,0xa5c0d2145366c6329d5310c39498350bd72d3ddfcb2dd53f4b3da7d56d6f943f,706,2026-01-21T01:47:35Z
602,0xc5831df8214b36e27c0d5fa45eed8d160610dc90,180000000000000000,0.18,41128690,0xc134a46ad7bceaabd381287b09e9a3270063dfdf57548536fa6d856fbbb93ed3,570,2026-01-22T01:52:07Z
603,0xc5831df8214b36e27c0d5fa45eed8d160610dc90,198180000000000000,0.19818,41171899,0xd8f31d36afcf368d72f4a0f7b358b36b5856d7d96999c5c7fb73ff1a915ae617,402,2026-01-23T01:52:25Z
604,0x46e9beef5dc68dff095eca56dadf90247f1af7ef,182320000000000000,0.18232,41215110,0x06fea1251127e9639e5d571f7a1bda02c6643b6b76fb209a9ab153df3e353e73,657,2026-01-24T01:52:47Z
605,0x86e36c9ba3c6a2542fd761bc2b4fd61a110ea6cd,135900000000000000,0.1359,41258664,0xe3067188f714e719d34fb1bd29f35f34736e0ce1999ffb6d95cdbd1b37403748,717,2026-01-25T02:04:35Z
606,0xc5831df8214b36e27c0d5fa45eed8d160610dc90,80730000000000000,0.08073,41302072,0xdd43a530bfa766343a1c141a1c793831988f442a4951a84aa2d65fe7bfe3efb4,1600,2026-01-26T02:11:31Z
607,0xe16f9db0e6ca8f2f9151ac581a78d9dd5a4bb1ef,85000000000000000,0.085,41345713,0x29af2677e80c5b66fb2c72b73f20aafb5cbc579f5bb53026fc73ec33b57732d4,404,2026-01-27T02:26:13Z
608,0x86e36c9ba3c6a2542fd761bc2b4fd61a110ea6cd,96800000000000000,0.0968,41389215,0xa60ad4856076d9cd643664bb826ff17a0aab905259dc1b883598aa84d47a2f93,514,2026-01-28T02:36:17Z
609,0x46e9beef5dc68dff095eca56dadf90247f1af7ef,80200000000000000,0.0802,41432585,0x64a681b5d8a5439659975f6eb8f11799b00f7999b8b82c5f99c946d428c9b634,189,2026-01-29T02:41:57Z
610,0xe068579e46ca32a7ed3d51f217fcc5a0d829fca0,102530000000000000,0.10253,41476083,0xf762e9730f2ad9ca2fd09a516b9021fada207d1c3fb6430bc99ddaa95c052064,645,2026-01-30T02:51:53Z
611,0x14e8fddfa4a7c709c19a8c7da5205c3ae366355c,77010000000000000,0.07701,41519533,0x6f5bb4a229936084ad5b57e1137e0f392c67d8d0003e99029108339593ab1ace,317,2026-01-31T03:00:13Z
612,0x46e9beef5dc68dff095eca56dadf90247f1af7ef,76240000000000000,0.07624,41562758,0xc669800e09f1707831348b0648853315b719972124c3ec6c9f008bba9c823e05,541,2026-02-01T03:01:03Z
613,0xc7aab24ede583b0dc9041343ae51466bb86a1ab7,74680000000000000,0.07468,41606116,0x8ff9c219f286e110c59df5cf77a3e1541d700fbca9b8c6db8b94f89c7daf7a3a,554,2026-02-02T03:06:19Z
614,0x8e5caf3f39b83dbc7663f7fc2b929e21d55482af,58510000000000000,0.05851,41649786,0xed2d0a4f2d6ae608038f0616403c05b2ce19a082b4955b8edefb897e8aa9896d,807,2026-02-03T03:21:59Z
615,0xc421401af43d217d8bf16f18ffd076f3c84219d9,66660000000000000,0.06666,41694147,0xacb23b1ef567461d9e95200e012dd52b6f69d960343e46aac605c8c8cc063c65,1967,2026-02-04T04:00:41Z
616,0xc7aab24ede583b0dc9041343ae51466bb86a1ab7,18160000000000000,0.01816,41737378,0x48cd560591ef180f8c164024b782b04fd6bc4774e2bedac2e2168f061155126d,717,2026-02-05T04:01:43Z
617,0x71ce5605ab649d97446ef179bc2983b18ddc9a48,24200000000000000,0.0242,41780598,0x3665fd1ced39bac6f81847c9f0a2ab85c9f0afeb26d53486e02a862d1e28af61,678,2026-02-06T04:02:23Z
618,0x71ce5605ab649d97446ef179bc2983b18ddc9a48,11000000000000000,0.011,41824042,0xf2221316d3b0545fad3480cec5e096f37a1fedc08a9e80b08b506a2b7308c860,1010,2026-02-07T04:10:31Z
619,0x8e5caf3f39b83dbc7663f7fc2b929e21d55482af,22220000000000000,0.02222,41867428,0xa448139dd7b3e690ceb658eab50cecd469bc17492413c31402123e69434a0904,549,2026-02-08T04:16:43Z
620,0xc421401af43d217d8bf16f18ffd076f3c84219d9,19740000000000000,0.01974,41910634,0xaa96ebfb4b2e2ffb481e51a7ab22395e2374f895993f4231b0c0d312949cd865,604,2026-02-09T04:16:55Z
621,0xc7aab24ede583b0dc9041343ae51466bb86a1ab7,24200000000000000,0.0242,41954107,0x4d15d96913daaab1ec32829b4bc8a95fbd44746dd397e57fd80f5119d31c80ea,203,2026-02-10T04:26:01Z
622,0xca0edb47a8c9ef04dc2368946f46fb3d7c1a3202,31230000000000000,0.03123,41997735,0x4bd68c48ee25b8028ce6c7d7d2ca93be992e081427e3d21f978f991b76eedbce,825,2026-02-11T04:40:17Z
623,0x14e8fddfa4a7c709c19a8c7da5205c3ae366355c,23630000000000000,0.02363,42041336,0x579ff1dc2617f3a8344ab486c420aa6cb1aa65f877f48d59816565faee62eb76,854,2026-02-12T04:53:39Z
624,0x46e9beef5dc68dff095eca56dadf90247f1af7ef,19520000000000000,0.01952,42084943,0x08722c191337681fe017e9cccb055231a6656f0e473062bc95bea83270909e04,1307,2026-02-13T05:07:13Z
625,0x8e5caf3f39b83dbc7663f7fc2b929e21d55482af,28600000000000000,0.0286,42128450,0xe395b1eb9afa2b9cf5cb62054d13b77c65ce2f827f21313653457c5ae299b140,888,2026-02-14T05:17:27Z
626,0x71ce5605ab649d97446ef179bc2983b18ddc9a48,21310000000000000,0.02131,42172076,0x86d1b150711bc4610eb20bf7a6acff83fe2cda5561b8b59c8325f646e6b457e1,1280,2026-02-15T05:31:39Z
627,0xd29c790466675153a50df7860b9efdb689a21cde,24920000000000000,0.02492,42215739,0xc95b4d0a2e0e969614762d333094ebdfac2b677ad5d68ffdf8170bd794068a72,912,2026-02-16T05:47:05Z
628,0x833c829b5123c7af0b810a03084d5d3f0529d323,20900000000000000,0.0209,42259095,0x2d62171c4d5ebbc70cad3ec656e9de3b433d0261e1229a1a29a8528c17266a38,634,2026-02-17T05:52:17Z
629,0xc421401af43d217d8bf16f18ffd076f3c84219d9,26900000000000000,0.0269,42302433,0xe606629719c886495dbb95b0f2993cfca09a4ae4db6954e05d9e12e6955ce9e4,588,2026-02-18T05:56:53Z
630,0x14e8fddfa4a7c709c19a8c7da5205c3ae366355c,27420000000000000,0.02742,42346179,0x6e67157ba2ec9678423fba58a4a4e3e169710d26de1267d03abab9bb38dc5025,576,2026-02-19T06:15:05Z
631,0x71ce5605ab649d97446ef179bc2983b18ddc9a48,14940000000000000,0.01494,42389571,0x28ca4cbd01944f1e5cf494926d898def36477fc2f26c9c76160fc0b76afb2832,346,2026-02-20T06:21:29Z
632,0x8e5caf3f39b83dbc7663f7fc2b929e21d55482af,12340000000000000,0.01234,42432933,0x61c5ac667fdf9958d41e9b5e82cbed9aa9dd3bb846219d1b030651f0b8f0437b,984,2026-02-21T06:26:53Z
633,0xc7aab24ede583b0dc9041343ae51466bb86a1ab7,22220000000000000,0.02222,42476185,0xb07039137e3d71050c3fbef915d0646e3cda14bdabb7de2adf86142a85e3e529,367,2026-02-22T06:28:37Z
634,0xc7aab24ede583b0dc9041343ae51466bb86a1ab7,11000000000000000,0.011,42519415,0x3e731e292ebeb6be2322ff4e1d80ad6f9c646e66b596a79c96104bb2eefaee91,270,2026-02-23T06:29:37Z
635,0xc7aab24ede583b0dc9041343ae51466bb86a1ab7,11110000000000000,0.01111,42562628,0xc107ca5fa97c6e6f33b398e4bf5a94815393403bb3b4fec068b9e192b8ca890a,620,2026-02-24T06:30:03Z
636,0x71ce5605ab649d97446ef179bc2983b18ddc9a48,11000000000000000,0.011,42606169,0xc958aad5e80cac3f07e45c115c67adf6bc2be8eb5ed8ca1b0d99a684826c9c33,520,2026-02-25T06:41:25Z
637,0x8e5caf3f39b83dbc7663f7fc2b929e21d55482af,10000000000000000,0.01,42649529,0x47225c1442d007cf6e959c33cc2a4b9537508f10586f3d65546b9bc158af3a25,612,2026-02-26T06:46:45Z
638,0xbdd8f7ceae7fbfb25bd5615ad3c2608404f6bb72,7330000000000000,0.00733,42692778,0xdbd5a5133acdf90f930b48ce1f5c6d57d737f1974d43d38436aa0617d226ade7,426,2026-02-27T06:48:23Z
639,0xffe16898fc0af80ee9bcf29d2b54a0f20f9498ad,7330000000000000,0.00733,42736204,0x2f0b4dac1b201f9caf30f0f1618f44ab4143c18ee3d62ca619e2300b317522c4,644,2026-02-28T06:55:55Z
640,0x0b2b3483a5cedb08839e098d3d9f02d1893a20dc,8070000000000000,0.00807,42779503,0x744be070f74b589f7239ccc117baf6368209314ed546a47d00e18a8cd5c3d873,613,2026-03-01T06:59:13Z
641,0xbdd8f7ceae7fbfb25bd5615ad3c2608404f6bb72,8880000000000000,0.00888,42823627,0x6518c51c831f8ae06b5841c13627516cfd3422452994ecfee954bddb4eed9b6e,872,2026-03-02T07:30:01Z
642,0xc421401af43d217d8bf16f18ffd076f3c84219d9,13800000000000000,0.0138,42867198,0x0cda7a5577643ce286fec661e3ac09af3bad4721427431b54b5fbd71ddbd8d16,293,2026-03-03T07:42:23Z
643,0x045acd980764824b9eb6f312f0a2cdd9f3183503,12300000000000000,0.0123,42910705,0x98ac03e19e015a5d58848994b1bfc2d9a0efbf2a030ae5620187f5447fbd24e8,693,2026-03-04T07:52:37Z
644,0xc421401af43d217d8bf16f18ffd076f3c84219d9,10000000000000000,0.01,42954028,0xd80d4f8c31b800ca25a9f16bbefbc583dbff527cc4d47432555cd62592b34554,783,2026-03-05T07:56:43Z
645,0x71ce5605ab649d97446ef179bc2983b18ddc9a48,8740000000000000,0.00874,42997340,0x79ccf924c106907b21afd71aa45495a51beb96b7da7b09ca2f94429135b55117,939,2026-03-06T08:00:27Z
646,0xc421401af43d217d8bf16f18ffd076f3c84219d9,12100000000000000,0.0121,43040692,0x67d9fcd08e312c367d1f3b22c97500ddb1a02b671f291ccb47a750f92ebfbe04,951,2026-03-07T08:05:31Z
647,0x8e5caf3f39b83dbc7663f7fc2b929e21d55482af,21030000000000000,0.02103,43084212,0xaf1c2aa8bc9b7eb7d917cf923790e1963c2b85dcddad6a720ebe3615b76533ee,816,2026-03-08T08:16:11Z
648,0x46e9beef5dc68dff095eca56dadf90247f1af7ef,9880000000000000,0.00988,43127506,0xfe9b367d7fd5f2109c95d126408af2c8135469f5e399215fa84a0da302c343c1,600,2026-03-09T08:19:19Z
649,0xc421401af43d217d8bf16f18ffd076f3c84219d9,17980000000000000,0.01798,43170888,0xa4ea24adf6bd6a53510ea7445d9557db3c4cc8c16af45f71e1bab84ff6d6e823,441,2026-03-10T08:25:23Z
650,0xd29c790466675153a50df7860b9efdb689a21cde,11000000000000000,0.011,43214165,0xb10e1c930e13020625583d420b85dc31fcb92a87666d5ab601e15af304ad1e6f,563,2026-03-11T08:27:57Z
651,0x71ce5605ab649d97446ef179bc2983b18ddc9a48,14650000000000000,0.01465,43258375,0x970d1dcc155c650767147ad00a0e94c0d34baf90d2713c4ea223c16d27790b8d,106,2026-03-12T09:01:37Z
652,0x76d0e7a13248945ee9f808b4a472262b28778942,20000000000000000,0.02,43302430,0x6bfa161e8f59bedd874f27e611b1e6552e2b0d049961410d15d95e031fff9205,1125,2026-03-13T09:30:07Z
653,0x76d0e7a13248945ee9f808b4a472262b28778942,12100000000000000,0.0121,43352606,0x3fa6a05c09ea415f7606574b81786bb7cad7f0a314ae1d528180f9e497c0a95b,959,2026-03-14T13:22:39Z
654,0x76d0e7a13248945ee9f808b4a472262b28778942,15000000000000000,0.015,43396337,0xa752e820fbcf6768af149440e5d5e89e28f3372d4325e345ecc29f8bfc3cefcd,408,2026-03-15T13:40:21Z
655,0xd29c790466675153a50df7860b9efdb689a21cde,16500000000000000,0.0165,43439545,0x5164717a195822754cef96202156ad988a32c58c640fcb1ccb1d3c6e955f8dce,244,2026-03-16T13:40:37Z
656,0x71ce5605ab649d97446ef179bc2983b18ddc9a48,11000000000000000,0.011,43484240,0x0371db7306759898199507380627f0111968e18b95fb801d478acc0496580dd0,931,2026-03-17T14:30:27Z
657,0x76d0e7a13248945ee9f808b4a472262b28778942,10000000000000000,0.01,43527449,0x8e1fa54b62e6ff566fe80e76b43970bfaf3502514bd991e18198c07a60c7a4a0,1730,2026-03-18T14:30:45Z
658,0x76d0e7a13248945ee9f808b4a472262b28778942,100000000000000000,0.1,43570891,0x4b9e96283b89e2444ed4e7850a52bb235800c672ada22f58a8ce44f787f742cd,198,2026-03-19T14:38:49Z
659,0xad1587791ceb3bc2dc54c025911937405a9c887c,73240000000000000,0.07324,43614307,0x098d9afeffed2a29a09f1e8b2801b1a4fbe5a552cb55aa5ea93bd05ec5993c22,657,2026-03-20T14:46:01Z
660,0x7eaa7613f4cf84a10fb1daf07472e07031ff01d4,129800000000000000,0.1298,43658240,0x4a22213fbfeddb72fcdcf2ff895832a9416dec9cf580e2d2ba50a2d2be4426d3,270,2026-03-21T15:10:27Z
661,0x86e36c9ba3c6a2542fd761bc2b4fd61a110ea6cd,111110000000000000,0.11111,43701828,0xf3950982275da81bc9837fc00580e9128884769266cf018b58941a6bd9100a98,731,2026-03-22T15:23:23Z
662,0xd29c790466675153a50df7860b9efdb689a21cde,73330000000000000,0.07333,43745486,0x47f030af3c3659ac62ed97ed883a4efece0c6c96b850aa472f304842fc482e52,393,2026-03-23T15:38:39Z
663,0xc7aab24ede583b0dc9041343ae51466bb86a1ab7,60520000000000000,0.06052,43788903,0x3c8c5dee4707b9005b4b3c04f7f19a4b65f64727bf21943c73f322489e3be41f,410,2026-03-24T15:45:53Z
664,0x8a1721bf6127b16836c2bcd33c612765ff9f0687,48350000000000000,0.04835,43832627,0x7a8943e88ae94b4aedd8d48b1204e78b178f965de5c812d84a14260a91d47350,567,2026-03-25T16:03:21Z
665,0x71ce5605ab649d97446ef179bc2983b18ddc9a48,53190000000000000,0.05319,43877030,0xc24f2ab61eb5b6e9b7e06e88d49959c910cb712d0f0d1abdd5740c8c9e3e995f,225,2026-03-26T16:43:27Z
666,0x86e36c9ba3c6a2542fd761bc2b4fd61a110ea6cd,61000000000000000,0.061,43920389,0xb722838af9349940b31a52c458b79ba6a0748f5a56753a4f72fb4730972fc8d4,682,2026-03-27T16:48:45Z
667,0x2df06405772f9fe85e1771ff11baaa5d3933f457,39370000000000000,0.03937,43963796,0x8da47851b222b930846989b188f4ee8894fb0985292cef1295f9eaf85ea2500a,701,2026-03-28T16:55:39Z
668,0xd1ab146981d50adcfe18433500e852af396ea7b1,51350000000000000,0.05135,44007202,0x0e83e187c8963582324a510d59668bd3b629705972680ad823107e4811be27ab,789,2026-03-29T17:02:31Z
669,0x67c91318b9c38dbeb200e1539b64e5bbc930372f,48850000000000000,0.04885,44050494,0x0c4f42c88c390615b6b764d55ed78cf55f5991e8af2928febeefaf2c2129c1a0,355,2026-03-30T17:05:35Z
670,0x76d0e7a13248945ee9f808b4a472262b28778942,26700000000000000,0.0267,44093700,0x1a48be448adc549d8ad039c61549df80c7aa437f4533e17af2f5147f26c57f45,391,2026-03-31T17:05:47Z
671,0xa2648350f3566e4f18a9519734928d08d3ea08c4,29640000000000000,0.02964,44137169,0x4ef2eeb681d1bcc3e0ab3f2e1d66621bce2d06a4bfe268548af24a1cf7743f2d,608,2026-04-01T17:14:45Z
672,0xa2648350f3566e4f18a9519734928d08d3ea08c4,35890000000000000,0.03589,44180688,0xb02c441bd33b0b3b25e4bcfbd23755a8d62f751eba0928b2561167abeaf0a345,727,2026-04-02T17:25:23Z
673,0xd1ab146981d50adcfe18433500e852af396ea7b1,32650000000000000,0.03265,44224111,0x9790f43075ae04a3710790c6a088a8ed4f262c14ddd14a24bbe90fb72bec0968,768,2026-04-03T17:32:49Z
674,0x84cb3b93f9a918632f05528770b5cf926396b0f4,20270000000000000,0.02027,44267469,0x3a7f224cb830f070f06c19ddd2fc80e4661cdd7a16dc0cd66e660122ec407ac6,707,2026-04-04T17:38:05Z
675,0x50eac8369154231a7ca59a73ccaf1131e7904d4b,18430000000000000,0.01843,44310968,0x206e9182e305750cf2646d99a6bdfd117ca5124760b0e722f25fdfac4f2c2602,745,2026-04-05T17:48:03Z
676,0xd1ab146981d50adcfe18433500e852af396ea7b1,33300000000000000,0.0333,44354475,0xeea63316bc1f5653e33fcad5a41c2d3bc0501b2fd4ac3e00443e2fc05bfa5164,542,2026-04-06T17:58:17Z
677,0xa2648350f3566e4f18a9519734928d08d3ea08c4,43580000000000000,0.04358,44398109,0x2ed33ef5a3b1fa1a9c83ea896f7523984f586b1bbd1c1da44b19a8ba8ddb5644,977,2026-04-07T18:12:45Z
678,0x833c829b5123c7af0b810a03084d5d3f0529d323,29760000000000000,0.02976,44441491,0x58af0895de47e30e852342264188a66ddda922c3710cedc64071c93939ce6fa9,321,2026-04-08T18:18:49Z
679,0xfe1180d8515c8700b933ee9a4ba6a98bc1a9b5ae,32760000000000000,0.03276,44484741,0xa84dc9788bf2a59c5d5a7de30b376e806bdc9066dd111a661bd32d45b1a8c3ab,261,2026-04-09T18:20:29Z
680,0x46e9beef5dc68dff095eca56dadf90247f1af7ef,27080000000000000,0.02708,44528267,0xe26300d6ddb9edcf9b88ecfef32f4528ff232e05e61ed9e5497cfb32ac520226,684,2026-04-10T18:31:21Z
681,0xa2648350f3566e4f18a9519734928d08d3ea08c4,43140000000000000,0.04314,44571479,0xb294e26df9003b173ea526b5f8a1fc9eba27de24b56256250258c4eebb8ba608,550,2026-04-11T18:31:45Z
682,0xd1ab146981d50adcfe18433500e852af396ea7b1,32100000000000000,0.0321,44616417,0x9026888695a3f7580be9098668e9a15074cb8fde21f1979955aeac31805f8aa2,595,2026-04-12T19:29:41Z
683,0x8e5caf3f39b83dbc7663f7fc2b929e21d55482af,56780000000000000,0.05678,44660190,0x23428a409c5403dc8ac558571d97a4edec71e44afdfdee8150090cc884778a73,434,2026-04-13T19:48:47Z
684,0x76d0e7a13248945ee9f808b4a472262b28778942,16840000000000000,0.01684,44704608,0x65c46a3ac644b4a5ea467233570313906375e07a466529d0b5c6246794191527,342,2026-04-14T20:29:23Z
685,0x86e36c9ba3c6a2542fd761bc2b4fd61a110ea6cd,30610000000000000,0.03061,44747956,0x44cb3d3e9e448836e1ad645ebf5a4904090a57c9d85248bd5110f7522fd107e1,99,2026-04-15T20:34:19Z
686,0x398acdc97722f3f0415861359e74bdcd10e41130,30460000000000000,0.03046,44791629,0x89f9c2b70d8bab48e8a485d02a91f176cd55d849e62c746676bcd9565504c7b8,504,2026-04-16T20:50:05Z
687,0xc421401af43d217d8bf16f18ffd076f3c84219d9,30310000000000000,0.03031,44835044,0x5e1a4ac5fb080ef4ab7ee914dc14b367344db9fa2cbd5ab663ae01337ed29865,220,2026-04-17T20:57:15Z
688,0xf4e1b8577a9b1eafa6058c873531441697393b54,27210000000000000,0.02721,44878251,0x8f9fa9d4df53aaed0e9c51a8c8d684970dfae0ee11bb9eb41812d1ddbab99ab5,269,2026-04-18T20:57:29Z
689,0xca0edb47a8c9ef04dc2368946f46fb3d7c1a3202,28740000000000000,0.02874,44921456,0x7885961e48b4af70b01fc46cdad31afafa9b3f0ebe8fa3e7bd8bee1005f44fe0,230,2026-04-19T20:57:39Z
690,0xffa73032fc023cbc21334d15d19854294f8e64db,32550000000000000,0.03255,44964663,0xa35d7bb44dd2f6ee9b8e3eed1a2cae5e0f874f27149e208de8c1fe5c93b24de1,446,2026-04-20T20:57:53Z
691,0x23d660548cd61432537592dcea15b059605c9242,24790000000000000,0.02479,45008304,0x27f8defacfefa4c153d4a58801a7deb02bdb9ae1258cbd1e82f28c3c9301975b,218,2026-04-21T21:12:35Z
692,0xffa73032fc023cbc21334d15d19854294f8e64db,22540000000000000,0.02254,45051615,0xc75b534c180f6b865913845d2781927915550252d30bf1542ed3426bca0531c8,434,2026-04-22T21:16:17Z
693,0xf4e1b8577a9b1eafa6058c873531441697393b54,24820000000000000,0.02482,45094863,0x3f59db9b231b7b953114fe28a6897dc5a7f95ba3c26938c12019b83b9558176b,113,2026-04-23T21:17:53Z
694,0x76d0e7a13248945ee9f808b4a472262b28778942,26940000000000000,0.02694,45138278,0x5d8b790f91cb7549b75e110941f8c1ebffcf349b88a73bc8bad5857a0c7f55bf,302,2026-04-24T21:25:03Z
695,0xc421401af43d217d8bf16f18ffd076f3c84219d9,31700000000000000,0.0317,45181597,0x6069b5518ed83b759e71a01ae282ee88004b87ba27020ba6ac68b367bbdf2d40,1081,2026-04-25T21:29:01Z
696,0xd722d7cef1870733a85e779ab3d306ba286c0af0,33710000000000000,0.03371,45224947,0x336a93c0317990ca9c234e81e86e5c98e3fc043c69838f8b6ead0df7107d0509,196,2026-04-26T21:34:01Z
697,0x398acdc97722f3f0415861359e74bdcd10e41130,27850000000000000,0.02785,45268155,0x1bf99e1c9fee3abb19c83bd12bb7c2ea2ac398ed81749239f75dfb410d5c58cb,273,2026-04-27T21:34:17Z
698,0x50eac8369154231a7ca59a73ccaf1131e7904d4b,23980000000000000,0.02398,45311525,0x37ec09dda56b77b119e82289ba3ece931b95677d0ece7099cf3c3b4ef2217acb,365,2026-04-28T21:39:57Z
699,0xd29c790466675153a50df7860b9efdb689a21cde,28390000000000000,0.02839,45355158,0xcc5516a3968ec3a1197aa6aabe5652626078ea38a83c2dab40fa3d962e03d77b,132,2026-04-29T21:54:23Z
700,0x46e9beef5dc68dff095eca56dadf90247f1af7ef,24830000000000000,0.02483,45398657,0x56079d3c7b12faa1b68f31934f6129b9a4d0e9ce7facef18ca35946b7d29f467,123,2026-04-30T22:04:21Z
701,0xa2648350f3566e4f18a9519734928d08d3ea08c4,29260000000000000,0.02926,45442122,0xf6cb06c6828ae89f992113f98ef4f1da3e29ac15d014c3080fe366935e24744f,129,2026-05-01T22:13:11Z
702,0x8e5caf3f39b83dbc7663f7fc2b929e21d55482af,26450000000000000,0.02645,45485653,0x74276d032ef740c74187f00ba5afc17492f6cf79bc048f18eef69c4f8dedb40b,349,2026-05-02T22:24:13Z
703,0x43f8c3e0c0ab23f0a8660f3ea3ce1a7016f96a33,24860000000000000,0.02486,45529090,0x581eef048d77317186446342d285033b86aed31249dab94c9dcf881b807a4a46,478,2026-05-03T22:32:07Z
704,0xfe1180d8515c8700b933ee9a4ba6a98bc1a9b5ae,28600000000000000,0.0286,45572303,0xd636b6e8420b7614437af465a74d48b83deff76da29cf05f729b447192a9defe,129,2026-05-04T22:32:33Z
705,0xca0edb47a8c9ef04dc2368946f46fb3d7c1a3202,21480000000000000,0.02148,45615605,0x42aadc77b04786b46aecc25a1ec2454944e5f58e53693d643cbe31ab1c4a3971,136,2026-05-05T22:35:57Z
706,0x412b7153504217b405af821bdcdc5f21c71e3cbc,22650000000000000,0.02265,45666541,0x17183e1f5b1bc223a36cd7c49bf2ad98bd150ed9f0f3ce8e6b7714c34b462504,672,2026-05-07T02:53:49Z
707,0xee2bb96a633e50de9cbc8b4229b07cef9a008852,33000000000000000,0.033,45709949,0x4f993befa02edf6b162e16c8e854f3264ae5ce2d29a8bbac63fa71dd34304206,247,2026-05-08T03:00:45Z
708,0xca0edb47a8c9ef04dc2368946f46fb3d7c1a3202,24000000000000000,0.024,45753161,0x609ad0852601c9176503eb49b45a4b473fe126be2dd5fcdd8a36892d50ddef39,273,2026-05-09T03:01:09Z
709,0xffe16898fc0af80ee9bcf29d2b54a0f20f9498ad,24300000000000000,0.0243,45796681,0x40909440b3b04e35dc90fdec05959d1c8b98683b9c168f02c04cef887d0cb4d9,839,2026-05-10T03:11:49Z
710,0x1fb17e93ca83a21c517841f8a6fda27fa8eb11f0,10910000000000000,0.01091,45839908,0x948f1c73103f0af14e50dc3f68050f20b3dcae2f383cdf259d22553b3cbfda2c,485,2026-05-11T03:12:43Z
711,0xea89fa73f8e6283c37a72267290bc7829464893f,12100000000000000,0.0121,45883118,0xb795a62203ccc169e59931a1c0a3a23b88a607046413d8d06d69d013494ca4b4,342,2026-05-12T03:13:03Z
712,0x60fb37f0b204ef8df48793cbb5991a2422c9f205,13310000000000000,0.01331,45926407,0x67b9ab34a91f77fdf079362f5ef0eed2a5503b1ff24a2085d206bfc0c35be8e4,552,2026-05-13T03:16:01Z
713,0xa2648350f3566e4f18a9519734928d08d3ea08c4,16120000000000000,0.01612,45969864,0xe28e75e1994b7d1c090def0c0b74619b252c76b89dec36adfafd851e96f65e45,254,2026-05-14T03:24:35Z
714,0x3516006709b775e01b48dfb5fad355a4e793e347,13000000000000000,0.013,46013809,0xb0dc5a20f656b654b21e5edb81dd96fc88d450bf52ca297dfaac3c87d1e232bc,581,2026-05-15T03:49:25Z
715,0x84cb3b93f9a918632f05528770b5cf926396b0f4,13310000000000000,0.01331,46057101,0x61dc277510787cc95eeadbc246ff5eb3707494de38cc8d0aeb5a39e74df1edad,419,2026-05-16T03:52:29Z
716,0x71ce5605ab649d97446ef179bc2983b18ddc9a48,18660000000000000,0.01866,46100401,0x0f04f9cbb78bb9dc433c029ba06a701db3e63d7db661ef7f098743ff0cae59ad,382,2026-05-17T03:55:49Z
717,0x3516006709b775e01b48dfb5fad355a4e793e347,16000000000000000,0.016,46143634,0x08d1de16badbcae190e13c02c64818c5ebbed8d8c0477f2e25884c2d5163c76e,389,2026-05-18T03:56:55Z
718,0x4119cfa20129f9ea739590ea914cdfbc0c0772cb,5000000000000000,0.005,46206570,0xf72b90f7c188775bce13f7b9c577d3d9aae5869e16f76e9d771ea65f62f5c0d4,315,2026-05-19T14:54:47Z
719,0xa2648350f3566e4f18a9519734928d08d3ea08c4,19520000000000000,0.01952,46249784,0x178445d9bdc61a9f8170da647829ffb162fb8c817c571cadf218eb4fdc702f23,1148,2026-05-20T14:55:15Z
720,0x7732f594c38d4940e1076aa9f6f53065b7915953,16500000000000000,0.0165,46293081,0x52383a8afa8fe46f0d5f52d73ad97a4af00f1f069ea7779227c346cb0cca4d2f,734,2026-05-21T14:58:29Z
721,0x3516006709b775e01b48dfb5fad355a4e793e347,15800000000000000,0.0158,46336292,0x6dec5c839b0277a38605e72be08b741a15e6755bf7d34adf9eb44d98b53a15e6,195,2026-05-22T14:58:51Z
722,0x4119cfa20129f9ea739590ea914cdfbc0c0772cb,14650000000000000,0.01465,46379847,0xb1fa0f5c9dc01718f6f75e9180396e64071dc39d305b2d70e741c1f2d4ed7b2e,770,2026-05-23T15:10:41Z
723,0xd722d7cef1870733a85e779ab3d306ba286c0af0,15410000000000000,0.01541,46423641,0xa371adf04d31bc48732abe5be9f184ac72d723838956d3bf72d7724e1856d8ee,836,2026-05-24T15:30:29Z
724,0x76d0e7a13248945ee9f808b4a472262b28778942,10000000000000000,0.01,46511046,0xfedcbff43d8e3938621ee44bcf968e39d8ee22389e309e268bdb9c9a26bfe293,270,2026-05-26T16:03:59Z
725,0xca0edb47a8c9ef04dc2368946f46fb3d7c1a3202,11000000000000000,0.011,46554439,0x7968d69d6ca67f11b3d8f57235e5b3fad4a2bd309a20026d6019e814d1768d5f,405,2026-05-27T16:10:25Z
726,0x4119cfa20129f9ea739590ea914cdfbc0c0772cb,11000000000000000,0.011,46602034,0xf9541014ebee8c7c90b9ba3bc511c9e80f167d3b0a90abc747b58ac2a07f5ee7,153,2026-05-28T18:36:55Z
727,0xdbb811ec62338db94858ec21ef1d56b658111922,11000000000000000,0.011,46645283,0xf1ac12f56899a62ccb24f5686d1ef99245045b0b389912b2dd7b2b2dec17f34f,160,2026-05-29T18:38:33Z
728,0xffe16898fc0af80ee9bcf29d2b54a0f20f9498ad,12100000000000000,0.0121,46688531,0xa10214d0aaaabc3ea3808e9d7f68ac72b429ac4380a04ff690e2db428d9d31f0,450,2026-05-30T18:40:09Z
729,0x76d0e7a13248945ee9f808b4a472262b28778942,10000000000000000,0.01,46732701,0xab978626dd79d6e4a1f50f3dbd926b1309ca3a9f70c4134a2211a4a33fa016e8,84,2026-05-31T19:12:29Z
730,0xa2648350f3566e4f18a9519734928d08d3ea08c4,11000000000000000,0.011,46776263,0xb94452d9c31d47ee4129c1043fbd00a92ead7169fb17b285b52502a2fc6b37b2,453,2026-06-01T19:24:33Z
731,0x412b7153504217b405af821bdcdc5f21c71e3cbc,43110000000000000,0.04311,46819847,0x8a398db0067b29efc0a8cb676b7d27a32e02b381d55dd275c983b6d62fe813db,113,2026-06-02T19:37:21Z
732,0xdbb811ec62338db94858ec21ef1d56b658111922,53240000000000000,0.05324,46863181,0x7ddb6db404da5c3fef65fcb24c2dab093b366a522b98407c003c2b436e10c8d4,568,2026-06-03T19:41:49Z
733,0xd1ab146981d50adcfe18433500e852af396ea7b1,44000000000000000,0.044,46906898,0xb864369f5fc13c61f435ee5eb579a0f367ad1fe99ee3e054ea44fad15b62c36f,639,2026-06-04T19:59:03Z
734,0x3516006709b775e01b48dfb5fad355a4e793e347,36900000000000000,0.0369,46950225,0x9749ec39c2944be8d6d397b092343309a0c898c6fd4dbe17d125e81f4b43a995,415,2026-06-05T20:03:17Z
735,0x4119cfa20129f9ea739590ea914cdfbc0c0772cb,39950000000000000,0.03995,46993433,0xa13ad52105ce694def92986e14fe3180f65545fa93a778bedff4bf4988b4768c,27,2026-06-06T20:03:33Z
736,0xd29c790466675153a50df7860b9efdb689a21cde,26620000000000000,0.02662,47036839,0xbfff6165d41f2161ea16b201afbeab2fd7664f4dcb5aab34b637bc78540777e3,1291,2026-06-07T20:10:25Z
737,0xa9b0ff77f30d9876378a94155d2153caa68e03e3,36310000000000000,0.03631,47080178,0xc3376e2b92c0b20596c147156364b7dadb8a9ed220589d7baa352868c0a2059a,131,2026-06-08T20:15:03Z
738,0x23d660548cd61432537592dcea15b059605c9242,33000000000000000,0.033,47124063,0xab40afc2427ed2399b2c30ba0f9e080475f450431bc77253e4fdd53823dfee2e,524,2026-06-09T20:37:53Z
739,0x23d660548cd61432537592dcea15b059605c9242,33000000000000000,0.033,47168406,0xb3fb7233efcbcce6930ac3f71193b168172c2a1c4aaf3bf9024004da3d248aa4,302,2026-06-10T21:15:59Z
740,0x46e9beef5dc68dff095eca56dadf90247f1af7ef,27600000000000000,0.0276,47211620,0x76e2dcf7e8e958ec13d559b6c2dd74e49fc7e12a94b0ac2cf5d91c6a2c40c0e6,128,2026-06-11T21:16:27Z
741,0xa2648350f3566e4f18a9519734928d08d3ea08c4,26000000000000000,0.026,47255267,0xada3a1c3bb70bc482da450e40bf806ee96e7b60025ffe4fff1ed9618017af9f6,482,2026-06-12T21:31:21Z
742,0x4119cfa20129f9ea739590ea914cdfbc0c0772cb,29960000000000000,0.02996,47298649,0x046eada99fa3f17b70beb4f1d7656542840d39946fe013118aafb7823b74d45e,122,2026-06-13T21:37:25Z
743,0x71ce5605ab649d97446ef179bc2983b18ddc9a48,26900000000000000,0.0269,47345126,0x369575f08715525c9abe7377c6ba6f6e43efe25556e593e1c437bc4e35108a4f,304,2026-06-14T23:26:39Z
744,0xa2648350f3566e4f18a9519734928d08d3ea08c4,25800000000000000,0.0258,47388341,0x3cf9a5947948a0cb253deba62f26eb76a17998c05106f6911bd31eff4e6beb05,633,2026-06-15T23:27:09Z
745,0x833c829b5123c7af0b810a03084d5d3f0529d323,17740000000000000,0.01774,47431554,0xf27d50bf338277785b52bd065e9fc05ecaa19e12a83856ada4503222527d8c8a,161,2026-06-16T23:27:35Z
746,0x7732f594c38d4940e1076aa9f6f53065b7915953,13310000000000000,0.01331,47475185,0x3841b0127ae4bbf29a2be4a253f80958a2b213a7c68bcb9f914b3f811637c3ed,204,2026-06-17T23:41:57Z
747,0x4119cfa20129f9ea739590ea914cdfbc0c0772cb,11000000000000000,0.011,47518394,0xd97500777959b9bf1c95f1830c1ebb1f35c97ab8b5c0663556a286366962355d,261,2026-06-18T23:42:15Z
748,0x4119cfa20129f9ea739590ea914cdfbc0c0772cb,12100000000000000,0.0121,47561728,0x443718ae7bd0fb61d8c769e23c51bcb7c210b1314dbdeafbfb42d18acc5452e1,320,2026-06-19T23:46:43Z
749,0xea89fa73f8e6283c37a72267290bc7829464893f,11110000000000000,0.01111,47604935,0x06a2638c8a99093b7b94876cfd9dea8b8afee0987b547f4f2c582fe6997a9c86,273,2026-06-20T23:46:57Z
750,0x7732f594c38d4940e1076aa9f6f53065b7915953,11000000000000000,0.011,47648275,0xc96ed34b6e1c03c8a3488293cb9cf09e904d39a08372bcbdcd9f1498af848671,418,2026-06-21T23:51:37Z
751,0x71ce5605ab649d97446ef179bc2983b18ddc9a48,8010000000000000,0.00801,47691532,0x079ea047139f0f2dda951244d80d99ba01d68312df2f982896aaf8a4aa639d55,167,2026-06-22T23:53:31Z
752,0xca0edb47a8c9ef04dc2368946f46fb3d7c1a3202,11000000000000000,0.011,47734829,0x9a5d8b906d0c97149ce1c37d8446d9007d2e3e5b981fc7e2f83aea67bed94721,227,2026-06-23T23:56:45Z
753,0x50eac8369154231a7ca59a73ccaf1131e7904d4b,13310000000000000,0.01331,47778037,0xba2fca59c5b501a4ae213c27ca29e93ae35f1c87d21cae258538575e3a6f71a2,185,2026-06-24T23:57:01Z
754,0x833c829b5123c7af0b810a03084d5d3f0529d323,12100000000000000,0.0121,47821245,0xd6a59a3e7ddc61ef44ecd1844636fe7feb78422132d25208828cba832496c088,205,2026-06-25T23:57:17Z
755,0x75a5e92a54336141f7a4d3e87eebf57e0cf4239d,11190000000000000,0.01119,47864763,0x385cd68c920993b203f468de8d664a906a09842b9069badd2f7d25d880fa3ecb,364,2026-06-27T00:07:53Z
756,0xd1ab146981d50adcfe18433500e852af396ea7b1,12100000000000000,0.0121,47908341,0x9ca227d479c9f5edff69d4657e60950e8d5f8d856b1c1fbf53926a272660fd33,60,2026-06-28T00:20:29Z
757,0x9f080983c678c6639f9a4de8f1feace2b2a1a54c,13310000000000000,0.01331,47951594,0x5040ee424f02d0ac0375132b82947011ed1a44a4af97a31d60090f79a0883af3,467,2026-06-29T00:22:15Z
758,0x16219b2c3a11c5833ace1a8b9ddf64c48ddbe3f7,12410000000000000,0.01241,47994826,0xd793116fb85654f7005c236ea9f6cb26b309dfcc10ed6c2c9742a878ad4d0b2b,648,2026-06-30T00:23:19Z
759,0xca0edb47a8c9ef04dc2368946f46fb3d7c1a3202,10250000000000000,0.01025,48038087,0x48ac70df96f6399d8dccc0fe67905e04741693df3c54b1c4b7e52f35fb7c980a,307,2026-07-01T00:25:21Z
760,0xd1ab146981d50adcfe18433500e852af396ea7b1,11000000000000000,0.011,48084034,0x280586b0d9c4847d5503e4022a84578c8d8a9340722f4b1310069f3b1e5b98e2,160,2026-07-02T01:56:55Z
761,0x182a4e4759e9f841682dc7d89b5cccd6ccb6a82d,11000000000000000,0.011,48127641,0xda84fff479298b5f0d6515d6e1986d43537ca5251d2dde5bf5a8850c2cd9e1c5,309,2026-07-03T02:10:29Z
762,0xa2648350f3566e4f18a9519734928d08d3ea08c4,9340000000000000,0.00934,48171020,0x9bbc60e8d2c19e174533f6fc5337d60cd4bd336c49585dde92b4be07aa793d3e,380,2026-07-04T02:16:27Z
763,0x16219b2c3a11c5833ace1a8b9ddf64c48ddbe3f7,12100000000000000,0.0121,48214328,0x10f7632974ebe67d07e3d55c8ee1525470c58bf928edf18c116b74489d0d1813,775,2026-07-05T02:20:03Z
764,0x7732f594c38d4940e1076aa9f6f53065b7915953,11000000000000000,0.011,48257602,0x42b12171c799122e0875a6b8ad1de8baa324d585ed86d850d4b967669767c38b,140,2026-07-06T02:22:31Z
765,0x76d0e7a13248945ee9f808b4a472262b28778942,10000000000000000,0.01,48301100,0x831477171c3078bbd26fa363ccdf7e94ef7f054876e9e51457f2fd2e1437511f,84,2026-07-07T02:32:27Z
766,0x71ce5605ab649d97446ef179bc2983b18ddc9a48,11000000000000000,0.011,48348298,0x165715aae0a3bea17571a6a2bdfaef210ac96405659531aa6a617d084e0e58e4,294,2026-07-08T04:45:43Z
767,0x76d0e7a13248945ee9f808b4a472262b28778942,10000000000000000,0.01,48392164,0x945b96765a8093e54c9446c5b0a9a333c14d46fc707c2de0bbf349db71e8d771,224,2026-07-09T05:07:55Z
768,0x76d0e7a13248945ee9f808b4a472262b28778942,10000000000000000,0.01,48435556,0x095e1d5d11e59bd08478e53004aa6fa70e2a2cf2f811cc7fb66c715de6637d6c,249,2026-07-10T05:14:19Z
769,0x76d0e7a13248945ee9f808b4a472262b28778942,10000000000000000,0.01,48480232,0x45aba473ff2f7f54ccc27368a2af4f04df5983cad4c77caceb9caa10fe37ce73,126,2026-07-11T06:03:31Z
770,0xffe16898fc0af80ee9bcf29d2b54a0f20f9498ad,11000000000000000,0.011,48523506,0x37b9fec49e7488cc0d96122832b2b37117a671002e0c90f3b4505313df27571c,186,2026-07-12T06:05:59Z
771,0x71ce5605ab649d97446ef179bc2983b18ddc9a48,11000000000000000,0.011,48570245,0x6e3a7d2b67efefbeaf5a8e4deec6613a7345149d19a7fb85c670a99b19924047,475,2026-07-13T08:03:57Z
772,0xf0807da85b2af462edd8a1855f4d301fba1f74ae,11000000000000000,0.011,48613621,0x52d795a2d9a33b52f0abf4edd396ee10994f66ff90d51098836524dacd43732a,161,2026-07-14T08:09:49Z
773,0x76d0e7a13248945ee9f808b4a472262b28778942,10000000000000000,0.01,48657275,0xf77b5f841a356999789f5251af2e4a73adbecf3ad8632ad9a6ef1ff84a936c88,124,2026-07-15T08:24:57Z
774,0x76d0e7a13248945ee9f808b4a472262b28778942,10000000000000000,0.01,48700731,0xac2ee26df84e83ff4205b1900b86790de8a16e554dd33c0da2bb3a6a6d615ef7,226,2026-07-16T08:33:29Z
775,0x76d0e7a13248945ee9f808b4a472262b28778942,9000000000000000,0.009,48751229,0xef9f42e1f5283eed9451491457687b3ff40c37a99877a34e07310f0df2811c8b,99,2026-07-17T12:36:45Z
776,0x8cd17616465e2c0de3b1875757adcffeee269865,10910000000000000,0.01091,48795074,0xdb57f06e2c234e6f50def74eb9ccba6e5b0aed26c7d7af33ec80a30839e50858,227,2026-07-18T12:58:15Z
777,0x7e94850ea092dd314c0519ad675885b50564dadb,9910000000000000,0.00991,48838450,0xc126c6bc78afe5234e4c55a8b3677f2d90b349154c793fcdf5154b0da016c948,301,2026-07-19T13:04:07Z
778,0xd29c790466675153a50df7860b9efdb689a21cde,10910000000000000,0.01091,48881911,0xb64bce85a2b23d0c42f062bd0fff5d1959d02626a42dca37182e0ed4e74effd5,212,2026-07-20T13:12:49Z
779,0x46e9beef5dc68dff095eca56dadf90247f1af7ef,9910000000000000,0.00991,48931683,0xafa8ed8fa9b83e62f5397d325eeb12bf468b43c35cafde354da4c3ccf32cf9c4,298,2026-07-21T16:51:53Z
780,0xde510683333096b200fd40dd068eb8f86772652c,9910000000000000,0.00991,48975016,0x30d888a4ef19c3a2c5b60bfe71f3f264ed79df6f2caa2b4aaafd2ceb0353072d,513,2026-07-22T16:56:19Z
781,0x71ce5605ab649d97446ef179bc2983b18ddc9a48,9910000000000000,0.00991,49023751,0x303b9eb444e869018cabc40ef307db251fab9175df2c8eb5f6b672c206d7522a,160,2026-07-23T20:00:49Z
782,0x833c829b5123c7af0b810a03084d5d3f0529d323,9000000000000000,0.009,49072109,0xcc38bc09d7bee39f0c736d2b64a806692d70c6e5048e0a3f0d6efe616fd57859,379,2026-07-24T22:52:45Z
783,0xd29c790466675153a50df7860b9efdb689a21cde,9910000000000000,0.00991,49115702,0xdb1d5240404b12a1a4b21047e8db731f5af14e16f5dc59e437ba47febd448cb7,243,2026-07-25T23:05:51Z
784,0x76d0e7a13248945ee9f808b4a472262b28778942,9000000000000000,0.009,49159229,0x5ae1b1fba7d7af8bc46196d51c0c00ac16707cf4436a5ad155e8dd0fb655ab7f,452,2026-07-26T23:16:45Z
785,0x76d0e7a13248945ee9f808b4a472262b28778942,9000000000000000,0.009,49212385,0x5c4ff2815cba9be492056d6442bbcd0a90a33db5b2ad4894de39e9be80dd384c,456,2026-07-28T04:48:37Z
786,0x71ce5605ab649d97446ef179bc2983b18ddc9a48,9910000000000000,0.00991,49255842,0xd717fe3449c4fd9aa9d14accc23cf031ffb4fa3bc0a13f2222c177949489832b,104,2026-07-29T04:57:11Z
787,0xd1ab146981d50adcfe18433500e852af396ea7b1,9910000000000000,0.00991,49303145,0x5a1ce3be30da436c9ac0dee38fb944587bfee4080483209c650f6fc010336711,75,2026-07-30T07:13:57Z
788,0x76d0e7a13248945ee9f808b4a472262b28778942,9000000000000000,0.009,49356975,0x619a4aa06b2ecbedcf51421cbb2f8cd9d4f329c61010299204c820a687b127d6,287,2026-07-31T13:08:17Z
789,0xdfbff2e5535a24e1c11b4c994f5eab08acd573ca,13000000000000000,0.013,49400365,0x20e67a176bb9c09017b9ee5084aa59de53fe7341e6c613d055bce7a1357dbdca,2483,2026-08-01T13:14:37Z
790,0x021f6491c31ee6ecd0a840e8e5c562f5c555261d,10000000000000000,0.01,49443635,0x1d74738c07b1c9873d9123d5bf6e9715c898cae780d1766e6a7319065dad158f,211,2026-08-02T13:16:57Z
791,0x76d0e7a13248945ee9f808b4a472262b28778942,9000000000000000,0.009,49487567,0xbdaf69a1e80659dec4dae46dad7d39b7bfa6d4e24a1be21fafbb4d7dc60425aa,424,2026-08-03T13:41:21Z
792,0xa2648350f3566e4f18a9519734928d08d3ea08c4,19720000000000000,0.01972,49530800,0x4c3ae4b89ad742be9d0c96e7675662d6d626965cc18088d3d13408f36c881197,262,2026-08-04T13:42:27Z
793,0x76d0e7a13248945ee9f808b4a472262b28778942,9000000000000000,0.009,49574119,0xd11b7fe191d1f5b531321b448b57feb1a0f6278e6ebe13555db33e280b41361a,234,2026-08-05T13:46:25Z
794,0x76d0e7a13248945ee9f808b4a472262b28778942,9000000000000000,0.009,49619146,0x0d6eae9072e7911d2af60814036bde5f71d30177c8802212259ad1becff15584,219,2026-08-06T14:47:19Z
795,0x71ce5605ab649d97446ef179bc2983b18ddc9a48,8800000000000000,0.0088,49662740,0x1aef22ca486089151846f86bd0b2798d484639882de007e2b9a5702c7a10489a,374,2026-08-07T15:00:27Z
796,0x76d0e7a13248945ee9f808b4a472262b28778942,8000000000000000,0.008,49706256,0x6be5fa9e2461aedd856f4fcb33f61e6ef6ec5613a930ed2a72be3686c8634f83,277,2026-08-08T15:10:59Z
797,0x76d0e7a13248945ee9f808b4a472262b28778942,8000000000000000,0.008,49749669,0x1674c1135f42c9c0ab506a1569153c1694368be4b5663441acaa77d9ae9e1ee4,308,2026-08-09T15:18:05Z
798,0x76d0e7a13248945ee9f808b4a472262b28778942,8000000000000000,0.008,49793939,0xcfe7fd0dff6cc77fb9d08c8c1eedca95a44f070cf1798de70beeecdd2b83a878,130,2026-08-10T15:53:45Z
799,0x84cb3b93f9a918632f05528770b5cf926396b0f4,8490000000000000,0.00849,49837343,0x49aa883ad35fa60b66acef615f86e9fcdfa0fbd909d58d179d99baf51aacf626,73,2026-08-11T16:00:33Z
800,0x76d0e7a13248945ee9f808b4a472262b28778942,8000000000000000,0.008,49880626,0x373ca217764a26d00c507d8b1eeb2506eba9683d26ce994884831357ed153ace,131,2026-08-12T16:03:19Z
801,0x76d0e7a13248945ee9f808b4a472262b28778942,7000000000000000,0.007,49923848,0x2ced1055219cd539147dc2127231d33c654322175fe33f050c755b8ed265f617,236,2026-08-13T16:04:03Z
802,0x76d0e7a13248945ee9f808b4a472262b28778942,9000000000000000,0.009,49967812,0x33dd9e51627f5ec5b6fdb45769352b4a527eb1fbf2b1ad36fd1de6e5ebb6bc4a,175,2026-08-14T16:29:31Z
803,0x76d0e7a13248945ee9f808b4a472262b28778942,7000000000000000,0.007,50012967,0xff4851ba4318d1a221f6f92f52048690ff494a398f8cb896c49ea9ae1a7cfbdb,911,2026-08-15T17:34:41Z
804,0x13dbc7d5ace21d1eeb5f884666e284138fbff620,9710000000000000,0.00971,50056271,0x55ae544798c956842c95c10b045b20db05f8c0507f37f428f2c85bf9d9862aaf,191,2026-08-16T17:38:09Z
805,0x13dbc7d5ace21d1eeb5f884666e284138fbff620,7710000000000000,0.00771,50099770,0x900d52d7424eaff253899239034fd897d4e225e44ec585515d0979f2ff24aa4e,481,2026-08-17T17:48:07Z
806,0x13dbc7d5ace21d1eeb5f884666e284138fbff620,8900000000000000,0.0089,50145947,0x87ca8cac3f2bf41a797c0573479792ad5f560ca7329f89d91c89497a8ae5f859,39,2026-08-18T19:27:21Z
807,0xea3ef7d0090872ce5e26fdcbb5507eb97be21843,11000000000000000,0.011,50189700,0xb3e19a7c0f0df42dfafcafda93c434d8b61b9b6ba98cc5d04d8c98dea74ed52d,280,2026-08-19T19:45:47Z
808,0x76d0e7a13248945ee9f808b4a472262b28778942,10000000000000000,0.01,50233266,0xcaadf1ac52e9fcce099bd52fa49f94afb0489bcdfe911e6bcfc3185ef6281e25,492,2026-08-20T19:57:59Z
809,0x76d0e7a13248945ee9f808b4a472262b28778942,9000000000000000,0.009,50276599,0xf266e5138494270375eedc50e38c2d9a66a1f3386b8a6ee03869763ffc10ab05,165,2026-08-21T20:02:25Z
810,0x76d0e7a13248945ee9f808b4a472262b28778942,8100000000000000,0.0081,50319804,0x948fefb9c3abff43138de97d9ec460d60fd4b11de4f776b814bf49808305e8ef,368,2026-08-22T20:02:35Z
811,0x76d0e7a13248945ee9f808b4a472262b28778942,7000000000000000,0.007,50364002,0x098de1109dff400406abe4a7571b87bd66a36e78c8b4f0e3b2930924d7ffc360,266,2026-08-23T20:35:51Z
