bidder,bids,auctions_bid,bid_eth,high_bid_eth,auction_wins,winning_eth,latest_bid_time_utc
0x76d0e7a13248945ee9f808b4a472262b28778942,213,142,4.64961,0.16455,38,0.79723,2026-08-26T22:04:59Z
0x46e9beef5dc68dff095eca56dadf90247f1af7ef,99,64,3.735608,0.27463,10,0.67563,2026-07-20T17:59:43Z
0xc5831df8214b36e27c0d5fa45eed8d160610dc90,24,13,2.65939,0.21538,4,0.61865,2026-02-02T03:00:31Z
0x86e36c9ba3c6a2542fd761bc2b4fd61a110ea6cd,30,14,2.32409,0.2046,7,0.83472,2026-04-15T20:29:01Z
0xffe16898fc0af80ee9bcf29d2b54a0f20f9498ad,29,18,1.99536,0.3021,7,0.76816,2026-07-11T11:36:41Z
0xca0edb47a8c9ef04dc2368946f46fb3d7c1a3202,60,45,1.59966,0.14301,8,0.28071,2026-06-30T15:34:55Z
0xd29c790466675153a50df7860b9efdb689a21cde,88,45,1.47136,0.07333,8,0.20158,2026-08-24T21:35:01Z
0x71ce5605ab649d97446ef179bc2983b18ddc9a48,99,65,1.40181,0.06064,17,0.27422,2026-08-25T06:38:05Z
0xa2648350f3566e4f18a9519734928d08d3ea08c4,100,49,1.381643,0.04358,12,0.30901,2026-08-04T13:45:17Z
0xfd9d96082ea88c5cee50db6343077b8124965f71,12,3,1.23659,0.24966,1,0.15691,2026-01-15T01:09:13Z
0x98fd129b2183d2a80f9d8da156242ce3e0d53756,11,4,1.00058,0.19812,1,0.19812,2026-01-17T20:56:07Z
0xc7aab24ede583b0dc9041343ae51466bb86a1ab7,28,15,0.961862,0.09999,7,0.22189,2026-03-24T15:40:31Z
0xe16f9db0e6ca8f2f9151ac581a78d9dd5a4bb1ef,29,12,0.95325,0.11001,1,0.085,2026-02-11T04:28:45Z
0x8e5caf3f39b83dbc7663f7fc2b929e21d55482af,40,18,0.95054,0.05851,8,0.23593,2026-05-02T22:25:15Z
0x14e8fddfa4a7c709c19a8c7da5205c3ae366355c,25,14,0.74112,0.07701,3,0.12806,2026-02-19T06:06:35Z
0xc421401af43d217d8bf16f18ffd076f3c84219d9,42,19,0.72614,0.06666,9,0.22919,2026-04-25T21:23:49Z
0x0c65be17e86bcb6019148be0a4e8f0a4510a70cb,16,6,0.6999,0.10716,0,0.0,2026-06-02T14:46:49Z
0xd1ab146981d50adcfe18433500e852af396ea7b1,27,21,0.69181,0.05135,8,0.22641,2026-07-30T10:26:31Z
0xfe1180d8515c8700b933ee9a4ba6a98bc1a9b5ae,25,8,0.5832,0.04033,2,0.06136,2026-05-05T04:08:19Z
0xe068579e46ca32a7ed3d51f217fcc5a0d829fca0,11,5,0.45229,0.10253,1,0.10253,2026-01-30T02:37:27Z
0x7eaa7613f4cf84a10fb1daf07472e07031ff01d4,7,2,0.41805,0.1298,1,0.1298,2026-03-21T15:04:51Z
0x2df06405772f9fe85e1771ff11baaa5d3933f457,16,9,0.39027,0.05133,1,0.03937,2026-06-08T21:59:47Z
0x903dd30042ae53844ae83bdf2bcf839c4e80eef8,5,2,0.38269,0.10825,0,0.0,2026-01-10T13:52:21Z
0xd722d7cef1870733a85e779ab3d306ba286c0af0,19,14,0.37772,0.05161,2,0.04912,2026-06-01T19:25:11Z
0x3516006709b775e01b48dfb5fad355a4e793e347,23,15,0.37663,0.0369,4,0.0817,2026-06-17T22:29:35Z
0x833c829b5123c7af0b810a03084d5d3f0529d323,24,16,0.36485,0.03027,5,0.0895,2026-07-23T20:01:11Z
0x23d660548cd61432537592dcea15b059605c9242,19,13,0.3551,0.05501,3,0.09079,2026-06-21T21:45:43Z
0xefbe74a2d564b5da62407d452038db32c9fd6b27,4,1,0.30627,0.11799,0,0.0,2026-01-10T18:12:03Z
0xf4e1b8577a9b1eafa6058c873531441697393b54,9,4,0.293,0.07591,2,0.05203,2026-04-23T21:18:59Z
0x1b49689db12080f5fcc5dc36f990599739487566,6,2,0.2842,0.08057,0,0.0,2026-01-10T14:38:09Z
0xbdd8f7ceae7fbfb25bd5615ad3c2608404f6bb72,54,38,0.25533,0.01859,2,0.01621,2026-08-25T00:33:59Z
0x4119cfa20129f9ea739590ea914cdfbc0c0772cb,20,12,0.22315,0.03995,7,0.12366,2026-06-19T23:41:07Z
0x412b7153504217b405af821bdcdc5f21c71e3cbc,12,6,0.20805,0.04311,2,0.06576,2026-06-02T19:29:19Z
0x398acdc97722f3f0415861359e74bdcd10e41130,9,5,0.19798,0.03064,2,0.05831,2026-04-27T21:34:33Z
0x84cb3b93f9a918632f05528770b5cf926396b0f4,37,31,0.19215,0.02965,3,0.04207,2026-08-16T20:32:11Z
0x7c6f3877c942089866b6ca13c2f58e94cfe72978,1,1,0.16555,0.16555,0,0.0,2026-01-23T13:07:29Z
0x1fb17e93ca83a21c517841f8a6fda27fa8eb11f0,15,10,0.15758,0.0258,1,0.01091,2026-05-11T02:16:35Z
0xad1587791ceb3bc2dc54c025911937405a9c887c,3,1,0.15676,0.07324,1,0.07324,2026-03-20T14:40:49Z
0x85886411fe41fdbcfc6631aca4b088e389bc0cd8,1,1,0.155,0.155,0,0.0,2026-01-10T23:44:15Z
0x5f717f61b09438ca13c78678dbb1ab9775550534,1,1,0.14521,0.14521,0,0.0,2026-01-13T22:03:47Z
0x7732f594c38d4940e1076aa9f6f53065b7915953,11,7,0.13882,0.01774,4,0.05181,2026-07-06T02:16:01Z
0x8a1721bf6127b16836c2bcd33c612765ff9f0687,4,1,0.1323,0.04835,1,0.04835,2026-03-25T15:58:07Z
0x50be4fc9dba77aee3ffb8fe1e043f02837937ce6,7,4,0.13064,0.02751,0,0.0,2026-04-07T09:06:03Z
0x182a4e4759e9f841682dc7d89b5cccd6ccb6a82d,15,9,0.12658,0.01659,1,0.011,2026-07-02T03:53:53Z
0xffa73032fc023cbc21334d15d19854294f8e64db,7,6,0.12341,0.03255,2,0.05509,2026-04-22T21:21:47Z
0xbd26ccb76ddb5d8ccc33081b0a12c3e9bfe763b6,2,2,0.11899,0.11001,0,0.0,2026-03-09T08:13:17Z
0xdbb811ec62338db94858ec21ef1d56b658111922,6,4,0.11078,0.05324,2,0.06424,2026-06-03T20:00:45Z
0xea89fa73f8e6283c37a72267290bc7829464893f,8,6,0.10579,0.03,2,0.02321,2026-06-20T23:47:31Z
0x045acd980764824b9eb6f312f0a2cdd9f3183503,16,9,0.10531,0.0123,1,0.0123,2026-05-05T19:50:29Z
0xe25d3e10da73904cb956088767100c8d80053ad4,7,2,0.10449,0.02798,0,0.0,2026-02-10T04:16:21Z
0x67c91318b9c38dbeb200e1539b64e5bbc930372f,7,4,0.09848,0.04885,1,0.04885,2026-03-30T17:00:09Z
0xee2bb96a633e50de9cbc8b4229b07cef9a008852,8,3,0.0945,0.033,1,0.033,2026-05-08T02:53:37Z
0x50eac8369154231a7ca59a73ccaf1131e7904d4b,5,4,0.09395,0.02398,3,0.05572,2026-06-24T23:44:11Z
0x13dbc7d5ace21d1eeb5f884666e284138fbff620,15,9,0.08321,0.0202,4,0.03293,2026-08-26T21:46:49Z
0xe04885c3f1419c6e8495c33bdcf5f8387cd88846,5,4,0.07604,0.02198,0,0.0,2026-05-01T21:59:47Z
0x9f080983c678c6639f9a4de8f1feace2b2a1a54c,11,9,0.07212,0.01952,1,0.01331,2026-07-15T08:25:27Z
0x16219b2c3a11c5833ace1a8b9ddf64c48ddbe3f7,5,4,0.07015,0.02543,2,0.02451,2026-07-05T02:14:39Z
0x9862478d2795e7e174958b567b010108a803f956,12,6,0.04855,0.01794,0,0.0,2026-02-08T22:19:47Z
0x021f6491c31ee6ecd0a840e8e5c562f5c555261d,4,4,0.04787,0.01696,1,0.01,2026-08-01T13:14:59Z
0x8cbf96319b3c56d50a7c82efb6d3c46bd6f889ba,2,2,0.04429,0.04129,0,0.0,2026-01-15T00:56:21Z
0x6ea4bcf15e80b8903f4456d921a85704ef8c1c0a,1,1,0.03995,0.03995,0,0.0,2026-01-22T02:03:15Z
0x0b2b3483a5cedb08839e098d3d9f02d1893a20dc,9,8,0.03759,0.00807,1,0.00807,2026-07-03T18:17:33Z
0xa9b0ff77f30d9876378a94155d2153caa68e03e3,2,2,0.03686,0.03631,1,0.03631,2026-08-26T21:55:21Z
0x9c1bd1b58ba842c9f5687adc3e37bdff50edff91,2,2,0.03681,0.03631,0,0.0,2026-01-22T02:02:41Z
0xfcd8f38392866fcebab167e68748ae4b637a6a24,2,2,0.03234,0.0163,0,0.0,2026-02-08T21:42:47Z
0x2da2ed2d76c0d2ca0595d30def13f3f2ae3e4ae3,5,1,0.0319,0.00903,0,0.0,2026-01-09T10:35:31Z
0xdebee557279efedf7b9044292fbb83988060c337,3,2,0.03119,0.01634,0,0.0,2026-03-10T08:18:01Z
0x26d85c9ed5c6cfe6bd13acd25b7aada9193e8caa,4,3,0.0285,0.021,0,0.0,2026-02-04T03:21:19Z
0xd559e433718b1f2667fde7c859fc982cf0bc491f,8,8,0.02645,0.00931,0,0.0,2026-08-13T22:38:19Z
0x4c2904e42ce586a114dc08b0b15a4a09de025bbf,4,2,0.02571,0.01254,0,0.0,2026-03-03T07:32:41Z
0xf561592d05174512905cece6f00efc52423adc3c,5,4,0.02559,0.00771,0,0.0,2026-08-11T15:51:59Z
0x43f8c3e0c0ab23f0a8660f3ea3ce1a7016f96a33,1,1,0.02486,0.02486,1,0.02486,2026-05-03T22:16:57Z
0x75a5e92a54336141f7a4d3e87eebf57e0cf4239d,4,3,0.02253,0.01119,1,0.01119,2026-06-26T19:42:27Z
0x6794c4220791d85f640274b9391d4c70cd92c1b4,3,2,0.02179,0.00825,0,0.0,2026-03-10T05:36:35Z
0x8cd17616465e2c0de3b1875757adcffeee269865,2,2,0.02082,0.01091,1,0.01091,2026-07-20T12:57:15Z
0xbaba775a0400a5e442335ceaa4820edb1ded8f73,2,1,0.02064,0.0121,0,0.0,2026-05-05T21:52:39Z
0xfa3ce274f05bb01b8dc85a9dff96cae8c5c869e6,2,2,0.019,0.01,0,0.0,2026-01-18T02:27:29Z
0xde46c8ad3eb5b3992f21721ce69f3d92ea07c96f,10,3,0.01879,0.00329,0,0.0,2026-01-24T02:13:05Z
0x76d387388bea6b60ca6d1e97f446f7e26d39d313,4,1,0.01802,0.00705,0,0.0,2026-05-05T20:02:47Z
0xdfbff2e5535a24e1c11b4c994f5eab08acd573ca,2,2,0.01449,0.013,1,0.013,2026-08-01T13:07:23Z
0x8847925f96be82ad7e48b26f641e7d47d073fe0a,3,1,0.014,0.00559,0,0.0,2026-01-09T06:24:59Z
0x60fb37f0b204ef8df48793cbb5991a2422c9f205,1,1,0.01331,0.01331,1,0.01331,2026-05-13T03:10:39Z
0xab38785e2e0daf919ec898007562c618ce62a10d,5,4,0.0125,0.00733,0,0.0,2026-07-07T05:53:41Z
0xa036225142c4f464ac1c1e04ca663809b4cfc1bc,3,2,0.01221,0.00586,0,0.0,2026-01-25T06:45:05Z
0xf7b321a4a4359d794d1f06ae6674ac31d55ce2db,1,1,0.0121,0.0121,0,0.0,2026-05-13T03:09:57Z
0xea3ef7d0090872ce5e26fdcbb5507eb97be21843,2,2,0.012,0.011,1,0.011,2026-08-18T19:50:11Z
0xeaa2a690fb3e110544017efa02bac6afaa7e5253,1,1,0.012,0.012,0,0.0,2026-02-14T17:17:05Z
0x7e94850ea092dd314c0519ad675885b50564dadb,2,2,0.01101,0.00991,1,0.00991,2026-07-19T12:54:37Z
0x502ce9fb1814cb03843967ec5e0d8f6aa3a3c2e1,1,1,0.011,0.011,0,0.0,2026-05-30T06:09:29Z
0xc6f95eee7e639674d4866b88acb944a4dff45619,1,1,0.011,0.011,0,0.0,2026-02-09T07:56:25Z
0xf0807da85b2af462edd8a1855f4d301fba1f74ae,1,1,0.011,0.011,1,0.011,2026-07-14T08:01:53Z
0xde510683333096b200fd40dd068eb8f86772652c,1,1,0.00991,0.00991,1,0.00991,2026-07-22T16:50:51Z
0x05526e29e28ba9ff622a42e30989147651b64111,3,1,0.0091,0.00345,0,0.0,2026-01-09T04:53:55Z
0xabb57831ea27b2610eab0da51d8b351c5b3af5c4,3,2,0.00878,0.0055,0,0.0,2026-01-15T01:17:41Z
0x836882194209e16929c1c1b3817bc6d9d7fd9a9f,3,1,0.00797,0.00394,0,0.0,2026-01-26T20:08:31Z
0xd0b404edd816260199585423b0449933592909b9,2,2,0.00776,0.00666,0,0.0,2026-02-03T04:02:57Z
0xd1f5b9684810479e503ea984f3ab8e259236c36b,2,2,0.00755,0.00605,0,0.0,2026-02-27T11:23:01Z
0x4932ae69f9da1ff74944680baad245cd3747d861,1,1,0.00738,0.00738,0,0.0,2026-01-14T17:29:45Z
0x9b73ac9c0034ba26f8781baa37c4b06d727c9e1a,2,1,0.00687,0.005,0,0.0,2026-01-14T03:11:47Z
0x05929a613ff148b1f78f0ff7738bd47d316f5404,1,1,0.0067,0.0067,0,0.0,2026-01-14T05:19:21Z
0xeac116c1d442334b6ace9fbd2258ff8819e058f1,1,1,0.00666,0.00666,0,0.0,2026-02-01T11:04:25Z
0x0f20a137db77ba749d3aeebcb44d729c8ddbfbc0,1,1,0.00661,0.00661,0,0.0,2026-08-15T17:59:39Z
0x0416cae0e61e140df342b96a981d07ce41461ae6,2,1,0.00634,0.00434,0,0.0,2026-01-16T19:00:31Z
0x5bc0aa095632c76da0be9838d960da9a66fca30e,2,1,0.00593,0.00325,0,0.0,2026-01-16T17:49:13Z
0xac4297a5712edc053088d1563d69e30749fb35bc,4,3,0.00568,0.00243,0,0.0,2026-01-25T02:44:25Z
0xb3294f3dc6d908916bd4079d7598411d39467f1d,1,1,0.00526,0.00526,0,0.0,2026-01-26T21:29:03Z
0x09a80a434a3ea1e247dabc7ec979b7392f34b510,1,1,0.005,0.005,0,0.0,2026-02-01T03:26:33Z
0xbe061d84c50e156e2faa791228662e3b52c906e2,4,3,0.00495,0.00153,0,0.0,2026-06-20T11:19:29Z
0x9b65d1cf7db82b713c2cb44b913062f2db004577,4,3,0.00472,0.00185,0,0.0,2026-01-25T07:12:49Z
0x469e0cb994fe784ecaf642babfe7a272fb6ec149,1,1,0.00444,0.00444,0,0.0,2026-01-25T20:34:01Z
0x1be02d9cc6a2242da426d7af3e80b932b641b632,1,1,0.00439,0.00439,0,0.0,2026-02-28T05:37:19Z
0xabacfd4c6d2e21802910a7e667e6eff159602535,1,1,0.00439,0.00439,0,0.0,2026-01-24T13:01:51Z
0x9d33588ae198c31946857208d93da9f1d1b59904,1,1,0.00365,0.00365,0,0.0,2026-06-11T21:50:45Z
0xf09bc31983976740a3fb6415c349a2ed27400a09,2,1,0.00364,0.002,0,0.0,2026-01-15T01:57:17Z
0x2d0cff8ce17101b85f98452a504fc91d2aa8f888,3,3,0.0033,0.00135,0,0.0,2026-01-25T02:22:47Z
0xa011b705efac1fa71304474cd5066fa8db5e27b5,1,1,0.00295,0.00295,0,0.0,2026-01-16T07:26:23Z
0x66ca5489a8fefe67dc4431220d92ad96fda9481c,1,1,0.00281,0.00281,0,0.0,2026-01-09T04:27:55Z
0x99bd034d1608d3ad7720d06b678746a7df0491ad,2,1,0.00244,0.0014,0,0.0,2026-01-09T02:22:17Z
0xed2ee99b16859369d9b986d0074f065ecb7485b2,1,1,0.0023,0.0023,0,0.0,2026-01-09T04:17:49Z
0xe4465dc92f4ef8520ade747990d132c23f729697,1,1,0.0022,0.0022,0,0.0,2026-01-16T04:06:03Z
0x1add8b5b9db3fa81638a6c600075a47dfdc53746,2,1,0.00192,0.00115,0,0.0,2026-01-14T02:05:13Z
0xce8e97aa5ffd7e49dac5b660f39f3c4a38c4ca88,2,2,0.0019,0.001,0,0.0,2026-07-26T23:35:15Z
0x4fd6a0badfc1b1386988c184fc786325a5aa46b6,1,1,0.00183,0.00183,0,0.0,2026-03-05T01:28:07Z
0xdcc772fe63958dbc06afba24e0bbffc61bcb1e06,1,1,0.00169,0.00169,0,0.0,2026-06-17T13:08:21Z
0xcecaacdd987688ccdff15c775cba8e5ba63a8460,1,1,0.00135,0.00135,0,0.0,2026-05-27T22:23:27Z
0x4e109c180778855009d3b0196b242514e14692d1,1,1,0.00125,0.00125,0,0.0,2026-01-25T04:11:09Z
0xcb70d4cdd1f811b18b209cca81d3d5eea6ee68f1,2,1,0.00123,0.00068,0,0.0,2026-03-07T08:27:29Z
0x9820d5c720bf26ab1fb78bfa24f0b968b0d607dd,1,1,0.00123,0.00123,0,0.0,2026-03-02T08:18:51Z
0x30ecfc0af2c322e475ee0a2be8f21fff2721b3f1,1,1,0.00122,0.00122,0,0.0,2026-01-16T01:33:09Z
0x56be91c9b94e4b352c3698c7dd7d7edb8c58b4ce,1,1,0.00122,0.00122,0,0.0,2026-01-26T05:43:33Z
0xd2324d0179198edbfcd25282b44bf6e5e317242a,1,1,0.00122,0.00122,0,0.0,2026-02-03T14:11:59Z
0xdfaee3a5235a52993ced6044bd6156ee5d7a61b3,1,1,0.00122,0.00122,0,0.0,2026-03-27T18:43:25Z
0x4e3636884008f3fafc845431c3f320f6430265f7,1,1,0.00115,0.00115,0,0.0,2026-01-09T02:19:07Z
0x279f6980c409724d702db3edfacc3fc921039680,1,1,0.0011,0.0011,0,0.0,2026-06-02T19:53:21Z
0x59b4f414c9e50fd8c61d0508e7644657f7744591,1,1,0.0011,0.0011,0,0.0,2026-07-07T03:11:59Z
0x5b38b44af2cc4d826693e993377dfc40c089c186,1,1,0.0011,0.0011,0,0.0,2026-01-15T01:17:13Z
0xe5a87639dbaf2e44549f883e83526aef900537ee,1,1,0.0011,0.0011,0,0.0,2026-07-09T08:54:31Z
0x41a53bacdbf369377870d1377864e36176751e8d,1,1,0.00102,0.00102,0,0.0,2026-01-25T02:47:23Z
0xbb672bbe37c259e7d22b250d6f1310161eefaece,1,1,0.00076,0.00076,0,0.0,2026-01-09T01:47:09Z
0xe908c2d5613d24d49e376f19715c795db8e04f81,1,1,0.00075,0.00075,0,0.0,2026-03-07T16:04:53Z
0x2af66012cabd7a87513a21f01bf2846629631072,1,1,0.00061,0.00061,0,0.0,2026-02-24T07:44:39Z
0x9dce7e35640fb10696949a5e1fc8c8e0b511a994,1,1,0.00061,0.00061,0,0.0,2026-02-15T09:30:15Z
0xb25d62823202cfa1c7b7c639b0c4c678a55584f5,1,1,0.00061,0.00061,0,0.0,2026-05-16T04:12:37Z
0x23b07ad92fe2cbe42e50ccaedc35cf280a070d9b,1,1,0.00055,0.00055,0,0.0,2026-05-24T17:00:25Z
0x96eef8c1b0df7b4d9d19cf0c73a9dc80b5600a3b,1,1,0.00055,0.00055,0,0.0,2026-05-16T04:12:09Z
0x99a3fbd828e04247b826b9b016cab27592190d33,1,1,0.00055,0.00055,0,0.0,2026-06-18T03:36:37Z
0x9cdc885e2ed8eda44d9c777078fabedbd6e21021,1,1,0.00052,0.00052,0,0.0,2026-08-13T16:11:37Z
0x50d502b7301421fe89abeadfa492229d3e8d4812,1,1,0.0005,0.0005,0,0.0,2026-02-15T09:24:45Z
0x9cebab00592361e8648ba9fd3e6df7b4d8a32b23,1,1,0.0005,0.0005,0,0.0,2026-07-16T09:31:17Z
